<?xml version="1.0" encoding="utf-8"?>
<!DOCTYPE datafile PUBLIC "-//Logiqx//DTD ROM Management Datafile//EN" "http://www.logiqx.com/Dats/datafile.dtd">
<datafile>
	<header>
		<name>MAME - Update ROMs (v0.237 to v0.238)</name>
		<description>MAME - Update ROMs (v0.237 to v0.238)</description>
		<version></version>
		<author></author>
	</header>
	<machine name="3in1semia">
		<description>New HyperMan (3-in-1 with Cookie &amp; Bibi &amp; HyperMan) (set 2)</description>
		<year>1998</year>
		<manufacturer>SemiCom / XESS</manufacturer>
		<rom name="u52.bin" size="262144" crc="388334a8" sha1="93823917682f1658a443d23ceb58eafa530d1854" />
		<rom name="u74.bin" size="262144" crc="555ae716" sha1="9a3d7d81d7c6fb8443d263087bb7dca7bc3918b6" />
		<rom name="u75.bin" size="524288" crc="9d705249" sha1="99e0adca1f3f285692bf15c988b25d87f6b1dd90" />
		<rom name="u76.bin" size="524288" crc="b65f5d79" sha1="a9f19cf54f5ecdeca58f853f3053a686b89fea63" />
		<rom name="u77.bin" size="524288" crc="b9728be9" sha1="4ea7940f9d1d7c01cfcab92184b6513e4b0a83d7" />
		<rom name="u78.bin" size="131072" crc="aefad49e" sha1="246ea713eaaa6a01290eded36377437cb7e79fa8" status="baddump" />
	</machine>
	<machine name="48in1c">
		<description>48 in 1 MAME bootleg (ver 3.08, HPH-V000)</description>
		<year>2004</year>
		<manufacturer>bootleg</manufacturer>
		<rom name="48in1_hph_ver308.u2" size="524288" crc="5d42beb0" sha1="f21d1923b588cca1a6cd48a8ea6f3b5b996ebc1a" />
	</machine>
	<machine name="aa4">
		<description>Acorn A4</description>
		<year>1992</year>
		<manufacturer>Acorn Computers</manufacturer>
		<rom name="cmos_riscos3.bin" size="256" crc="96ed59b2" sha1="9dab30b4c3305e1142819687889fca334b532679" />
	</machine>
	<machine name="aa305">
		<description>Archimedes 305</description>
		<year>1987</year>
		<manufacturer>Acorn Computers</manufacturer>
		<rom name="0270,601-01.rom" size="131072" crc="29e2890b" sha1="2ccdbda7494824180426d66cd38659f6ee55a045" />
		<rom name="0270,602-01.rom" size="131072" crc="dd1e4893" sha1="2d39a5027fd164fd9409e38074c68731622406bb" />
		<rom name="0270,603-01.rom" size="131072" crc="985a8703" sha1="87376fba36757b311f6c4178c2ac04d8a4ad063a" />
		<rom name="0270,604-01.rom" size="131072" crc="f23e4c8d" sha1="27595da90d76d3b25b55e176e0688740c5ce39de" />
		<rom name="0276,322-01.rom" size="131072" crc="e6862d4c" sha1="13d8470f1cb2c1d15530bc7fa8a95ecc4a371cf3" />
		<rom name="0276,323-01.rom" size="131072" crc="a9aeb4cf" sha1="f37e744ba0e48861815683b24612b0dd69d6ea8b" />
		<rom name="0276,324-01.rom" size="131072" crc="7a175186" sha1="efdee41d9811b05a726af9ba135e0178bb1749e5" />
		<rom name="0276,325-01.rom" size="131072" crc="7a8811b8" sha1="7a6b5d7bb94ff5e2a31469ab024c8b2d4d295709" />
		<rom name="0277,022-02.rom" size="131072" crc="03bfe550" sha1="e4f3f1e37b84e716d75a32aa291a9189371daa1c" />
		<rom name="0277,023-02.rom" size="131072" crc="89ece77c" sha1="e1979a8d3586c006e3837ff721cfa5439e6394bc" />
		<rom name="0277,024-02.rom" size="131072" crc="2302db86" sha1="9fb3761571141bd51936daf03fa4f94fca177356" />
		<rom name="0277,025-02.rom" size="131072" crc="1546a0da" sha1="078ef64aa8a7196d0ee4bca9926a74ade0a36173" />
		<rom name="0283,022-01.rom" size="131072" crc="24291ebf" sha1="758adaf6f73b4041a680cdf9a0b2107da12ca5a0" />
		<rom name="0283,023-01.rom" size="131072" crc="44a134f1" sha1="2db7f06e692c3191b2e131d55a1cf997e226c7c6" />
		<rom name="0283,024-01.rom" size="131072" crc="997f42b6" sha1="779fcb13ce4107c27a003cdc848e8a5b7e039268" />
		<rom name="0283,025-01.rom" size="131072" crc="6335dba2" sha1="0e0631ee43acf3d005f24a4d5c11c5c60e6f29a2" />
		<rom name="cmos_arthur.bin" size="256" crc="4fc66ddc" sha1="f0eae9a535505d82ba3488ddb7895434df940d73" />
		<rom name="cmos_riscos2.bin" size="256" crc="1ecf3369" sha1="96163285797e0d54017d8d4ae87835328a4658bd" />
	</machine>
	<machine name="aa310">
		<description>Archimedes 310</description>
		<year>1987</year>
		<manufacturer>Acorn Computers</manufacturer>
		<rom name="0270,251-01.rom" size="524288" crc="023115a9" sha1="d3233f76d5750e04ef2bc39d5b2dfd96e6a03c45" />
		<rom name="0270,252-01.rom" size="524288" crc="6db01129" sha1="4b801dcce4d268d5e4c2680efa23acb29e4f907f" />
		<rom name="0270,253-01.rom" size="524288" crc="d749a9f2" sha1="c53c35b847d300989163f9e779590d1853e8adaf" />
		<rom name="0270,254-01.rom" size="524288" crc="5b13c523" sha1="b815bdf31dd99e5b4f2d99790cc28ee8cd907b43" />
		<rom name="0296,041-01.rom" size="524288" crc="b7499ef8" sha1="4ab53a53c531bfbecdd441c82d9f4c0517682dde" />
		<rom name="0296,041-02.rom" size="524288" crc="84185879" sha1="2740312b32e9cb8ca6cba9f7b33b68dc0dfab810" />
		<rom name="0296,042-01.rom" size="524288" crc="d55a854c" sha1="c9308cee92cca2a626d8577ec99485ad58b8da2a" />
		<rom name="0296,042-02.rom" size="524288" crc="c7584553" sha1="144f8f55f06d6d0752f2f989f4f5c7cec38a43ea" />
		<rom name="0296,043-01.rom" size="524288" crc="19bc549a" sha1="88b02bd3df94b56284ffad1c24fa140249b7cb63" />
		<rom name="0296,043-02.rom" size="524288" crc="ff5acf17" sha1="f9c9d4eb2f465b44353257594e631d0e3706f651" />
		<rom name="0296,044-01.rom" size="524288" crc="bf86f497" sha1="a200dca6dbee7c0be25a7e5363a6a3e6455a3bf3" />
		<rom name="0296,044-02.rom" size="524288" crc="e2a3480e" sha1="5b48e8b66ba86568e2225d60f34e201dd5f5d52a" />
		<rom name="0296,241-01.rom" size="524288" crc="3760f686" sha1="159792df6984f260b547fb23a9bba335e44a569e" />
		<rom name="0296,242-01.rom" size="524288" crc="bf45bbb7" sha1="20ce357266cdb53cb036b29259fceb2a90e6b69f" />
		<rom name="0296,243-01.rom" size="524288" crc="e6fe37fb" sha1="285fb7db691572ae3a7097e6ef1e3ec28aaef537" />
		<rom name="0296,244-01.rom" size="524288" crc="61112615" sha1="eb80811e7242f734b53cd900cbf697cc49789fa1" />
	</machine>
	<machine name="aa500d">
		<description>Acorn A500 Domesday Development System</description>
		<year>1986</year>
		<manufacturer>Acorn Computers</manufacturer>
		<rom name="a500_arthur_12_0.ic24" size="65536" crc="3d61a13c" sha1="90b70a30a81c22ba7510cfec62730f77d6c7414a" />
		<rom name="a500_arthur_12_1.ic25" size="65536" crc="829d2856" sha1="454847cafd9d6d37a756205e0109c3e8c463ab92" />
		<rom name="a500_arthur_12_2.ic26" size="65536" crc="a68bfab4" sha1="db55995aeb18a7d73a8beee3bc7388e23cd8a02d" />
		<rom name="a500_arthur_12_3.ic27" size="65536" crc="8c56de3f" sha1="a8b8d1d6638488fe2a328814ab4f2f4566b663b6" />
	</machine>
	<machine name="aa500">
		<description>Acorn A500 Development System</description>
		<year>1986</year>
		<manufacturer>Acorn Computers</manufacturer>
		<rom name="a500_riscos200_0.ic24" size="131072" crc="9afa7fca" sha1="a52f03e2ac3dd594fe0979c46d06601df5f690e7" />
		<rom name="a500_riscos200_1.ic25" size="131072" crc="4c0bd304" sha1="36fa1c7c3a634494912581b6a71e7dd4ccdfc514" />
		<rom name="a500_riscos200_2.ic26" size="131072" crc="e47e98d4" sha1="8430e0d9a4402c1a76c7c6d57826d914be49f130" />
		<rom name="a500_riscos200_3.ic27" size="131072" crc="e2c7d11d" sha1="fa2d763566f7166009c04166fe6d330644201014" />
		<rom name="a500_riscos206_0.ic24" size="131072" crc="60910286" sha1="9bede102207d45dda07b4282a4cc4b4d2212704a" />
		<rom name="a500_riscos206_1.ic25" size="131072" crc="3e1aaa54" sha1="c648c691e083117f9bb2459e4675401824a851b0" />
		<rom name="a500_riscos206_2.ic26" size="131072" crc="3ae4e522" sha1="030c6b2c0796655ad46732ce230b6f811f224684" />
		<rom name="a500_riscos206_3.ic27" size="131072" crc="8b60c990" sha1="976f2b24913866abef9c6751591c2355ab472f87" />
		<rom name="a500_ros310_rom0.ic24" size="524288" crc="ad8e0873" sha1="69a55e024a9f1f663b1bc0664d4d1631ed3899ee" />
		<rom name="a500_ros310_rom1.ic25" size="524288" crc="0be31dfc" sha1="c2a7aa6737931171507950025c3bc1008800e0f7" />
		<rom name="a500_ros310_rom2.ic26" size="524288" crc="081c5825" sha1="e42a356bfaa77a81ee9e7e2a8d58ff0f301583c2" />
		<rom name="a500_ros310_rom3.ic27" size="524288" crc="c9bd793b" sha1="534428a338b10d49b4fc2d9d6ab4c2463e3c3db5" />
	</machine>
	<machine name="aa680">
		<description>Acorn A680 UNIX Evaluation System</description>
		<year>1988</year>
		<manufacturer>Acorn Computers</manufacturer>
		<rom name="0274,200-c_boot_rom_0.ic150" size="131072" crc="b04c206c" sha1="9f83c20ba738c3a7dc63ded45151108fd75975bd" />
		<rom name="0274,201-c_boot_rom_1.ic151" size="131072" crc="baf57404" sha1="cf4ea48007f57f4e7d7ac3ae782d462fa34d04bf" />
		<rom name="0274,202-c_boot_rom_2.ic152" size="131072" crc="c9adf722" sha1="77c613c6b1b4bd49069a18713166ca8d1c926e02" />
		<rom name="0274,203-c_boot_rom_3.ic153" size="131072" crc="a5d9eb4b" sha1="2c521c7500dae27d4192067c3e4758180699f0eb" />
	</machine>
	<machine name="arc_a448b" isdevice="yes" runnable="no">
		<description>Armadillo Systems A448b Stereo MIDI Sound Sampler</description>
		<rom name="a448b_midi.rom" size="16384" crc="864f7967" sha1="125b5a505498d91ca049f95fd05e693b2396bda6" />
	</machine>
	<machine name="arc_a448" isdevice="yes" runnable="no">
		<description>Armadillo Systems A448 Sound Sampler</description>
		<rom name="a448.rom" size="4096" crc="e1988e76" sha1="8140e9cf82dc67324963766d33efd5c8ad6d53f8" />
	</machine>
	<machine name="arc_armadeus" isdevice="yes" runnable="no">
		<description>Clares Armadeus Sampler Board</description>
		<rom name="sound_sampler_issue_0.20.rom" size="2048" crc="dc41cfd9" sha1="6129d91bcd21bdab75f1293f9daa7612feaffc4b" />
	</machine>
	<machine name="arc_bbcio_aga30" isdevice="yes" runnable="no">
		<description>Acorn AGA30 BBC I/O Podule</description>
		<rom name="morleyio_v2.01.bin" size="16384" crc="b149f631" sha1="ed8d0caa478f030e11348b23e915897f27dcf153" />
	</machine>
	<machine name="arc_bbcio_aka10" isdevice="yes" runnable="no">
		<description>Acorn AKA10 BBC I/O Podule</description>
		<rom name="0276,202-01_io.bin" size="16384" crc="fc1d61d0" sha1="4c3de606de594c8f6ed236ffa19374c76e307226" />
		<rom name="0276,202-02_io.bin" size="16384" crc="d548b4dc" sha1="22e1f1a0adf896f08b1e1d487aa24141296aa127" />
		<rom name="0276,202-03_io.bin" size="16384" crc="f4df6587" sha1="2c0402cd754ebeb1e1fe750dc8a88a2acc1ea06d" />
	</machine>
	<machine name="arc_bbcio_we" isdevice="yes" runnable="no">
		<description>Watford Electronics BBC User I/O Card</description>
		<rom name="a3000_io-1.01.bin" size="16384" crc="a432bdcd" sha1="05c79e38707e406eed23cec6b3d2730e8fe550e8" />
	</machine>
	<machine name="arc_eaglem2" isdevice="yes" runnable="no">
		<description>Wild Vision/Computer Concepts Eagle M2</description>
		<rom name="eagle.rom" size="131072" crc="9d9fa2e9" sha1="b3633b8e1d58f59f5894d14a737c69b6d9d5d46d" />
	</machine>
	<machine name="arc_ether1_aka25" isdevice="yes" runnable="no">
		<description>Acorn AKA25 Ethernet</description>
		<rom name="27ls19.bin" size="32" crc="e034ae68" sha1="9a9404028d166d9cbb466513f514be5d3ea77956" />
	</machine>
	<machine name="arc_etherd" isdevice="yes" runnable="no">
		<description>Digital Services Ethernet Podule</description>
		<rom name="dsle3a-2.00.rom" size="131072" crc="123a04b9" sha1="e972c1ab2ccfd20a6e5321549d555f8ae14e12f9" />
	</machine>
	<machine name="arc_etherr" isdevice="yes" runnable="no">
		<description>RISC Developments Ethernet Card</description>
		<rom name="etherr_1.06.rom" size="131072" crc="7b214fda" sha1="a8045e3749fbf24e721e84e57acb68753fa46428" />
	</machine>
	<machine name="arc_faxpack" isdevice="yes" runnable="no">
		<description>Computer Concepts FaxPack Modem</description>
		<rom name="faxpack_3873.rom" size="32768" crc="4bb7a925" sha1="bbd1c4560c3bde1e61f81ae6505cd5d4658c6cb8" />
	</machine>
	<machine name="arc_ide_be" isdevice="yes" runnable="no">
		<description>Baildon Electronics IDE HD Interface</description>
		<rom name="ide1_be_2.02.rom" size="8192" crc="36d76e00" sha1="25547b793d935ee44109ff9ac6ff4be010cdc33d" />
		<rom name="ide1_sfps_1.13.rom" size="8192" crc="ef1dddff" sha1="430432e6611b22da9c4fc1b03a986b08a120808b" />
		<rom name="ide1_sfps_1.14.rom" size="8192" crc="26761c5d" sha1="eb42f98ac7708b08faf1bba2840bef0ccdffbc20" />
		<rom name="ide1_zidefs_1.10.rom" size="8168" crc="581fa41c" sha1="f7d13fce76dbe7ac9a27fc7e4a859161bb98a9b5" />
	</machine>
	<machine name="arc_ide_rdev" isdevice="yes" runnable="no">
		<description>RISC Developments IDE Hard Disc System</description>
		<rom name="ide_1.24_riscdev.bin" size="32768" crc="53bc8e72" sha1="84e5d31d631b69401c47ef1ce91f11f1bb317597" />
	</machine>
	<machine name="arc_iomidi_aka15" isdevice="yes" runnable="no">
		<description>Acorn AKA15 MIDI and BBC I/O Podule</description>
		<rom name="0276,211-01_iomidi.bin" size="16384" crc="e85a77c5" sha1="32e990c435b439d4a169e85a009fc6a864121c3f" />
	</machine>
	<machine name="arc_lark" isdevice="yes" runnable="no">
		<description>Wild Vision/Computer Concepts Lark A16</description>
		<rom name="lark.rom" size="131072" crc="9bb6cb99" sha1="f0b2ba52d0069dfe00a7ba66fba23e0eb2346d8c" />
	</machine>
	<machine name="arc_lbp4" isdevice="yes" runnable="no">
		<description>Computer Concepts LaserDirect (Canon LBP-4)</description>
		<rom name="lbp-4.rom" size="32768" crc="f21b8089" sha1="07503fa6d29d34cc4ceb972296c9bd178085e412" />
	</machine>
	<machine name="arc_midi_aka16" isdevice="yes" runnable="no">
		<description>Acorn AKA16 MIDI Podule</description>
		<rom name="0276,281-01_midi-pod.rom" size="16384" crc="c09ae053" sha1="e0e63e0b44d3eba805aea9d2103ab35ea93e8c1c" />
		<rom name="0276,281-02_midi-pod_v3.03.rom" size="16384" crc="1833afdd" sha1="beb86b74bf6a9c9caf10f57e326cc539ffe9624b" />
		<rom name="millipede_mod_8-1-98.rom" size="16384" crc="729b9d61" sha1="f6ad28d3cf9a14af3c103f9fae74795f539f24e8" />
	</machine>
	<machine name="arc_midimax" isdevice="yes" runnable="no">
		<description>Wild Vision MidiMax</description>
		<rom name="midimax.rom" size="65536" crc="62d8a431" sha1="8c291082d9e8a8533a4f3b59da857813aa357ecb" />
	</machine>
	<machine name="arc_nexus_a500" isdevice="yes" runnable="no">
		<description>SJ Research Nexus Interface (A500)</description>
		<rom name="a500_2.24.bin" size="32768" crc="5d857330" sha1="4d1c8cf82fddde1e0772c475da1b3283986aa7d3" />
	</machine>
	<machine name="arc_rom_aka05" isdevice="yes" runnable="no">
		<description>Acorn AKA05 ROM Podule</description>
		<rom name="0276,221-02_manager.bin" size="16384" crc="23ec4ddb" sha1="e699157895433010b1ea110c78fbc80a4bc58f09" />
	</machine>
	<machine name="arc_rs423" isdevice="yes" runnable="no">
		<description>Archimedes Dual RS423 Serial Interface</description>
		<rom name="iidual_id.rom" size="32768" crc="ae113882" sha1="eb97839cd66dce33598aed90ac2f0624de1aa60d" />
	</machine>
	<machine name="arc_scanjunior" isdevice="yes" runnable="no">
		<description>Computer Concepts ScanLight Junior</description>
		<rom name="scan-light_jr.rom" size="32768" crc="bf1b8268" sha1="3c63f8379d8fc222fc57838a9384ecec7c5d2484" />
	</machine>
	<machine name="arc_scanlight" isdevice="yes" runnable="no">
		<description>Computer Concepts ScanLight</description>
		<rom name="scan-light.rom" size="32768" crc="6ba1764b" sha1="fa69fb69e01553b27409b65a37d3d30a376e7380" />
	</machine>
	<machine name="arc_scanvideo" isdevice="yes" runnable="no">
		<description>Computer Concepts ScanLight Video 256</description>
		<rom name="video256_1.20.rom" size="65536" crc="3e9a44b8" sha1="9fe739b42c5bf5dab69e3c1ffb1c3c5a5d8d7a50" />
	</machine>
	<machine name="arc_scsi_vti" isdevice="yes" runnable="no">
		<description>VTI User Port and SCSI Podule</description>
		<rom name="vti_up_powerrom.bin" size="65536" crc="7ec5854c" sha1="eb20b1369964cfaee156ba1fc3636997407cc7ba" />
	</machine>
	<machine name="arc_serial" isdevice="yes" runnable="no">
		<description>Atomwide Serial Expansion Card</description>
		<rom name="atomwide_serial.rom" size="65536" crc="2dcf3b28" sha1="c100cc4f5e3d87233e6db6a1da04ac7c19ac2357" />
	</machine>
	<machine name="arc_upa_hccs" isdevice="yes" runnable="no">
		<description>HCCS User/Analogue Podule</description>
		<rom name="upa_v7.00.bin" size="32768" crc="e4d5514e" sha1="1a5d5c2571624df6fbeff91045c5b40effeda1d9" />
	</machine>
	<machine name="arc_upmidi_aka12" isdevice="yes" runnable="no">
		<description>Acorn AKA12 User Port/MIDI Podule</description>
		<rom name="0280,320-02_a3000_upm.bin" size="16384" crc="3f0f5794" sha1="4e0e2cf2586c8f2fc1431458f677a45164749ab2" />
	</machine>
	<machine name="avsp">
		<description>Alien vs. Predator (Euro 940520)</description>
		<year>1994</year>
		<manufacturer>Capcom</manufacturer>
		<rom name="avp.14m" size="1048576" crc="39933b1e" sha1="911754d8930e0df71a3d929e4bc80f9efb9ad1ff" />
		<rom name="avp.16m" size="1048576" crc="85412860" sha1="25595161500eae9c9b329ca37a4b306ab8b96430" />
		<rom name="avp.18m" size="1048576" crc="2e2beb06" sha1="0de6bdca37a4ac05568b23cb071c66f51f737c08" />
		<rom name="avp.20m" size="1048576" crc="e4798d1a" sha1="7c90a9b98eba9b26992d3d02875b64431b941c24" />
	</machine>
	<machine name="cowboya" ismechanical="yes">
		<description>Cowboy Eight Ball (set 2)</description>
		<year>1981</year>
		<manufacturer>LTD</manufacturer>
		<rom name="cowboy3a.bin" size="4096" crc="48278d77" sha1="4102a2be10b48d0edb2b636e10696cbb2cd3a4c4" />
	</machine>
	<machine name="ctk2100">
		<description>CTK-2100</description>
		<year>2009</year>
		<manufacturer>Casio</manufacturer>
		<rom name="ctk2100.ic2" size="2097152" crc="daf62f81" sha1="4edc76ea04b59090d02646d92f9fc635a43140e9" />
	</machine>
	<machine name="dmainevent" ismechanical="yes">
		<description>Main Event (Destron)</description>
		<year>1983</year>
		<manufacturer>Destron</manufacturer>
		<rom name="destron_main_evn_ver_2.1_6-27-83_rev_0-1_2732.u9" size="4096" crc="51b1762d" sha1="5387af9b7d7c326b61a6dd3b2515a8e571b0d88c" />
	</machine>
	<machine name="f387x">
		<description>F387X PEP System</description>
		<year>1979</year>
		<manufacturer>Fairchild Instrument &amp; Camera Corporation</manufacturer>
		<rom name="pepbug.u16" size="2048" crc="de05ac6d" sha1="220281a7016aae785417bbfe8383c76f72f8fac2" />
	</machine>
	<machine name="fnf">
		<description>The Fast And The Furious (v3.06)</description>
		<year>2014</year>
		<manufacturer>Raw Thrills</manufacturer>
		<rom name="1.0.4_4m.bin" size="131072" crc="73f0420b" sha1="4821d21d2c75084062cb1047eb08b1b3ab2424e1" />
		<rom name="1.2.2_4m.bin" size="131072" crc="43d5b4c8" sha1="6307050961da5d647ca2fa787fd67c5ac9c690c9" />
	</machine>
	<machine name="fowling">
		<description>Fowling</description>
		<year>1989</year>
		<manufacturer>bootleg (Elektronika)</manufacturer>
		<rom name="fowling.svg" size="117838" crc="7de707c6" sha1="c876ea16bd8af033086e2e20860d2e1d09296d59" />
	</machine>
	<machine name="grudge">
		<description>Grudge Match (v00.90, prototype)</description>
		<year>1987</year>
		<manufacturer>Bally Midway</manufacturer>
		<rom name="ab4.9a.romab4" size="32768" crc="2dddb371" sha1="fbe53a78fb17e5dc17bf6a475a170b850e63cdb6" />
	</machine>
	<machine name="houseball" ismechanical="yes">
		<description>House Ball</description>
		<year>1989</year>
		<manufacturer>Olakoa</manufacturer>
		<rom name="g.r.61156_st62e65b.u10" size="4096" crc="becdf495" sha1="2b57f10bb7accea559c2c44d53d9a6f58aac20a9" />
		<rom name="tibpal16l8.u4" size="260" crc="5d0024d4" sha1="8e0425ca1f47c8a2e3376f0c78b3692bce3e0341" />
	</machine>
	<machine name="lwriter">
		<description>LaserWriter</description>
		<year>1985</year>
		<manufacturer>Apple Computer</manufacturer>
		<rom name="342-0081a_l0.bin" size="65536" crc="a76c91df" sha1="c62ef2ede8ce7ba92ec75b3fcb3ddbb288fe235b" />
		<rom name="342-0082a_h0.bin" size="65536" crc="3342d008" sha1="bc01749bd9a9bc129a4100ee64e09a428b0619c1" />
		<rom name="342-0083a_l1.bin" size="65536" crc="8569fb1e" sha1="0e004f649078949d5c70d6b92774e4696f3f3cd4" />
		<rom name="342-0084a_h1.bin" size="65536" crc="a4d939bf" sha1="1585d5e651349f2857d8934cfda85fc4012c2c91" />
		<rom name="342-0085a_l2.bin" size="65536" crc="a77e5efc" sha1="73b60da77d433d97ecbe9e28558836da8c1cc259" />
		<rom name="342-0086a_h2.bin" size="65536" crc="5cf037a1" sha1="1ea7177fa11ecdd02b794144c182de0836eb4110" />
		<rom name="342-0087a_l3.bin" size="65536" crc="8186bd91" sha1="4e3623efc4926be8d6182b702642bf634ae23f82" />
		<rom name="342-0088a_h3.bin" size="65536" crc="ecf425ec" sha1="353c957a16edf8d3a685c1c8bfe896e26d4a15ed" />
	</machine>
	<machine name="lwriterplus">
		<description>LaserWriter Plus</description>
		<year>1986</year>
		<manufacturer>Apple Computer</manufacturer>
		<rom name="e0.bin" size="65536" crc="9df59887" sha1="ffb720cd1067cbbc3b2404bb9e77cc1ce768064a" />
		<rom name="e1.bin" size="65536" crc="660a977b" sha1="c1257d87ddee6485dbf49b0c8da11b38947a0932" />
		<rom name="e2.bin" size="65536" crc="3ae6e11b" sha1="a95e29abd808041bc00851a2dde1bb0951eb787d" />
		<rom name="e3.bin" size="65536" crc="ae91d2a2" sha1="84b449d984ab539aef13ece4a0093fff041bd5e3" />
		<rom name="e4.bin" size="65536" crc="987d6796" sha1="29a916eb76c953ec0b11b68b4b38dedb305d0c54" />
		<rom name="e5.bin" size="65536" crc="b4ce7883" sha1="ef93d2ab821fe30ab78d749584656772fd95c42d" />
		<rom name="e6.bin" size="65536" crc="0b2e9058" sha1="3ac9e02e70ef9bf1c732efe5912eac0a2fb58a35" />
		<rom name="e7.bin" size="65536" crc="07a5548e" sha1="23b90b5e2dbaf5fa6a78929033e40c8ded919bad" />
		<rom name="f0.bin" size="65536" crc="d971aeef" sha1="5d9a4cebdeab7bc87f6f1f821a95bfb5ad2ea252" />
		<rom name="f1.bin" size="65536" crc="5216141e" sha1="6c53955cdc121ee5bee042a0582e31872c8707a9" />
		<rom name="f2.bin" size="65536" crc="8947a995" sha1="d7f4e2c1ce4f66cb55dd09c6fb876ac765ffca28" />
		<rom name="f3.bin" size="65536" crc="ca23252f" sha1="85714dd8716a1971c31a0609b8726a23f9d15cfc" />
		<rom name="f4.bin" size="65536" crc="5ad31e1b" sha1="90310fa158986ae88adec6de1d2a72a2ff161699" />
		<rom name="f5.bin" size="65536" crc="c687c0ab" sha1="22e757fa46860b9ee4e97883b884084beb0f9f78" />
		<rom name="f6.bin" size="65536" crc="3f60a380" sha1="d18cd39bb253054807c92f9fbbd756b460b7be5b" />
		<rom name="f7.bin" size="65536" crc="82478865" sha1="e6d56e04a586a646ef44bc15460572e8f7a4b602" />
	</machine>
	<machine name="marqueen" ismechanical="yes">
		<description>Martian Queen</description>
		<year>1981</year>
		<manufacturer>LTD</manufacturer>
		<rom name="mqueen.bin" size="2048" crc="cb664001" sha1="00152f89e58bc11567a8de32ccaaa47146dace0d" status="baddump" />
	</machine>
	<machine name="mbossy" ismechanical="yes">
		<description>Mike Bossy</description>
		<year>1982</year>
		<manufacturer>Game Plan</manufacturer>
		<rom name="mb_a.716" size="2048" crc="a811f936" sha1="f44fed7acd26a621f105925d52405e985d0b5e5d" />
		<rom name="mb_b.716" size="2048" crc="75ec7247" sha1="10fa1e3ac2adbd7b24744a4fb0149bcc74df6b4c" />
		<rom name="mb_c.716" size="2048" crc="75dc73c4" sha1="79fadec7650a1419f47b22875dee6f678114b439" />
	</machine>
	<machine name="mirninjaa">
		<description>Mirai Ninja (Japan, set 2)</description>
		<year>1988</year>
		<manufacturer>Namco</manufacturer>
		<rom name="mn1_mpr0" size="65536" crc="6d061fd6" sha1="42d197edc8c8020dc5020ddb187bac6625acc41f" />
		<rom name="mn1_mpr1" size="65536" crc="2ece6323" sha1="1769b0a05e657dcf271f25f4be7452811af6691f" />
	</machine>
	<machine name="monkeygk">
		<description>Monkey Goalkeeper</description>
		<year>1989</year>
		<manufacturer>bootleg (Elektronika)</manufacturer>
		<rom name="monkeygk.svg" size="131901" crc="85811308" sha1="288aa41bade08c61e0d346b9c1109179564e34ed" />
	</machine>
	<machine name="monsterza">
		<description>Monster Zero (set 2)</description>
		<year>1982</year>
		<manufacturer>Nihon Game</manufacturer>
		<rom name="b-5.f1" size="4096" crc="43be6f5b" sha1="18fe89839187de7aa76597d391677b45521d679d" />
		<rom name="b-6.k1" size="4096" crc="a21ae2f6" sha1="71695265de1fcb635d4260ccb129b652f003a7d2" />
	</machine>
	<machine name="mushik2k">
		<description>Mushiking The King Of Beetles - Mushiking II / III / III+ (Ver. 1.000-) (Korea)</description>
		<year>2005</year>
		<manufacturer>Sega</manufacturer>
		<rom name="fpr-24355.ic8" size="67108864" crc="8bd89229" sha1="912fd2707573cefbbaa41e586a394d124f5afeba" />
		<rom name="fpr-24356.ic9" size="67108864" crc="ed649c81" sha1="79a489728dbe16eb01080d1dcc6cfa2594c81318" />
	</machine>
	<machine name="mushikc">
		<description>Mushiking The King Of Beetle (2K3 2ND Ver. 1.000-, China)</description>
		<year>2004</year>
		<manufacturer>Sega</manufacturer>
		<rom name="ic8.bin" size="67108864" crc="5edc61fb" sha1="039a6cc27512c93eaea3f5fc88e1c710f550446b" />
	</machine>
	<machine name="mvme120" isdevice="yes" runnable="no">
		<description>Motorola MVME-120</description>
		<rom name="12xbug-1.1-u44.bin" size="16384" crc="bf4d6cf1" sha1="371bb55611eddeb6231a92af7c1e34d4ec0321b5" />
		<rom name="12xbug-1.1-u52.bin" size="16384" crc="76fabe32" sha1="2f933d0eb46d00db0051ce23c3e53ccef75a2c69" />
		<rom name="12xbug-2.0-u44.bin" size="16384" crc="87d62dac" sha1="c57eb9f8aefe29794b8fc5f0afbaff9b59d38c73" />
		<rom name="12xbug-2.0-u52.bin" size="16384" crc="5651b61d" sha1="0d0004dff3c88b2f0b18951b4f2acd7f65f701b1" />
	</machine>
	<machine name="osa_sparc" isdevice="yes" runnable="no">
		<description>Sparc</description>
		<rom name="sm16b_518.u2" size="65536" crc="b2274cf5" sha1="d04f41fa1f61439a4655003398f3ae27c2d06f82" />
		<rom name="sm16b_518.u3" size="65536" crc="29426d9e" sha1="ad14f6f2f3e6460d834382faeab78dca9ceb2a63" />
		<rom name="sm16b_518.u4" size="65536" crc="7ac37299" sha1="36f95520fbc9dfed2078d848bf6c3cc7c5823895" />
		<rom name="sm16b_518.u5" size="65536" crc="cee97a8f" sha1="541d9d3ee469bacb5a4c537f443836a684e5d168" />
	</machine>
	<machine name="popn1">
		<description>Pop'n Music 1 (ver TA-A, HDD 1.01)</description>
		<year>1998</year>
		<manufacturer>Konami</manufacturer>
		<rom name="803j_a02.8a" size="524288" crc="17e90be0" sha1="8857d46d63b7cd97aed5c7a5cf804fe5311255ac" />
		<rom name="803t_a01.6a" size="524288" crc="e85032bc" sha1="625ac755a77a861ecede766d77fbecb29683844b" />
	</machine>
	<machine name="positron">
		<description>Positron 9000</description>
		<year>1982</year>
		<manufacturer>Positron Computers Ltd</manufacturer>
		<rom name="os9_1_0007.bin" size="8192" crc="63f0fb57" sha1="7c50c0cbc7c0dbaf8da186ccb474d263f71416ea" />
		<rom name="os9_2_0007.bin" size="8192" crc="63380de9" sha1="53a58f7c60ebbbc294d94c406ec0fc6c5cb0fb7b" />
		<rom name="os9_3_0007.bin" size="8192" crc="62d47630" sha1="3719f4fb8ebc8cc64c37702f34532f76178a94d7" />
		<rom name="os9_4_0007.bin" size="8192" crc="19f73846" sha1="525aa101b34f03a5c312ec5aad7c1b9062fe9284" />
		<rom name="os9_5_0007.bin" size="8192" crc="f6a24c1d" sha1="443de539deeec5785872b295dab8d93acd60d19c" />
	</machine>
	<machine name="rbowlorama">
		<description>Rockin' Bowl-O-Rama (v2.1.1)</description>
		<year>2008</year>
		<manufacturer>Namco / Cosmodog</manufacturer>
		<rom name="bor-2.0.5.00000.upd" size="1176" crc="197aa4ee" sha1="dcd3cfc34613909de85c980e83c8af3e9868b66a" />
		<rom name="bor-2.0.5.pak" size="134926674" crc="c7445c37" sha1="f5634876302f1d8619e2e3aedfe56edf83e65cfd" />
		<rom name="bor-2.1.1.00000.xpk" size="50135040" crc="eac46f62" sha1="3b00baad15ab7662b3d4cd69c4d589f722f2e1f7" />
		<rom name="p4m8p478.rom" size="524288" crc="a43b33c6" sha1="1633273f9f06862b63aeb10899006b10fab4f4af" />
	</machine>
	<machine name="spcpoker" ismechanical="yes">
		<description>Space Poker</description>
		<year>1981</year>
		<manufacturer>LTD</manufacturer>
		<rom name="spoker.bin" size="2048" crc="98918b19" sha1="b1bb3f408dae9fc77d396894c3c4ef08bce8c345" status="baddump" />
	</machine>
	<machine name="ssf2us2">
		<description>Super Street Fighter II: The New Challengers Super 2 (USA 930911)</description>
		<year>1993</year>
		<manufacturer>bootleg</manufacturer>
		<rom name="gal_1_super2.bin" size="279" crc="0ff45f24" sha1="a73443ff7943b5c4e9220fcd6fde235a0aa100ad" />
		<rom name="super stf 2 super ii rom-07 usa" size="524288" crc="460df588" sha1="3f20d4ac509d03b276752c1f777178a7234ff821" />
		<rom name="super stf 2 super ii rom-08 usa" size="524288" crc="d48d35c9" sha1="daa54f2ae6f5015330195aa6f568442bc777beb7" />
	</machine>
	<machine name="stop">
		<description>Stop</description>
		<year>19??</year>
		<manufacturer>unknown</manufacturer>
		<rom name="m2732.bin" size="4096" crc="a596988b" sha1="1b1a2028b6c4644cc942e46fad764b34173d25d0" />
	</machine>
	<machine name="tmnt_101" ismechanical="yes">
		<description>Teenage Mutant Ninja Turtles (1.01)</description>
		<year>1991</year>
		<manufacturer>Data East</manufacturer>
		<rom name="tmntb5a.101" size="16384" crc="42ae083d" sha1="0dd62dd7e3cd5db1729cec30e1831093bc63ce6e" />
		<rom name="tmntc5a.101" size="32768" crc="24ba0267" sha1="8e157faa1ade6a1d9f9b6d395d708cfa521597b3" />
		<rom name="tmntdspa.103" size="65536" crc="d52a7d49" sha1="9249aafe272a052d19f1dd461708e8152516f79f" />
	</machine>
	<machine name="tr808">
		<description>TR-808 Rhythm Composer</description>
		<year>1980</year>
		<manufacturer>Roland</manufacturer>
		<rom name="d650c-085.ic4" size="2048" crc="06f0c405" sha1="eddac7af6396c3f220914d9cad2c9e398872b034" />
	</machine>
</datafile>