<?xml version="1.0" encoding="utf-8"?>
<!DOCTYPE datafile PUBLIC "-//Logiqx//DTD ROM Management Datafile//EN" "http://www.logiqx.com/Dats/datafile.dtd">
<datafile>
	<header>
		<name>MAME - Update CHDs (v0.237 to v0.238)</name>
		<description>MAME - Update CHDs (v0.237 to v0.238)</description>
		<version></version>
		<author></author>
	</header>
	<machine name="aa4">
		<description>Acorn A4</description>
		<year>1992</year>
		<manufacturer>Acorn Computers</manufacturer>
		<disk name="riscos311_apps" sha1="d69e2fb15d82f83d32786a29dd3321a37a9dbb36" />
	</machine>
	<machine name="fnf">
		<description>The Fast And The Furious (v3.06)</description>
		<year>2014</year>
		<manufacturer>Raw Thrills</manufacturer>
		<disk name="faf3.06d1" sha1="681ab1258349e5ceb690606e6697e5b957016446" />
		<disk name="faf3.06d2" sha1="183664482f6665adffc74d69e28338da740443c5" />
		<disk name="faf306" sha1="2aefe396a79e3328f58ae5e4ccda0041af1b4a1a" />
	</machine>
	<machine name="guitarheroac">
		<description>Guitar Hero Arcade (v1.0.5)</description>
		<year>2008</year>
		<manufacturer>Raw Thrills (Activision / Konami licensed)</manufacturer>
		<disk name="slax_restore_dvd_ver.1.0.5" sha1="c063c0032bf88e4ec7a3b973323e9c84a231079a" />
	</machine>
	<machine name="rbowlorama">
		<description>Rockin' Bowl-O-Rama (v2.1.1)</description>
		<year>2008</year>
		<manufacturer>Namco / Cosmodog</manufacturer>
		<disk name="bor2_2_1" sha1="2c9341b81e1cda94231fb8173b506178bf163f9c" />
		<disk name="namco_bowling" sha1="138971fa22ba5a4f0e78daad989d444ebb072213" status="baddump" />
	</machine>
</datafile>