<?xml version="1.0" encoding="utf-8"?>
<!DOCTYPE datafile PUBLIC "-//Logiqx//DTD ROM Management Datafile//EN" "http://www.logiqx.com/Dats/datafile.dtd">
<datafile>
	<header>
		<name>apple2gs_flop_orig</name>
		<description>Apple IIgs 3.5" original disks</description>
		<version></version>
		<author></author>
	</header>
	<machine name="kquest2">
		<description>King's Quest II (Version 2.0A)</description>
		<year>1987</year>
		<publisher>Sierra On-Line</publisher>
		<rom name="king's quest ii iigs - disk 1.woz" size="1312707" crc="df46df6b" sha1="bc29f617b36e77f064f13b371db1a0ed6e8cc1de" />
		<rom name="king's quest ii iigs - disk 2.woz" size="1312707" crc="23294f32" sha1="e0e383b140d7eafd3b94faeb12074564a8d0a24b" />
	</machine>
	<machine name="sltroyal">
		<description>Solitaire Royale (Version 1.0)</description>
		<year>1989</year>
		<publisher>Spectrum Holobyte</publisher>
		<rom name="solitaire royale iigs.woz" size="1361746" crc="0a8a99ba" sha1="e3693a5d5f3534b4eb1a7ccc6ab8e96463fa0a28" />
	</machine>
</datafile>