<?xml version="1.0" encoding="utf-8"?>
<!DOCTYPE datafile PUBLIC "-//Logiqx//DTD ROM Management Datafile//EN" "http://www.logiqx.com/Dats/datafile.dtd">
<datafile>
	<header>
		<name>apple2_flop_orig</name>
		<description>Apple II 5.25" original disks</description>
		<version></version>
		<author></author>
	</header>
	<machine name="bcryr86">
		<description>Bureaucracy (Release 86 / 870212)</description>
		<year>1987</year>
		<publisher>Infocom</publisher>
		<rom name="bureaucracy r86 side a.woz" size="234807" crc="21a0c5d8" sha1="5a305278c0a57485e12fddf32d76219c331d5c59" />
		<rom name="bureaucracy r86 side b.woz" size="234707" crc="ac7640fa" sha1="6a8e1a9839d0b5a27c71d6e1861b536f10637e13" />
	</machine>
	<machine name="bdzoner9">
		<description>Border Zone (Release 9 / 871008)</description>
		<year>1987</year>
		<publisher>Infocom</publisher>
		<rom name="border zone r9 side a.woz" size="234787" crc="41e004d2" sha1="d51299ead918a772c17a0a5de52e2cefe378ad97" />
		<rom name="border zone r9 side b.woz" size="234760" crc="37ffb287" sha1="6b90d08d5c9acb5ed411ddf3bb5eb3810174cf8b" />
	</machine>
	<machine name="bzorkr49">
		<description>Beyond Zork (Release 49 / 870917)</description>
		<year>1987</year>
		<publisher>Infocom</publisher>
		<rom name="beyond zork r49 side a.woz" size="234797" crc="51ae5344" sha1="b7209c2942827b81ad5e22683200e461ae06b27d" />
		<rom name="beyond zork r49 side b.woz" size="234797" crc="f76b20d0" sha1="9f8019b8d06d9a5fdea83588dd3286ade459c0b6" />
	</machine>
	<machine name="bzorkr57">
		<description>Beyond Zork (Release 57 / 871221)</description>
		<year>1987</year>
		<publisher>Infocom</publisher>
		<rom name="beyond zork r57 side a.woz" size="241480" crc="b6f594e5" sha1="a6624490c681bd90b8341cd34d91373a66e98406" />
		<rom name="beyond zork r57 side b.woz" size="234824" crc="3dbad712" sha1="a7e28a5e5030de3c50daeb8d383b342fe88f9812" />
	</machine>
	<machine name="genesis">
		<description>Genesis</description>
		<year>1983</year>
		<publisher>Datasoft</publisher>
		<rom name="genesis.woz" size="88367" crc="21107442" sha1="f3061301b932789a3fbba20f9184fa41527694d6" />
	</machine>
	<machine name="hhgtgr31">
		<description>The Hitchhiker's Guide to the Galaxy (Release 31 / 871119)</description>
		<year>1984</year>
		<publisher>Infocom</publisher>
		<rom name="the hitchhiker's guide to the galaxy r31 side a.woz" size="234837" crc="6cc3a93e" sha1="ba5eda42241d96f06d3be06d29bba1ed9cd6ca36" />
		<rom name="the hitchhiker's guide to the galaxy r31 side b.woz" size="228181" crc="ba77d270" sha1="74d52854e0d594dbec9eaaa6adc5b7d7d19f04f8" />
	</machine>
	<machine name="hhgtgr56">
		<description>The Hitchhiker's Guide to the Galaxy (Release 56 / 841221)</description>
		<year>1984</year>
		<publisher>Infocom</publisher>
		<rom name="the hitchhiker's guide to the galaxy r56.woz" size="234852" crc="befe62e7" sha1="c76fdb640ef34a53b42680f20e698b764dac58d1" />
	</machine>
	<machine name="hhgtgr58">
		<description>The Hitchhiker's Guide to the Galaxy (Release 58 / 851002)</description>
		<year>1984</year>
		<publisher>Infocom</publisher>
		<rom name="the hitchhiker's guide to the galaxy r58.woz" size="234835" crc="c80599cb" sha1="80bbad206eb1a6eb000105018b5f40da14503ca5" />
	</machine>
	<machine name="kiludead">
		<description>Killed Until Dead</description>
		<year>1987</year>
		<publisher>Accolade</publisher>
		<rom name="killed until dead side a.woz" size="228232" crc="747bec69" sha1="897b9fc89b80b5a3fa8d66f6904e494b34b42a17" />
		<rom name="killed until dead side b.woz" size="234888" crc="da6d7e77" sha1="b8aca63b2269330030e9be2dc589e16e2701c013" />
	</machine>
	<machine name="magics23">
		<description>Magic Spells (Version 2.3) (800K 3.5")</description>
		<year>1985</year>
		<publisher>The Learning Company</publisher>
		<rom name="magic spells 800k.woz" size="1296218" crc="8fdcca18" sha1="88beae2101715a83a12dce18e0087e8d78f45533" />
	</machine>
	<machine name="mathrb13">
		<description>Math Rabbit (Version 1.3) (800K 3.5")</description>
		<year>1986</year>
		<publisher>The Learning Company</publisher>
		<rom name="math rabbit 800k.woz" size="1296204" crc="92d6a324" sha1="eff164d131db23346afa189c667d215153f9c911" />
	</machine>
	<machine name="mcinvb1135">
		<description>Invisible Bugs (Version 1.1) (800K 3.5")</description>
		<year>1989</year>
		<publisher>MECC</publisher>
		<rom name="invisible bugs 800k.woz" size="1345371" crc="3b4cda38" sha1="d09e11869b38650d70273e9c675d3b7b01417ccc" />
	</machine>
	<machine name="mcltzoo1035">
		<description>Littletown Zoo (800K 3.5")</description>
		<year>1991</year>
		<publisher>MECC</publisher>
		<rom name="littletown zoo 800k.woz" size="1345372" crc="b7939029" sha1="7630944d1c9822ce4d8e49c5c10e51162e7d666a" />
	</machine>
	<machine name="mcmyso1135">
		<description>Mystery Objects (Version 1.1) (800K 3.5")</description>
		<year>1988</year>
		<publisher>MECC</publisher>
		<rom name="mystery objects 800k.woz" size="1296217" crc="189fff3d" sha1="6609c90ff3edb6775d0595e958e8230bb52a874a" />
	</machine>
	<machine name="mcpcmp35">
		<description>Picture Chompers (Version 1.0) (800K 3.5")</description>
		<year>1990</year>
		<publisher>MECC</publisher>
		<rom name="picture chompers 800k.woz" size="1344397" crc="091ff1cf" sha1="678756bb9076214eed6ad491e614cf0a135629ac" />
	</machine>
	<machine name="mcwlybnc35">
		<description>Woolly Bounce (Version 1.0) (800K 3.5")</description>
		<year>1991</year>
		<publisher>MECC</publisher>
		<rom name="woolly bounce 800k.woz" size="1345371" crc="7d634eb2" sha1="364f06610a0f4353ed0b2af9a948c9bbef1c9706" />
	</machine>
	<machine name="nmunch1335">
		<description>Number Munchers (Version 1.3) (800K 3.5")</description>
		<year>1986</year>
		<publisher>MECC</publisher>
		<rom name="number munchers 800k.woz" size="1296147" crc="9cff06c6" sha1="3102ce194905e29afd6477dad9b7c5eb5efbb21d" />
	</machine>
	<machine name="printshp">
		<description>The Print Shop</description>
		<year>1984</year>
		<publisher>Broderbund Software</publisher>
		<rom name="the print shop side a.woz" size="234809" crc="97344ce3" sha1="3bc4427ed991ecc742f252ca0d201783cef5c2c4" />
		<rom name="the print shop side b.woz" size="234784" crc="e1d16e70" sha1="66f324eae1053f3a50c54b906aba8be5aadd31d7" />
	</machine>
	<machine name="prodosb1a">
		<description>ProDOS (Version B.1A 09-DEC-82)</description>
		<year>1982</year>
		<publisher>Apple Computer</publisher>
		<rom name="prodos vb1.a 09-dec-82.woz" size="234858" crc="8cf27981" sha1="90e8419acb670c2b0b4213ab96949afaf64a564a" />
	</machine>
	<machine name="suprprii">
		<description>SuperPrint II (800K 3.5")</description>
		<year>1989</year>
		<publisher>Scholastic</publisher>
		<rom name="superprint ii 800k.woz" size="1296289" crc="6e4761ec" sha1="e5b0e2c187b0d46a0738f5c325951f3a0529892e" />
	</machine>
	<machine name="thquik14">
		<description>Think Quick! (Version 1.4) (800K 3.5")</description>
		<year>1987</year>
		<publisher>The Learning Company</publisher>
		<rom name="think quick 800k.woz" size="1296193" crc="dd552c51" sha1="fd81362e8608fbba19189db5b5976c640c3c1b70" />
	</machine>
	<machine name="trakattk">
		<description>Track Attack</description>
		<year>1982</year>
		<publisher>Broderbund Software</publisher>
		<rom name="track attack.woz" size="261303" crc="e924de56" sha1="f3d636e0eabfbe196da71016e87424cc12ea0157" />
	</machine>
	<machine name="wdatkpl12">
		<description>Word Attack Plus! (Version 1.2) (800K 3.5")</description>
		<year>1988</year>
		<publisher>Davidson and Associates</publisher>
		<rom name="word attack plus 800k.woz" size="1329012" crc="d794d8ad" sha1="261977a948ad76d34dcbdae4ac3314300cc2fea4" />
	</machine>
	<machine name="wrdatk8706">
		<description>Word Attack! (Version 06.01.87) (800K 3.5")</description>
		<year>1985</year>
		<publisher>Davidson and Associates</publisher>
		<rom name="word attack 800k.woz" size="1296214" crc="05d95b9d" sha1="ab2d4881afeb8197dcecf696db6acc061056d45f" />
	</machine>
	<machine name="wrdatkpfr13">
		<description>Word Attack Plus! French (Version 1.3) (800K 3.5")</description>
		<year>1988</year>
		<publisher>Davidson and Associates</publisher>
		<rom name="word attack plus french 800k.woz" size="1330036" crc="4fa72218" sha1="e4704d7382a7f4e2b850928c0597a48fbf06c51a" />
	</machine>
	<machine name="wrdatkpsp12">
		<description>Word Attack Plus! Spanish (Version 1.2, 09.01.88) (800K 3.5")</description>
		<year>1988</year>
		<publisher>Davidson and Associates</publisher>
		<rom name="word attack plus spanish 800k.woz" size="1329013" crc="fc7872de" sha1="ee9e91738a9a2ac6790750490c8948c09e8ccb02" />
	</machine>
</datafile>