<?xml version="1.0" encoding="utf-8"?>
<!DOCTYPE datafile PUBLIC "-//Logiqx//DTD ROM Management Datafile//EN" "http://www.logiqx.com/Dats/datafile.dtd">
<datafile>
	<header>
		<name>apple2_flop_clcracked</name>
		<description>Apple II cleanly cracked 5.25" disks</description>
		<version></version>
		<author></author>
	</header>
	<machine name="5rowaddsub">
		<description>Five in a Row - Addition and Subtraction (cleanly cracked)</description>
		<year>1992</year>
		<publisher>Critical Thinking Press</publisher>
		<rom name="five in a row - addition and subtraction (4am crack) side a.dsk" size="143360" crc="49c8350b" sha1="aa8945060d61c8871f3e20e6ae12bdca3ba9a103" />
	</machine>
	<machine name="aawarsea">
		<description>The Ancient Art of War at Sea (cleanly cracked)</description>
		<year>1988</year>
		<publisher>Broderbund Software</publisher>
		<rom name="the ancient art of war at sea (4am crack) side a.dsk" size="143360" crc="79caaf56" sha1="cb9f704d2b9acb86d18360c2e7776e89b5226d24" />
		<rom name="the ancient art of war at sea (4am crack) side b.dsk" size="143360" crc="2e2ca6d4" sha1="699798ce9e02d484b3dce48d27b5604eaf1ef6c5" />
	</machine>
	<machine name="algv1v112">
		<description>Algebra Volume 1 (Version 1.1.2) (cleanly cracked)</description>
		<year>1981</year>
		<publisher>Edu-Ware</publisher>
		<rom name="algebra volume 1 v1.1.2 (4am crack).dsk" size="143360" crc="5388d103" sha1="c8c9e942096bc029a06b871e8c3d46661ca7575c" />
	</machine>
	<machine name="algv3rev0">
		<description>Algebra Volume 3 (Revision 0) (cleanly cracked)</description>
		<year>1984</year>
		<publisher>EduWare</publisher>
		<rom name="algebra volume 3 rev. 0 (4am crack).dsk" size="143360" crc="14d5ea47" sha1="0e31c95f052799c3322658b2c2b2fd79d6e7c56f" />
	</machine>
	<machine name="algvl411">
		<description>Algebra Volume 4 (Version 1.1) (cleanly cracked)</description>
		<year>1984</year>
		<publisher>Peachtree Software</publisher>
		<rom name="algebra volume 4 v1.1 (4am crack).dsk" size="143360" crc="ae3d610f" sha1="2b7dc564f74d7ad3d503be4b0ff290e1433cc131" />
	</machine>
	<machine name="allabtam">
		<description>All About America (cleanly cracked)</description>
		<year>1987</year>
		<publisher>Unicorn Software</publisher>
		<rom name="all about america (4am crack) - disk 1a - story disk.dsk" size="143360" crc="0bbbe3b9" sha1="a0e81016f97b414752140ea967c94180ace28ca8" />
	</machine>
	<machine name="amzthgr2">
		<description>In Search of the Most Amazing Thing (Revision 2) (cleanly cracked)</description>
		<year>1984</year>
		<publisher>Spinnaker Software</publisher>
		<rom name="in search of the most amazing thing rev. 2 (4am crack).dsk" size="143360" crc="200e57c8" sha1="e3f1afab50451d1c1b6355079578380cd30112d8" />
	</machine>
	<machine name="animate">
		<description>Animate (cleanly cracked)</description>
		<year>1986</year>
		<publisher>Broderbund Software</publisher>
		<rom name="animate (4am crack) disk 1.dsk" size="143360" crc="4b89c917" sha1="46a77dfe78c3516362666699542433293aa03260" />
		<rom name="animate (4am crack) disk 2.dsk" size="143360" crc="c16d5674" sha1="b4b4f800338b0c87fab7c8df5fba53decc396cfe" />
	</machine>
	<machine name="apescape">
		<description>Ape Escape (cleanly cracked)</description>
		<year>1984</year>
		<publisher>Howard W. Sams</publisher>
		<rom name="ape escape (4am crack).dsk" size="143360" crc="0e78187e" sha1="86c671022166264b4e237677e41b9b81af0f4c2f" />
	</machine>
	<machine name="apshaitr">
		<description>Temple of Apshai Trilogy (cleanly cracked)</description>
		<year>1985</year>
		<publisher>Epyx</publisher>
		<rom name="temple of apshai trilogy (4am crack).dsk" size="143360" crc="73031a38" sha1="34128800bca3ba312a119ee718740b2c58110df8" />
	</machine>
	<machine name="basicsbasic">
		<description>The Basics of BASIC (cleanly cracked)</description>
		<year>1983</year>
		<publisher>Focus Media</publisher>
		<rom name="the basics of basic (4am crack) disk 1.dsk" size="143360" crc="47841979" sha1="d3cf4cd6c5565d2591130c8ee5db998fac4a7e49" />
		<rom name="the basics of basic (4am crack) disk 2.dsk" size="143360" crc="a67e431b" sha1="6ecb51ae53a800a7ca18705522a4ce4a7f8ccf68" />
		<rom name="the basics of basic (4am crack) disk 3.dsk" size="143360" crc="beb01a8d" sha1="47fa9b31ca2521d52a2066f36e9895d9fb48f194" />
		<rom name="the basics of basic (4am crack) disk 4.dsk" size="143360" crc="7e475c5f" sha1="cb03a73fd077df50b3435dcaf894f46a7105b4d6" />
	</machine>
	<machine name="bldkit">
		<description>Boulderdash Construction Kit (cleanly cracked)</description>
		<year>1987</year>
		<publisher>Epyx</publisher>
		<rom name="boulderdash construction kit (4am crack).dsk" size="143360" crc="45ef5172" sha1="c1524de4e9ce9033be2bca3ef2b0dc39c37d2bf7" />
	</machine>
	<machine name="bldrdash2">
		<description>Boulder Dash II (cleanly cracked)</description>
		<year>1986</year>
		<publisher>Electronic Arts</publisher>
		<rom name="boulder dash ii (4am and san inc crack).dsk" size="143360" crc="3f7b11ba" sha1="e8f951750c14dc0fb2f7a8ae111308c88d688bee" />
	</machine>
	<machine name="bsstoryb11">
		<description>Bank Street StoryBook (Version 1.1) (cleanly cracked)</description>
		<year>1985</year>
		<publisher>Mindscape</publisher>
		<rom name="bank street storybook 1.1 (4am crack) side a.dsk" size="143360" crc="afecb034" sha1="e6262712e05ca562b79c1c6d99973837d8d259ac" />
		<rom name="bank street storybook 1.1 (4am crack) side b.dsk" size="143360" crc="edfd36dd" sha1="d9cd259e8652942ea3ab876805d01dbc565ad25c" />
	</machine>
	<machine name="bswriter2">
		<description>Bank Street Writer II (cleanly cracked)</description>
		<year>1984</year>
		<publisher>Scholastic</publisher>
		<rom name="bank street writer ii (4am crack) disk 1.dsk" size="143360" crc="6f5c9ced" sha1="07486f52eb8355494e72ed2fc4fcdfe8b3b13ed0" />
	</machine>
	<machine name="calgames">
		<description>California Games (cleanly cracked)</description>
		<year>1987</year>
		<publisher>Epyx</publisher>
		<rom name="california games (4am crack) side b.dsk" size="143360" crc="9e2d3164" sha1="4e47f5e088936218c9d5d627b6a0deecd3cec652" />
	</machine>
	<machine name="carmneur">
		<description>Where in Europe is Carmen Sandiego? (cleanly cracked)</description>
		<year>1988</year>
		<publisher>Broderbund Software</publisher>
		<rom name="where in europe is carmen sandiego (4am crack) side a.dsk" size="143360" crc="3355a002" sha1="c6af7b62829030b88fd3be5e34cc5b0527b06afe" />
	</machine>
	<machine name="carmntime10">
		<description>Where in Time is Carmen Sandiego (Version 1.0) (cleanly cracked)</description>
		<year>1989</year>
		<publisher>Broderbund Software</publisher>
		<rom name="where in time is carmen sandiego v1.0 (4am crack) disk a.dsk" size="143360" crc="e56e9ec4" sha1="043858a5a900e1212b27c84698dc22ec1464a1ff" />
		<rom name="where in time is carmen sandiego v1.0 (4am crack) disk b.dsk" size="143360" crc="f5741491" sha1="2b9ab6d218f72db2e4fdb4133f815a5975d08a89" />
	</machine>
	<machine name="certmore">
		<description>Certificates and More! (cleanly cracked)</description>
		<year>1988</year>
		<publisher>Mindscape</publisher>
		<rom name="certificates and more (4am crack) disk 1 - program.dsk" size="143360" crc="a7145f4d" sha1="f09861dc6722206e2d2d8eadde805595edd16a6d" />
	</machine>
	<machine name="circtsim">
		<description>The Circuit Simulator (cleanly cracked)</description>
		<year>1984</year>
		<publisher>Natural Intelligence</publisher>
		<rom name="the circuit simulator (4am crack).dsk" size="143360" crc="be45f064" sha1="bd16ae4efb7ff608bbb9282599e3849cd6bd1352" />
	</machine>
	<machine name="cntralnc">
		<description>Centauri Alliance (cleanly cracked)</description>
		<year>1990</year>
		<publisher>Broderbund Software</publisher>
		<rom name="centauri alliance (4am crack) disk 1a - boot.dsk" size="143360" crc="d8e5afd5" sha1="2204460e183a8fa4471419db510d976e2853f3d5" />
	</machine>
	<machine name="conceptr">
		<description>Conceptor (cleanly cracked)</description>
		<year>1985</year>
		<publisher>Mentor Learning Systems</publisher>
		<rom name="conceptor (4am crack) side a.dsk" size="143360" crc="475c9588" sha1="af1274bdcb0e39c4fc5f0e8fb10b3cd6cdb9dd32" />
	</machine>
	<machine name="conjectr">
		<description>Conjecture (cleanly cracked)</description>
		<year>1986</year>
		<publisher>Robert Scott Enterprises</publisher>
		<rom name="conjecture (4am crack) side a - program disk.dsk" size="143360" crc="b50ce118" sha1="67fb6dc063e131419ad05a288b70d48ce36d0b56" />
		<rom name="conjecture (4am crack) side b - puzzle disk.dsk" size="143360" crc="04b8fe85" sha1="77169a01376791344b36431aee7f84edc283ea06" />
	</machine>
	<machine name="cpsat11a">
		<description>Computer Preparation for the SAT (Version 1.1A) (cleanly cracked)</description>
		<year>1986</year>
		<publisher>Harcourt Brace Jovanovich</publisher>
		<rom name="hbj computer preparation for the sat (4am crack) disk 1 - mathematics.dsk" size="143360" crc="ffdd00e8" sha1="f3e36a5d339e178b99fbdabc30d0a50af2f7c9cf" />
		<rom name="hbj computer preparation for the sat (4am crack) disk 2 - vocabulary.dsk" size="143360" crc="84c3f550" sha1="7e506d22e90792f8c888eb8743c27af89f741fcb" />
		<rom name="hbj computer preparation for the sat (4am crack) disk 3 - verbal item banks.dsk" size="143360" crc="ae2e1264" sha1="0cbd550e7507c60c5e9185f34ba23b7407fa5366" />
		<rom name="hbj computer preparation for the sat (4am crack) disk 4 - practice tests.dsk" size="143360" crc="4ad8a8b2" sha1="1414727e69e1a6668a0ca7d329a299866ece5ba7" />
	</machine>
	<machine name="crmusa89">
		<description>Where in the USA is Carmen Sandiego? (Version 2.0, 26-APR-1989) (cleanly cracked)</description>
		<year>1989</year>
		<publisher>Broderbund Software</publisher>
		<rom name="where in the usa is carmen sandiego v2.0 (4am crack) side a.dsk" size="143360" crc="74c99392" sha1="28feab5a1ddca487af5c5f2ab041d6fbdfda2a42" />
	</machine>
	<machine name="crmwld89">
		<description>Where in the World is Carmen Sandiego? (Version 2.0 / 15-AUG-1989) (cleanly cracked)</description>
		<year>1989</year>
		<publisher>Broderbund Software</publisher>
		<rom name="where in the world is carmen sandiego v2.0 (4am crack) side a.dsk" size="143360" crc="dbc59bd8" sha1="c3236200035b77e7f24e8fd24103467be73daf7a" />
	</machine>
	<machine name="crtvplay">
		<description>Creative Play (cleanly cracked)</description>
		<year>1982</year>
		<publisher>The Regents of the University of California</publisher>
		<rom name="creative play (4am crack) side a.dsk" size="143360" crc="908a40ce" sha1="cb33feeda29e580686c8ee1ef87bf20c37cc252f" />
		<rom name="creative play (4am crack) side b.dsk" size="143360" crc="4f55db22" sha1="9cf19eb0e847cc46daf6003199e8d17b91095e20" />
	</machine>
	<machine name="dambstrs">
		<description>The Dam Busters (cleanly cracked)</description>
		<year>1985</year>
		<publisher>Accolade</publisher>
		<rom name="the dam busters (4am crack).dsk" size="143360" crc="a06836d3" sha1="f8942d79eb0fc1f55717fb1681ccbd7f5d980405" />
	</machine>
	<machine name="dondra">
		<description>Dondra - A New Beginning (cleanly cracked)</description>
		<year>1987</year>
		<publisher>Spectrum Holobyte</publisher>
		<rom name="dondra - a new beginning (4am crack) disk 1a.dsk" size="143360" crc="51f572e6" sha1="25f94749d6f686378ba0fb8d3a9db2410231f212" />
	</machine>
	<machine name="dondrar2">
		<description>Dondra: A New Beginning (Revision 2) (cleanly cracked)</description>
		<year>1987</year>
		<publisher>Spectrum Holobyte</publisher>
		<rom name="dondra - a new beginning rev. 2 (4am crack) disk 1a.dsk" size="143360" crc="d4e4bf62" sha1="c860bc68329dfddbdb5c04e345e87759f7db36b3" />
	</machine>
	<machine name="engachv4">
		<description>English Achievement IV (cleanly cracked)</description>
		<year>1982</year>
		<publisher>Microcomputer Workshops</publisher>
		<rom name="english achievement iv (4am crack).dsk" size="143360" crc="f7b34b87" sha1="10eb4f6db081b38e319037130e684af174f62e73" />
	</machine>
	<machine name="ewalg610">
		<description>Algebra Volume 6 (Version 1.0) (cleanly cracked)</description>
		<year>1983</year>
		<publisher>EduWare Services</publisher>
		<rom name="algebra volume 6 v1.0 (4am crack).dsk" size="143360" crc="043a9975" sha1="8182546a02465d5e07d3de9bd9ce3af07af04cf2" />
	</machine>
	<machine name="felonyth">
		<description>Felony (Thunder Mountain release) (cleanly cracked)</description>
		<year>1984</year>
		<publisher>Thunder Mountain</publisher>
		<rom name="felony (thunder mountain release)(4am crack).dsk" size="143360" crc="af368f3c" sha1="e4859b633b8ecf100c11bb10e26ff6a28c9217de" />
	</machine>
	<machine name="forbcstl">
		<description>Forbidden Castle (cleanly cracked)</description>
		<year>1985</year>
		<publisher>Mindscape</publisher>
		<rom name="forbidden castle (4am crack).dsk" size="143360" crc="575ef02b" sha1="1a3ed09a2b975c0daa3df8999b83e5b793d29a62" />
	</machine>
	<machine name="fractv31">
		<description>Fractions (Version 3.1 / 25-NOV-83) (cleanly cracked)</description>
		<year>1983</year>
		<publisher>Edu-Ware Services</publisher>
		<rom name="fractions v3.1 (4am crack).dsk" size="143360" crc="1abc2385" sha1="bcd9b30632c752bf3df26c55725921b355af2cd0" />
	</machine>
	<machine name="goldfngr">
		<description>Goldfinger (cleanly cracked)</description>
		<year>1986</year>
		<publisher>Mindscape</publisher>
		<rom name="goldfinger (4am crack).dsk" size="143360" crc="987c2c2a" sha1="05fbd7813b573749c6de8421edb3d2a6aeb8cbdd" />
	</machine>
	<machine name="hangtwnt">
		<description>The Hangtown Trilogy (Version 2.2) (cleanly cracked)</description>
		<year>1990</year>
		<publisher>Critical Thinking Press</publisher>
		<rom name="the hangtown trilogy (4am crack) side a.dsk" size="143360" crc="3382adcc" sha1="5261b408e845ff54e0304040677bcc5388f336ff" />
	</machine>
	<machine name="highstks">
		<description>High Stakes (cleanly cracked)</description>
		<year>1986</year>
		<publisher>Mindscape</publisher>
		<rom name="high stakes (4am crack).dsk" size="143360" crc="0bc2e5c0" sha1="f36fc527412d2aada288a8e508f3266ec593f19e" />
	</machine>
	<machine name="hlygrail">
		<description>The Holy Grail (cleanly cracked)</description>
		<year>1985</year>
		<publisher>Hayden Software</publisher>
		<rom name="the holy grail (4am crack) side a.dsk" size="143360" crc="25da1ecc" sha1="40b0ee95721d8540fedc0142046aad10131f72c7" />
		<rom name="the holy grail (4am crack) side b.dsk" size="143360" crc="9f63ad15" sha1="77e377fe95af1dc4898e159a8e6ded37d440c275" />
	</machine>
	<machine name="ijonesra">
		<description>Indiana Jones in Revenge of the Ancients (cleanly cracked)</description>
		<year>1987</year>
		<publisher>Mindscape</publisher>
		<rom name="indiana jones in revenge of the ancients (4am crack).dsk" size="143360" crc="409f3eea" sha1="d4bc91d1eb50fcb142b9fa3759d3262bc0e58407" />
	</machine>
	<machine name="inca">
		<description>Inca (cleanly cracked)</description>
		<year>1985</year>
		<publisher>Hayden Software</publisher>
		<rom name="inca (4am crack) side a.dsk" size="143360" crc="622c8e05" sha1="52f15fff82587642fecc73342139260cb12f025e" />
		<rom name="inca (4am crack) side b.dsk" size="143360" crc="32d9ef26" sha1="827d2c6c8e93731d1f8b52e5ae3d1ac8fa4754f7" />
	</machine>
	<machine name="intrlud2">
		<description>Interlude II (cleanly cracked)</description>
		<year>1986</year>
		<publisher>Recreational Technology</publisher>
		<rom name="interlude ii (4am crack) side a.dsk" size="143360" crc="3dda549d" sha1="454605f3183079f363235dbbe89ec2fc0eb6235a" />
		<rom name="interlude ii (4am crack) side b.dsk" size="143360" crc="1dd2e370" sha1="3db2fc40593fd01d68e990ebe13fea62753425b3" />
	</machine>
	<machine name="kchamp">
		<description>Karate Champ (cleanly cracked)</description>
		<year>1985</year>
		<publisher>Data East</publisher>
		<rom name="karate champ (4am crack).dsk" size="143360" crc="bc99e2fa" sha1="d1f35b27e4a9dd73876196df31c725916c64d76a" />
	</machine>
	<machine name="kidniki">
		<description>Kid Niki (cleanly cracked)</description>
		<year>1987</year>
		<publisher>Data East</publisher>
		<rom name="kid niki (4am crack) side a.dsk" size="143360" crc="706b0f06" sha1="84be710b532c3e10ac6ae0607a17575c8ce41608" />
	</machine>
	<machine name="krift">
		<description>Koronis Rift (cleanly cracked)</description>
		<year>1985</year>
		<publisher>Epyx</publisher>
		<rom name="koronis rift (4am crack).dsk" size="143360" crc="8202cf58" sha1="b103d174b027563f7f63191b529dec689e842fea" />
	</machine>
	<machine name="kungfum">
		<description>Kung Fu Master (cleanly cracked)</description>
		<year>1983</year>
		<publisher>Data East</publisher>
		<rom name="kung fu master (4am crack).dsk" size="143360" crc="c77702db" sha1="5a7b2203a5fef573f2675c405c594661241f8eb9" />
	</machine>
	<machine name="lcksmth50c">
		<description>Locksmith (Version 5.0 Revision C) (cleanly cracked)</description>
		<year>1983</year>
		<publisher>Omega MicroWare</publisher>
		<rom name="locksmith 5.0 rev c (4am crack).dsk" size="143360" crc="4174acf1" sha1="6209a736c8652151601cd2b66c41b7e912688f0f" />
	</machine>
	<machine name="lcksmth50f">
		<description>Locksmith (Version 5.0 Revision F) (cleanly cracked)</description>
		<year>1983</year>
		<publisher>Omega Microware</publisher>
		<rom name="locksmith 5.0 rev f (4am crack).dsk" size="143360" crc="1246095e" sha1="a41321e6174368d2f6b048c2746f2709639ca447" />
	</machine>
	<machine name="logicbld">
		<description>Logic Builders (cleanly cracked)</description>
		<year>1984</year>
		<publisher>Scholastic</publisher>
		<rom name="logic builders (4am and san inc crack).dsk" size="143360" crc="fe027324" sha1="f8657baadef5c3e4f10b50b2a751222169a2008a" />
	</machine>
	<machine name="mastrsat">
		<description>Mastering the SAT (cleanly cracked)</description>
		<year>1987</year>
		<publisher>Mindscape</publisher>
		<rom name="mastering the sat (mindscape)(4am crack) disk 1.dsk" size="143360" crc="1eeca285" sha1="1a11e97e6fca22159a347ae308c691ae35f2c467" />
		<rom name="mastering the sat (mindscape)(4am crack) disk 2.dsk" size="143360" crc="550f5ca6" sha1="bd3e913321ac853b0d1eb3cf5c572a61be98decd" />
		<rom name="mastering the sat (mindscape)(4am crack) disk 3.dsk" size="143360" crc="4c224d4c" sha1="c0e74fa3d55df5f0c67e1162409e90ffbd12a256" />
		<rom name="mastering the sat (mindscape)(4am crack) disk 4.dsk" size="143360" crc="3298494c" sha1="940ffb33ce51f3f1560a7da6856750750253d6bb" />
	</machine>
	<machine name="mathtwst">
		<description>The Math Twister (cleanly cracked)</description>
		<year>1986</year>
		<publisher>The Ellen Nelson Learning Library</publisher>
		<rom name="math 3- advanced word problems- the math twister (4am crack).dsk" size="143360" crc="f2206af3" sha1="9bfbd28e3b4009fbd1db94975447127323974470" />
	</machine>
	<machine name="matskll2">
		<description>Mathematics Skills Software Level 2 (cleanly cracked)</description>
		<year>1986</year>
		<publisher>Addison-Wesley</publisher>
		<rom name="mathematics skills software level 2 (4am crack).dsk" size="143360" crc="f458da5d" sha1="b3857522fa6feef957612344f8111972338ce472" />
	</machine>
	<machine name="mcspst10">
		<description>MECC-A405 Sports Stats (Version 1.0) (cleanly cracked)</description>
		<year>1985</year>
		<publisher>MECC</publisher>
		<rom name="mecc-a405 sports stats v1.0 (4am crack).dsk" size="143360" crc="495088ec" sha1="ac453eac8f53037b94bd4c8c02fc4d9195bcd0c3" />
	</machine>
	<machine name="microz7">
		<description>Microzine 7 (cleanly cracked)</description>
		<year>1984</year>
		<publisher>Scholastic</publisher>
		<rom name="microzine 7 (4am crack) side a.dsk" size="143360" crc="591e67f8" sha1="0c49c240a23b5a85fd726ef48b69846c59ba4004" />
	</machine>
	<machine name="microz9">
		<description>Microzine 9 (cleanly cracked)</description>
		<year>1985</year>
		<publisher>Scholastic</publisher>
		<rom name="microzine 9 (4am crack) side a.dsk" size="143360" crc="3f254d1a" sha1="ce91eee0736aa177ebdf980b6be36de841f25de0" />
		<rom name="microzine 9 (4am crack) side b.dsk" size="143360" crc="b67df29c" sha1="7ffd5df5a86c6dafc580b5e63d8c27c66823177f" />
	</machine>
	<machine name="microz14">
		<description>Microzine 14 (cleanly cracked)</description>
		<year>1985</year>
		<publisher>Scholastic</publisher>
		<rom name="microzine 14 (4am crack) side a.dsk" size="143360" crc="d85e30b8" sha1="be0ff9c0d7d46cb57a3106de4ef7ba8ee23d8eee" />
		<rom name="microzine 14 (4am crack) side b.dsk" size="143360" crc="194f42a3" sha1="57e4ef80ae4be866e153e6c7feaf579995fcb53c" />
	</machine>
	<machine name="millrel2">
		<description>Millionaire (Release 2) (cleanly cracked)</description>
		<year>1987</year>
		<publisher>Designware</publisher>
		<rom name="millionaire release 2 (4am crack) side a.dsk" size="143360" crc="b6199f7a" sha1="c7d201e3b77fbaaa14ef309707c8e9799f935a06" />
	</machine>
	<machine name="mindmror">
		<description>Mind Mirror (cleanly cracked)</description>
		<year>1985</year>
		<publisher>Electronic Arts</publisher>
		<rom name="mind mirror (4am and san inc crack) disk 1 - program.dsk" size="143360" crc="b0e4f320" sha1="cb9d80fb4d5b3fb32269f4ecbd48f9f3dbf981e6" />
	</machine>
	<machine name="mixnumc">
		<description>Mixed Number Concepts (cleanly cracked)</description>
		<year>1985</year>
		<publisher>Courses By Computers</publisher>
		<rom name="mixed number concepts (4am crack) side a - lessons.dsk" size="143360" crc="df03272b" sha1="6b3c64c2eef8ccc8075c12872f91ac1190bf24dd" />
		<rom name="mixed number concepts (4am crack) side b - tests.dsk" size="143360" crc="0632f1ce" sha1="d8408eda127e213e1d2d2988620cb2ad53138c64" />
	</machine>
	<machine name="mmbiofact">
		<description>Match Maker Biology Facts (cleanly cracked)</description>
		<year>1984</year>
		<publisher>American Educational Computer</publisher>
		<rom name="match maker biology facts (4am crack).dsk" size="143360" crc="738d400e" sha1="c9b9f4066b07c6e855310a6b35f3a9ccb219604b" />
	</machine>
	<machine name="movimons">
		<description>The Movie Monster Game (cleanly cracked)</description>
		<year>1986</year>
		<publisher>Epyx</publisher>
		<rom name="the movie monster game (4am crack) side a.dsk" size="143360" crc="07f0eb72" sha1="ca7cb434f5d4a704db855a8bfb69c9ab5b3392c1" />
		<rom name="the movie monster game (4am crack) side b.dsk" size="143360" crc="59b86d77" sha1="1eec4e0a6d7f09dd9be64b8f3c827c58f91abc69" />
	</machine>
	<machine name="mulperev">
		<description>Multidimensional Personality Evaluation (cleanly cracked)</description>
		<year>1983</year>
		<publisher>Psychological Psoftware</publisher>
		<rom name="multidimensional personality evaluation (4am crack).dsk" size="143360" crc="4624d984" sha1="b3d1e7a73a1152848e1fd0b9f364495956dbe626" />
	</machine>
	<machine name="multchoi">
		<description>Multiple Choices (cleanly cracked)</description>
		<year>1989</year>
		<publisher>Mindscape</publisher>
		<rom name="multiple choices (4am crack) side a.dsk" size="143360" crc="d7e0a365" sha1="bcd4500430fb849d62f018ac00b8954b24597e4b" />
	</machine>
	<machine name="mystsntc">
		<description>Mystery Sentences (cleanly cracked)</description>
		<year>1984</year>
		<publisher>Scholastic</publisher>
		<rom name="mystery sentences (4am crack) side a.dsk" size="143360" crc="655f2cec" sha1="5ee04058bcdbe6a84f3d82cdefaba1c7e64c0330" />
	</machine>
	<machine name="ndcarmen">
		<description>Where in North Dakota is Carmen Sandiego? (cleanly cracked)</description>
		<year>1989</year>
		<publisher>Broderbund Software</publisher>
		<rom name="where in north dakota is carmen sandiego (4am crack) side a.dsk" size="143360" crc="fd587990" sha1="206650c1d3de793b1746071308c84b7820852e97" />
	</machine>
	<machine name="opfrog">
		<description>Operation Frog (cleanly cracked)</description>
		<year>1984</year>
		<publisher>Scholastic</publisher>
		<rom name="operation frog (4am crack) side a.dsk" size="143360" crc="9caf030e" sha1="d6ffd510537e8fe4cb44808ce0ab8f589e79d8f2" />
		<rom name="operation frog (4am crack) side b.dsk" size="143360" crc="949b1c73" sha1="98d1b3956cbdd875b5fe23e79416881641659880" />
	</machine>
	<machine name="pfsa02">
		<description>PFS (Version A.02, 1980-10-23) (cleanly cracked)</description>
		<year>1980</year>
		<publisher>Software Publishing Corporation</publisher>
		<rom name="pfs va.02 (4am crack).dsk" size="143360" crc="5ace09ae" sha1="26063377c1a5e317710b18954b8db1306d08e8e5" />
	</machine>
	<machine name="pfsb00">
		<description>PFS (Version B.00, 1981-01-03) (cleanly cracked)</description>
		<year>1981</year>
		<publisher>Software Publishing Corporation</publisher>
		<rom name="pfs vb.00 (4am crack).dsk" size="143360" crc="8106efe8" sha1="5f33707a6014b6d68c147130bcceb8ffb97240a7" />
	</machine>
	<machine name="pfsw8604">
		<description>PFS:Write (Version 26-APR-86) (cleanly cracked)</description>
		<year>1986</year>
		<publisher>Software Publishing Corporation</publisher>
		<rom name="pfs write v28-apr-86 (4am crack) side a - program.dsk" size="143360" crc="231f58c0" sha1="35a8f8352224cb7ac6cc5244bd5ebf3e1512c9b9" />
		<rom name="pfs write v28-apr-86 (4am crack) side b - dictionary.dsk" size="143360" crc="e1cba377" sha1="faa895ab1c64becfc7ffbfbec7418f0465a1f622" />
	</machine>
	<machine name="popnsplr2">
		<description>Pop 'R Spell (Rev 2) (cleanly cracked)</description>
		<year>1983</year>
		<publisher>Milliken Publishing</publisher>
		<rom name="pop 'r spell and pop 'r spell challenge rev. 2 (4am crack).dsk" size="143360" crc="bfd30521" sha1="842e89724fa646efb0eae1dd2ab67125800ebc7f" />
	</machine>
	<machine name="prjspcst">
		<description>Project Space Station (cleanly cracked)</description>
		<year>1985</year>
		<publisher>Hesware</publisher>
		<rom name="project space station (4am crack) side a.dsk" size="143360" crc="521c6c82" sha1="6f8ba7e9260a32bcdafd9b8c37480ebe3770c0d8" />
	</machine>
	<machine name="pxcartnk">
		<description>Mr. Pixel's Cartoon Kit (cleanly cracked)</description>
		<year>1985</year>
		<publisher>Mindscape</publisher>
		<rom name="mr. pixel's cartoon kit (4am crack).dsk" size="143360" crc="78ca3f2a" sha1="40ce67a0a50dadfca402e990121e337fd4f4e4fb" />
	</machine>
	<machine name="pyrapzlr">
		<description>Pyramid Puzzler (cleanly cracked)</description>
		<year>1985</year>
		<publisher>Mindscape</publisher>
		<rom name="pyramid puzzler (4am crack).dsk" size="143360" crc="c44f5af5" sha1="3d4134773d676e56fb6fd61467e5caa309cd20f0" />
	</machine>
	<machine name="rboots40">
		<description>Rocky's Boots (Version 4.0) (cleanly cracked)</description>
		<year>1985</year>
		<publisher>The Learning Company</publisher>
		<rom name="rocky's boots 4.0 (4am crack).dsk" size="143360" crc="2fcb648a" sha1="e6dffa75930aba8c4d97a5929be444c3ef8beee6" />
	</machine>
	<machine name="rdwksdv">
		<description>Reading Workshop: Distant Views (cleanly cracked)</description>
		<year>1987</year>
		<publisher>Scott, Foresman and Company</publisher>
		<rom name="reading workshop - distant views (4am crack) side a.dsk" size="143360" crc="019f92e1" sha1="411dc342f7d1eca4011b4efc66e336fbdde843fc" />
	</machine>
	<machine name="readctar">
		<description>How to Read in the Content Areas (cleanly cracked)</description>
		<year>????</year>
		<publisher>American Educational Computer</publisher>
		<rom name="how to read in the content areas (4am crack).dsk" size="143360" crc="c58174c2" sha1="41f6610d9748cca988e39f38b99eb6e2ed21a1d2" />
	</machine>
	<machine name="readwkrf">
		<description>Reading Workshop: Running Free (cleanly cracked)</description>
		<year>1987</year>
		<publisher>Scott, Foresman and Company</publisher>
		<rom name="reading workshop - running free (4am crack) disk a-1.dsk" size="143360" crc="4a970b81" sha1="d554c2cc7e85b09803b09f46ea996a020e6efcac" />
		<rom name="reading workshop - running free (4am crack) disk b-1.dsk" size="143360" crc="6df5614c" sha1="90ea8da29b1fdcbe8d1fbe98cfc39bb504638106" />
		<rom name="reading workshop - running free (4am crack) disk c-1.dsk" size="143360" crc="4ed56d59" sha1="01027ca1d55428335935977a8d305295e69fc82f" />
		<rom name="reading workshop - running free (4am crack) disk d-1.dsk" size="143360" crc="af0a2393" sha1="100a169908c632e07afe858a5651144f19298ef6" />
	</machine>
	<machine name="ricochet">
		<description>Ricochet (cleanly cracked)</description>
		<year>1982</year>
		<publisher>Automated Simulations</publisher>
		<rom name="ricochet (4am crack).dsk" size="143360" crc="92311921" sha1="766ad480f576dcc8f56afb848d8be03a2f201ab0" />
	</machine>
	<machine name="robocop">
		<description>RoboCop (cleanly cracked)</description>
		<year>1988</year>
		<publisher>Data East USA</publisher>
		<rom name="robocop (4am crack) side a.dsk" size="143360" crc="365241fa" sha1="14b62b112c98c3b0688305c7c4c07fd8d4de8933" />
		<rom name="robocop (4am crack) side b.dsk" size="143360" crc="953ef1eb" sha1="8db0f5b74695f8f1e77eb9ce73452bedb8669461" />
	</machine>
	<machine name="robody11">
		<description>Robot Odyssey (Version 1.1) (cleanly cracked)</description>
		<year>1984</year>
		<publisher>The Learning Company</publisher>
		<rom name="robot odyssey v1.1 (4am crack) side a.dsk" size="143360" crc="d96283f8" sha1="52214d4fcecb40ec7960085cccc1ccac564ad016" />
		<rom name="robot odyssey v1.1 (4am crack) side b.dsk" size="143360" crc="ee94e4e3" sha1="de4a3c2fca987603d3e52fe84b3395fe505def14" />
	</machine>
	<machine name="robodyv2">
		<description>Robot Odyssey I (Version 2.0) (cleanly cracked)</description>
		<year>1985</year>
		<publisher>The Learning Company</publisher>
		<rom name="robot odyssey i v2.0 (4am crack) disk a.dsk" size="143360" crc="0e720569" sha1="20e555fb142a45ea1398f6efda235300c51a185b" />
		<rom name="robot odyssey i v2.0 (4am crack) disk b.dsk" size="143360" crc="8f85fec4" sha1="c80fe32f89539a6d617d9be92bc08bc63d1f9dac" />
		<rom name="robot odyssey i v2.0 (4am crack) disk c.dsk" size="143360" crc="11152a8d" sha1="7a23f63b20545eeb0865d436f91b8504f745844f" />
	</machine>
	<machine name="robtdawn">
		<description>Robots of Dawn (cleanly cracked)</description>
		<year>1984</year>
		<publisher>Epyx</publisher>
		<rom name="robots of dawn (4am crack).dsk" size="143360" crc="e283c525" sha1="7eb8af7214c84c646654d19af9369c7dc1e4af5f" />
	</machine>
	<machine name="rogrrabt">
		<description>Who Framed Roger Rabbit (cleanly cracked)</description>
		<year>1988</year>
		<publisher>Buena Vista Software</publisher>
		<rom name="who framed roger rabbit (4am crack) disk 1a.dsk" size="143360" crc="c8641643" sha1="57b3fcb7d4d169bcf81bf5f2e7b4fb02956ae81e" />
		<rom name="who framed roger rabbit (4am crack) disk 1b.dsk" size="143360" crc="cc006ea0" sha1="f8738f9386250875ef675c27ae5e970625c564e6" />
		<rom name="who framed roger rabbit (4am crack) disk 2a.dsk" size="143360" crc="49aa58b5" sha1="a4c3067c4b98d41f5ae025e953497ba4405c59fe" />
		<rom name="who framed roger rabbit (4am crack) disk 2b.dsk" size="143360" crc="c4c19575" sha1="c8cc06c5bb355a58b764201afb4c8557eca7c602" />
	</machine>
	<machine name="scruples">
		<description>A Question of Scruples (cleanly cracked)</description>
		<year>1988</year>
		<publisher>Leisure Genius</publisher>
		<rom name="a question of scruples (4am crack) - disk a (program disk).dsk" size="143360" crc="aaec2b02" sha1="a9cd29b0b2aecf4dd9775dfc4ccaaf03392bcd06" />
		<rom name="a question of scruples (4am crack) - disk b (questions disk).dsk" size="143360" crc="33c1767c" sha1="544768e88fe46690b40f218dc7d43720015babdc" />
	</machine>
	<machine name="secfiler">
		<description>Secret Filer (cleanly cracked)</description>
		<year>1984</year>
		<publisher>Scholastic</publisher>
		<rom name="secret filer (4am crack).dsk" size="143360" crc="d82a8e2b" sha1="07885bbc46935fd6206a210bc9130cedb9d634c5" />
	</machine>
	<machine name="serendip">
		<description>Serendipity (cleanly cracked)</description>
		<year>1983</year>
		<publisher>K-12 MicroMedia</publisher>
		<rom name="serendipity (4am crack).dsk" size="143360" crc="31f34848" sha1="45522cd7c33d7b8698670467f0a28afc7972e765" />
	</machine>
	<machine name="sokoban">
		<description>Soko-Ban (cleanly cracked)</description>
		<year>1984</year>
		<publisher>Spectrum Holobyte</publisher>
		<rom name="soko-ban (4am crack) side a.dsk" size="143360" crc="21152d4b" sha1="48dd937652ae041fca33e8b0abb3c14e64941415" />
		<rom name="soko-ban (4am crack) side b.dsk" size="143360" crc="ec3ca8bc" sha1="bca72788767c0ed4c0b3bb0e8da975c474aae9da" />
	</machine>
	<machine name="soloflt">
		<description>Solo Flight (cleanly cracked)</description>
		<year>1984</year>
		<publisher>Microprose Software</publisher>
		<rom name="solo flight (4am crack).dsk" size="143360" crc="ed040baf" sha1="5945d9d7d491ce5b13f207f73271f48bd1103b10" />
	</machine>
	<machine name="spcjourn">
		<description>Space Journey (cleanly cracked)</description>
		<year>1984</year>
		<publisher>Scott, Foresman and Company</publisher>
		<rom name="space journey (4am crack).dsk" size="143360" crc="23643a39" sha1="2864b8753fdb1258ca9200619fbd01c65e88eb25" />
	</machine>
	<machine name="spidrbot">
		<description>Spiderbot (cleanly cracked)</description>
		<year>1988</year>
		<publisher>Epyx</publisher>
		<rom name="spiderbot (4am crack).dsk" size="143360" crc="ad3e39d4" sha1="d085d7b1acc249d59ded2ea570eb8e4985bc9fe2" />
	</machine>
	<machine name="squire10">
		<description>Squire (Version 1.0) (cleanly cracked)</description>
		<year>1984</year>
		<publisher>Blue Chip Software</publisher>
		<rom name="squire v1.0 (4am crack) side a.dsk" size="143360" crc="721bf82d" sha1="fa9e39398fa9a22aa3138ad90dff8f27a7fd6d0e" />
		<rom name="squire v1.0 (4am crack) side b.dsk" size="143360" crc="44103924" sha1="94b85ffc96a8d007e2ac0c964e61f376844bbe3f" />
	</machine>
	<machine name="ssbaseb">
		<description>Street Sports Baseball (cleanly cracked)</description>
		<year>1987</year>
		<publisher>Epyx</publisher>
		<rom name="street sports baseball (4am crack).dsk" size="143360" crc="cc8d635a" sha1="15deea6d5c1974102d1dfef92279939ed2a60cbe" />
	</machine>
	<machine name="ssbasktbl">
		<description>Street Sports Basketball (cleanly cracked)</description>
		<year>1988</year>
		<publisher>Epyx</publisher>
		<rom name="street sports basketball (4am crack) side a.dsk" size="143360" crc="3e8bb908" sha1="d86e3a98d9a4b46a996030508ab7957d3d02aec1" />
		<rom name="street sports basketball (4am crack) side b.dsk" size="143360" crc="538f3ecb" sha1="df7adabeaee90c03d4b5cbbabba9f71710515d6a" />
	</machine>
	<machine name="ssfootb">
		<description>Street Sports Football (cleanly cracked)</description>
		<year>1988</year>
		<publisher>Epyx</publisher>
		<rom name="street sports football (4am crack) side a.dsk" size="143360" crc="33db53eb" sha1="0afbee6c35e83a1a22c00d9108548491983671c7" />
		<rom name="street sports football (4am crack) side b.dsk" size="143360" crc="f3f60b56" sha1="cd04f6f2898c86d8a186e9160b1f12a89a694c05" />
	</machine>
	<machine name="sssoccer">
		<description>Street Sports Soccer (cleanly cracked)</description>
		<year>1988</year>
		<publisher>Epyx</publisher>
		<rom name="street sports soccer (4am crack).dsk" size="143360" crc="bf278771" sha1="11631b48cb0b18a9e5fcc7980d66c43bcf80a2be" />
	</machine>
	<machine name="stymkr64">
		<description>Story Maker (64K Version) (cleanly cracked)</description>
		<year>1984</year>
		<publisher>Scholastic</publisher>
		<rom name="story maker (4am crack).dsk" size="143360" crc="2ffb9340" sha1="f1e8367a2ac0e2dfa4524a027b8a73d43e0ca11f" />
	</machine>
	<machine name="stytre14">
		<description>Story Tree (Version 1.4) (cleanly cracked)</description>
		<year>1984</year>
		<publisher>Scholastic</publisher>
		<rom name="story tree v1.4 (4am crack) disk 1.dsk" size="143360" crc="5f226b9e" sha1="f6162c88b255df3cb62a8c9745b3030fb109e2cb" />
	</machine>
	<machine name="subatsim">
		<description>Sub Battle Simulator (cleanly cracked)</description>
		<year>1986</year>
		<publisher>Epyx</publisher>
		<rom name="sub battle simulator (4am crack) side a.dsk" size="143360" crc="48b4c5b5" sha1="2f60262420104e7f93c9ff562100ab92f318b456" />
		<rom name="sub battle simulator (4am crack) side b.dsk" size="143360" crc="e46c7a02" sha1="113b1e87e2685dfcb40c4824e39362e5ac6bcff4" />
	</machine>
	<machine name="submissn">
		<description>Sub Mission (cleanly cracked)</description>
		<year>1987</year>
		<publisher>Mindscape</publisher>
		<rom name="sub mission (4am crack).dsk" size="143360" crc="cad5e0f2" sha1="f72716872680591d938c2a8509016841bcae6714" />
	</machine>
	<machine name="suctyp12">
		<description>Success with Typing (Version 1.2) (cleanly cracked)</description>
		<year>1986</year>
		<publisher>Scholastic</publisher>
		<rom name="success with typing v1.2 (4am crack) disk 1.dsk" size="143360" crc="0071b309" sha1="20a8ae0ed67dfd9b886b8a01e50735d50e0f7d7e" />
	</machine>
	<machine name="sumrgame">
		<description>Summer Games (cleanly cracked)</description>
		<year>1984</year>
		<publisher>Epyx</publisher>
		<rom name="summer games (4am crack) side a.dsk" size="143360" crc="c9206d00" sha1="333ef64b3f4e298b2a8932b2136340cba3f28a4a" />
		<rom name="summer games (4am crack) side b.dsk" size="143360" crc="6111ca55" sha1="1583cb362351d052c78e8b9426fde56f4e80a1c3" />
	</machine>
	<machine name="sumrgms2">
		<description>Summer Games II (cleanly cracked)</description>
		<year>1985</year>
		<publisher>Epyx</publisher>
		<rom name="summer games ii (4am crack) disk 1.dsk" size="143360" crc="20cab818" sha1="25b9ddc09c56ee6e0d785111aaf458c6cc676750" />
		<rom name="summer games ii (4am crack) disk 2.dsk" size="143360" crc="e32eec49" sha1="24fa696c3e00b0aa865df2a15016ba8dfc742418" />
	</machine>
	<machine name="svs3aa">
		<description>Spy vs. Spy III: Arctic Antics (cleanly cracked)</description>
		<year>1988</year>
		<publisher>Epyx</publisher>
		<rom name="spy vs. spy iii - arctic antics (4am crack).dsk" size="143360" crc="98208443" sha1="6646b7a5ac8c4f24a52931a605e943c7175b6d4e" />
	</machine>
	<machine name="swsfamrb">
		<description>Swiss Family Robinson (cleanly cracked)</description>
		<year>1984</year>
		<publisher>Windham Classics</publisher>
		<rom name="swiss family robinson (4am crack).dsk" size="143360" crc="1cd108f6" sha1="f072c4dcb9bcc05289927adc55da5cd79170185b" />
	</machine>
	<machine name="tagtmwrs">
		<description>Tag Team Wrestling (cleanly cracked)</description>
		<year>1984</year>
		<publisher>Data East</publisher>
		<rom name="tag team wrestling (4am crack).dsk" size="143360" crc="b9c9b5ec" sha1="c9a1e6e030f797cf8d4ed8f9668f6fb8968403da" />
	</machine>
	<machine name="talesmst">
		<description>Tales of Mystery (cleanly cracked)</description>
		<year>1984</year>
		<publisher>Scholastic</publisher>
		<rom name="tales of mystery (4am crack) side a.dsk" size="143360" crc="d224b681" sha1="cad83b5f79aa6f4b08e244bd37728d6eab8fe0c1" />
	</machine>
	<machine name="techncop">
		<description>Techno Cop (cleanly cracked)</description>
		<year>1988</year>
		<publisher>Gray Matter</publisher>
		<rom name="techno cop (4am crack) side a.dsk" size="143360" crc="2010345e" sha1="01f38aad42944961e035116beab61abd3fea0bf2" />
	</machine>
	<machine name="teidolon">
		<description>The Eidolon (cleanly cracked)</description>
		<year>1986</year>
		<publisher>Epyx</publisher>
		<rom name="the eidolon (4am crack).dsk" size="143360" crc="631b027b" sha1="9318b15135daf66cebb3f9ed726dcb76e912006f" />
	</machine>
	<machine name="tenlrobt">
		<description>Ten Little Robots (cleanly cracked)</description>
		<year>1983</year>
		<publisher>Unicorn Software</publisher>
		<rom name="ten little robots (4am crack).dsk" size="143360" crc="e7b845e3" sha1="c195776fdc4b8544c6c8e3e85fc6ba15be11fdfe" />
	</machine>
	<machine name="tonkbdy">
		<description>Tonk in the Land of the Buddy-Bots (cleanly cracked)</description>
		<year>1984</year>
		<publisher>Mindscape</publisher>
		<rom name="tink tonk - tonk in the land of the buddy-bots (4am crack).dsk" size="143360" crc="04ace393" sha1="55ce15aa2cbb36086a0f2748c8959b4cd82c817c" />
	</machine>
	<machine name="trompers">
		<description>Trompers (cleanly cracked)</description>
		<year>1983</year>
		<publisher>Avant-Garde Creations</publisher>
		<rom name="trompers (4am crack).dsk" size="143360" crc="6d3e575c" sha1="7eb6817f81487af30bf01f1efc41373f9e1564a2" />
	</machine>
	<machine name="trsrisld">
		<description>Treasure Island (cleanly cracked)</description>
		<year>1985</year>
		<publisher>Windham Classics</publisher>
		<rom name="treasure island (4am crack) side a.dsk" size="143360" crc="ae6fd6fd" sha1="8ea61af42b958161c3b50148683e1d8c27573d16" />
	</machine>
	<machine name="tsnbaseb">
		<description>The Sporting News: Baseball (cleanly cracked)</description>
		<year>1988</year>
		<publisher>Epyx</publisher>
		<rom name="the sporting news baseball (4am crack) side a.dsk" size="143360" crc="5e61f761" sha1="541ffb79035cf67bd0faab1d83371c9ea7855509" />
		<rom name="the sporting news baseball (4am crack) side b.dsk" size="143360" crc="5422fe67" sha1="92a910d72c83459a764f0850df448054364dd71a" />
	</machine>
	<machine name="ttnktukt">
		<description>Tink! Tonk! - Tuk Goes to Town (cleanly cracked)</description>
		<year>1984</year>
		<publisher>Mindscape</publisher>
		<rom name="tink tonk tuk goes to town (4am crack).dsk" size="143360" crc="21d4031d" sha1="4b1909095baacdb89a06c84bc5f50a8947b66043" />
	</machine>
	<machine name="tttsubf">
		<description>Tink! Tonk! Tink's Subtraction Fair (cleanly cracked)</description>
		<year>1985</year>
		<publisher>Mindscape</publisher>
		<rom name="tink tonk - tink's subtraction fair (4am crack).dsk" size="143360" crc="d5f01512" sha1="033cd431fc8dc26950c237fa992311d45503ab47" />
	</machine>
	<machine name="voodoois">
		<description>Voodoo Island (cleanly cracked)</description>
		<year>1985</year>
		<publisher>Mindscape</publisher>
		<rom name="voodoo island (4am crack).dsk" size="143360" crc="b3ed4f50" sha1="5a3e4cfb1cd8e820a2f6ae2a4c902fe56ac989a7" />
	</machine>
	<machine name="wgbb">
		<description>The World's Greatest Baseball Game (cleanly cracked)</description>
		<year>1986</year>
		<publisher>Quest</publisher>
		<rom name="the world's greatest baseball game (4am crack).dsk" size="143360" crc="321fa87d" sha1="fea4c0afb38f06eb9a35843ef7dc7aefc38a334a" />
	</machine>
	<machine name="wgbbenh">
		<description>The World's Greatest Baseball Game (Enhanced Version) (cleanly cracked)</description>
		<year>1986</year>
		<publisher>Quest</publisher>
		<rom name="the world's greatest baseball game (enhanced version)(4am crack) disk 1 - interactive and statistical game play.dsk" size="143360" crc="c625a5e8" sha1="abb4f9c4f0f1ee32e5893a326e5485a169ad3e08" />
		<rom name="the world's greatest baseball game (enhanced version)(4am crack) disk 2 - team trading functions.dsk" size="143360" crc="bb4f4115" sha1="b879dc67e6785168f02f499c1b9a60b44d07761a" />
	</machine>
	<machine name="wgfbg">
		<description>The World's Greatest Football Game (cleanly cracked)</description>
		<year>1985</year>
		<publisher>Epyx</publisher>
		<rom name="the world's greatest football game (4am crack) side a.dsk" size="143360" crc="b651c2ad" sha1="3cd5414d9552560271015195f8f79084a539abaf" />
		<rom name="the world's greatest football game (4am crack) side b.dsk" size="143360" crc="28f24cf1" sha1="806945532dd7af1b037aefb56ea2f3a06fa312fc" />
	</machine>
	<machine name="winnie">
		<description>Winnie the Pooh in the Hundred Acre Wood (Sierra On-Line) (cleanly cracked)</description>
		<year>1984</year>
		<publisher>Sierra On-Line</publisher>
		<rom name="winnie the pooh in the hundred acre wood (sierra variant) (4am and san inc crack) side a.dsk" size="143360" crc="066ad38b" sha1="6cda8ada8f18dd7d9eb79b88ffd59e7b67e9956a" />
	</machine>
	<machine name="wizoz">
		<description>The Wizard of Oz (cleanly cracked)</description>
		<year>1985</year>
		<publisher>Windham Classics</publisher>
		<rom name="the wizard of oz (4am crack) disk a - boot.dsk" size="143360" crc="a111593a" sha1="8214a6616fc571ed4e1130e0b37724bc83f5aa35" />
	</machine>
	<machine name="wkchamp">
		<description>World Karate Championship (cleanly cracked)</description>
		<year>1986</year>
		<publisher>Epyx</publisher>
		<rom name="world karate championship (4am crack).dsk" size="143360" crc="96a0d5c0" sha1="96500fb86cc2e910093d2d587b881a0ea234f8ce" />
	</machine>
	<machine name="wntgames">
		<description>The Games: Winter Edition (cleanly cracked)</description>
		<year>1985</year>
		<publisher>Epyx</publisher>
		<rom name="the games - winter edition (4am crack) disk a-1.dsk" size="143360" crc="aea18ce0" sha1="89df683d7ae5b32aaab37e33dd531d99a8990ac4" />
		<rom name="the games - winter edition (4am crack) disk a-2.dsk" size="143360" crc="c69ef96a" sha1="0f24b1c1a74f3f9b35f3364bd863a1cc6bfde837" />
		<rom name="the games - winter edition (4am crack) disk b-1.dsk" size="143360" crc="5b43f514" sha1="948ac42769ce66d1a1d20b5e5785742a907e768c" />
		<rom name="the games - winter edition (4am crack) disk b-2.dsk" size="143360" crc="4b10934f" sha1="f0fb5bef9000bb1c123fcc51e8bf74b09d79e9ef" />
		<rom name="the games - winter edition (4am crack) disk c.dsk" size="143360" crc="0bea31db" sha1="53cea5e0303a555f47c8173752f6798fca8d0f4f" />
	</machine>
</datafile>