<?xml version="1.0" encoding="utf-8"?>
<!DOCTYPE datafile PUBLIC "-//Logiqx//DTD ROM Management Datafile//EN" "http://www.logiqx.com/Dats/datafile.dtd">
<datafile>
	<header>
		<name>c64_cass</name>
		<description>Commodore 64 cassettes</description>
		<version></version>
		<author></author>
	</header>
	<machine name="batmano">
		<description>Batman (Ocean)</description>
		<year>1989</year>
		<publisher>Ocean</publisher>
		<rom name="Batman_Side_1.tap" size="1628718" crc="69ce7e7e" sha1="695286f87a34cf8960958cd3ab1d875431537299" />
		<rom name="Batman_Side_2.tap" size="1400538" crc="d305af35" sha1="80e3d3706a890508ce27a1ea00812370041bf7c3" />
	</machine>
	<machine name="bazbillm">
		<description>Bazooka Bill (Melbourne House)</description>
		<year>1986</year>
		<publisher>Melbourne House</publisher>
		<rom name="Bazooka_Bill.tap" size="585746" crc="5e357065" sha1="6a773637b697e42479bd332284fd1bd9ae6a1250" />
	</machine>
	<machine name="bbearing">
		<description>Bobby Bearing</description>
		<year>1986</year>
		<publisher>The Edge</publisher>
		<rom name="Bobby_Bearing.tap" size="511778" crc="767f6728" sha1="a692a001b1392f39c0256ca2d0d624cf6e3af87b" />
	</machine>
	<machine name="bbloodax">
		<description>Brian Bloodaxe</description>
		<year>1985</year>
		<publisher>The Edge</publisher>
		<rom name="Brian_Bloodaxe.tap" size="345742" crc="77f095f0" sha1="53280742bc7be4b85742dd49710a7f5c69de9067" />
		<rom name="Brian_Bloodaxe_a1.tap" size="345742" crc="7c9b2f57" sha1="34d4c243eebf2e203041dd4d2ad0053505d79ae6" />
	</machine>
	<machine name="bbobsb">
		<description>Bounty Bob Strikes Back!</description>
		<year>1985</year>
		<publisher>U.S. Gold</publisher>
		<rom name="Bounty_Bob_Strikes_Back.tap" size="436402" crc="3905cdaf" sha1="b2ba18caa3b00254e8852901b2705393827b7fea" />
	</machine>
	<machine name="beachhd2e">
		<description>Beach-Head II (Erbe)</description>
		<year>1985</year>
		<publisher>Erbe</publisher>
		<rom name="Beach-Head_II.tap" size="945354" crc="b9f29c99" sha1="9193e0360b183fa2384e2c6eb214bdd6226834a6" />
	</machine>
	<machine name="beachhd2">
		<description>Beach-Head II</description>
		<year>1985</year>
		<publisher>U.S. Gold</publisher>
		<rom name="Beach-Head_II.tap" size="945354" crc="3ed32747" sha1="c49495b182e3543351515c26fe36fd86f83738f8" />
		<rom name="Beach-Head_II_a1.tap" size="945354" crc="a9a0e3bb" sha1="fa98be41d59c972517011dbb36d9bca15997b9d8" />
	</machine>
	<machine name="beyondff">
		<description>Beyond the Forbidden Forest</description>
		<year>1985</year>
		<publisher>U.S. Gold</publisher>
		<rom name="Beyond_the_Forbidden_Forest.tap" size="1175779" crc="e8898afa" sha1="55dad25bf904c1c8435f23a7af2ee2c1def37c81" />
	</machine>
	<machine name="biff">
		<description>Biff</description>
		<year>1992</year>
		<publisher>Beyond Belief Software</publisher>
		<rom name="Biff.tap" size="457042" crc="d002f17f" sha1="abdc8d85d258a9d9bf6b0376413819967dcd386e" />
	</machine>
	<machine name="bigfoot">
		<description>Bigfoot</description>
		<year>1990</year>
		<publisher>Codemasters</publisher>
		<rom name="Bigfoot.tap" size="906166" crc="bcd74d9a" sha1="cbe793fe4215a8491a401b88a414869c101b9f98" />
	</machine>
	<machine name="bignames">
		<description>Big Names Bonanza</description>
		<year>1986</year>
		<publisher>U.S. Gold</publisher>
		<rom name="Big_Names_Bonanza_Side_1.tap" size="965880" crc="56fedbc3" sha1="be8edb32566531c510241c28aa3a9cc3739e5fb3" />
		<rom name="Big_Names_Bonanza_Side_2.tap" size="1526168" crc="af26ad24" sha1="92a2a63db6d2e5026367dc084fc15d37f20e309e" />
	</machine>
	<machine name="blacklam">
		<description>Black Lamp</description>
		<year>1987</year>
		<publisher>Firebird</publisher>
		<rom name="Black_Lamp.tap" size="596610" crc="60e67c7f" sha1="175a973c8b4e9210e3361c9ba35efd8b6ae6a250" />
	</machine>
	<machine name="blktiger">
		<description>Black Tiger</description>
		<year>1990</year>
		<publisher>U.S. Gold</publisher>
		<rom name="Black_Tiger_Side_1.tap" size="362554" crc="5421feea" sha1="1230f156671bf96ee7ae7ce58f676375e9952795" />
		<rom name="Black_Tiger_Side_2.tap" size="1430144" crc="ed755483" sha1="eb800461efb771041ffc79ad2a3f7cd0dd2ad90f" />
	</machine>
	<machine name="bloodbro">
		<description>Blood Brothers</description>
		<year>1988</year>
		<publisher>Prism Leisure</publisher>
		<rom name="Blood_Brothers.tap" size="594843" crc="2eb63d08" sha1="dfc17f42a04a13768949504fbfad4a391c70f494" />
	</machine>
	<machine name="bluemax">
		<description>Blue Max</description>
		<year>1984</year>
		<publisher>U.S. Gold</publisher>
		<rom name="Blue_Max.tap" size="275370" crc="63b89717" sha1="3c6c74ced6fccda5d2d51bb0f59fca92d236297b" />
		<rom name="Blue_Max_a1.tap" size="275370" crc="9a0efcba" sha1="fd773d7d3949eafb5fedaefe9af016da27e396eb" />
	</machine>
	<machine name="bluesbro">
		<description>The Blues Brothers</description>
		<year>1991</year>
		<publisher>Titus</publisher>
		<rom name="Blues_Brothers,_The.tap" size="1055826" crc="474fa7cd" sha1="50932ca5f0867210dc60fd42dbc5d67d3f24d4cb" />
		<rom name="Blues_Brothers,_The_a1.tap" size="1055826" crc="ac7d129a" sha1="b24d6efaabe885704db1006f2aab892fed2155d9" />
	</machine>
	<machine name="bmax2001">
		<description>Blue Max 2001</description>
		<year>1984</year>
		<publisher>U.S. Gold</publisher>
		<rom name="Blue_Max_2001.tap" size="291673" crc="c74b1d70" sha1="b4a69ad20e73c3d0d086ed5ba87b4e2528206c62" />
		<rom name="Blue_Max_2001_a1.tap" size="291922" crc="e7646b01" sha1="4b7fc773e2177236f3f32dbd1ab8424e11b9512f" />
	</machine>
	<machine name="bmxsim2">
		<description>BMX Simulator 2</description>
		<year>1989</year>
		<publisher>Codemasters</publisher>
		<rom name="BMX_Simulator_2_Side_1_(Easy).tap" size="850644" crc="7bf73241" sha1="f1b38e7becc0f2e4d08af8ae1997dd446425d995" />
		<rom name="BMX_Simulator_2_Side_2_(Hard).tap" size="856976" crc="455df3c9" sha1="ef27aa7e353ff23f0777ab6d24bb9c900770f772" />
	</machine>
	<machine name="boelite1">
		<description>Best of Elite: Vol. 1</description>
		<year>1987</year>
		<publisher>Elite Systems</publisher>
		<rom name="Best_of_Elite_Vol._1_Side_1.tap" size="1788282" crc="3789f966" sha1="aed0cd955da419746bb8c093fef239b51b974701" />
		<rom name="Best_of_Elite_Vol._1_Side_2.tap" size="2072344" crc="a14f9a2c" sha1="2a7dde4db206e4d6676c7afb5d49d854cbbb2b35" />
	</machine>
	<machine name="boelite2">
		<description>Best of Elite: Vol. 2</description>
		<year>1987</year>
		<publisher>Elite Systems</publisher>
		<rom name="Best_of_Elite_Vol._2_Side_1.tap" size="1435903" crc="747d7ab0" sha1="eb635f66d51ad64fb13763ee0afd3e431bc7620f" />
		<rom name="Best_of_Elite_Vol._2_Side_2.tap" size="1342038" crc="d98aa91c" sha1="8ecae3c238d701f2a74204057fcd318e60757fe2" />
	</machine>
	<machine name="bombjack2e">
		<description>Bomb Jack II (Elite Systems)</description>
		<year>1986</year>
		<publisher>Elite Systems</publisher>
		<rom name="Bomb_Jack_II_Side_1.tap" size="719393" crc="ab06e01b" sha1="d5369bec6c1b3efe0ba206212c2024b459bdfd10" />
		<rom name="Bomb_Jack_II_Side_2.tap" size="565967" crc="8d45e10e" sha1="c53ade7e0363c690b1367858e45cb99a38d53987" />
	</machine>
	<machine name="bombjacke">
		<description>Bomb Jack (Elite Systems)</description>
		<year>1985</year>
		<publisher>Elite Systems</publisher>
		<rom name="Bomb_Jack.tap" size="565967" crc="d2969fd4" sha1="ec27b8a23557eef5f052c8fb5034ef7915d6ff5b" />
	</machine>
	<machine name="bonanzab">
		<description>Bonanza Bros</description>
		<year>1992</year>
		<publisher>U.S. Gold</publisher>
		<rom name="Bonanza_Bros_Side_1.tap" size="470674" crc="83989f8f" sha1="5f21b6dc67cce19987ddf47b0e91ad1108e9ac93" />
		<rom name="Bonanza_Bros_Side_2.tap" size="1091548" crc="c1327638" sha1="da671c4cbc627cf42b4faaaa4b0239329280dd24" />
	</machine>
	<machine name="bravesta">
		<description>Brave Starr</description>
		<year>1987</year>
		<publisher>Go!</publisher>
		<rom name="BraveStarr.tap" size="638567" crc="30089a42" sha1="834784b130cd8b05864f915a8b03f17b1e7ea0cf" />
	</machine>
	<machine name="breakthruu">
		<description>Breakthru (U.S. Gold)</description>
		<year>1987</year>
		<publisher>U.S. Gold</publisher>
		<rom name="Breakthru.tap" size="550577" crc="318cf83a" sha1="a573203c57bbbd3234204551d86450bd8c805438" />
	</machine>
	<machine name="btbarney">
		<description>Bigtop Barney</description>
		<year>1985</year>
		<publisher>Interceptor Software</publisher>
		<rom name="Bigtop_Barney.tap" size="663080" crc="6e02ccfb" sha1="613900ea51510046a1d28154a3f4c7df7a37be81" />
	</machine>
	<machine name="bthrtime">
		<description>Battle Through Time</description>
		<year>1984</year>
		<publisher>Anirog</publisher>
		<rom name="Battle_Through_Time.tap" size="326295" crc="fa7ecb54" sha1="ca428209978836d606f920ad1b7c1554713c4f3b" />
	</machine>
	<machine name="btime">
		<description>Burger Time</description>
		<year>1984</year>
		<publisher>Interceptor Software</publisher>
		<rom name="Burger_Time.tap" size="1333458" crc="618e2adb" sha1="06549b41da20cd629996afb0beef66d8ea5b27e3" />
	</machine>
	<machine name="bublboblf">
		<description>Bubble Bobble (Firebird)</description>
		<year>1987</year>
		<publisher>Firebird</publisher>
		<rom name="Bubble_Bobble.tap" size="763833" crc="ab72e534" sha1="daa282c60107b4446353b92cc953329085e1f43e" />
		<rom name="Bubble_Bobble_a1.tap" size="763853" crc="0c9d8879" sha1="9ca3d8f93f0159cfaf4dd52dcb90bcebde26722d" />
	</machine>
	<machine name="buckroge">
		<description>Buck Rogers: Planet of Zoom</description>
		<year>1983</year>
		<publisher>U.S. Gold</publisher>
		<rom name="Buck_Rogers-_Planet_of_Zoom.tap" size="221746" crc="6d578c6b" sha1="c2b00179c70e98300edea89a667dae7b81293d3c" />
		<rom name="Buck_Rogers-_Planet_of_Zoom_a1.tap" size="221746" crc="e3a698d3" sha1="f8cf2460eb090a0eddba9eda330fb0d20a8ed307" />
	</machine>
	<machine name="buggyboy">
		<description>Buggy Boy</description>
		<year>1987</year>
		<publisher>Elite Systems</publisher>
		<rom name="Buggy_Boy.tap" size="686107" crc="0372aa46" sha1="88f8977bf2e42a3c26cacdae6f373fbeb79050e3" />
	</machine>
	<machine name="bulldog">
		<description>Bulldog</description>
		<year>1986</year>
		<publisher>Gremlin Graphics</publisher>
		<rom name="Bulldog.tap" size="576126" crc="e1037525" sha1="78fbbb25239909809f6a331388ababa7642bc466" />
	</machine>
	<machine name="cabal">
		<description>Cabal</description>
		<year>1989</year>
		<publisher>Ocean</publisher>
		<rom name="Cabal_Side_1.tap" size="726358" crc="912a1676" sha1="c1f7c8e86ef7e41956e12167d842701329f799bf" />
		<rom name="Cabal_Side_2.tap" size="596334" crc="b50a8fc6" sha1="d9324adbd6ee7234939dbb2f755757963d53dca8" />
	</machine>
	<machine name="caligame">
		<description>California Games</description>
		<year>1987</year>
		<publisher>U.S. Gold</publisher>
		<rom name="California_Games_Side_1.tap" size="2132994" crc="1d24491b" sha1="80416f244004a5f2128c87bebe4a4a190224f969" />
		<rom name="California_Games_Side_2.tap" size="1638332" crc="b620a25b" sha1="bf745f35c09622ab700a3994b32578fde97f5742" />
	</machine>
	<machine name="capcomco">
		<description>Capcom Collection</description>
		<year>1991</year>
		<publisher>U.S. Gold</publisher>
		<rom name="Capcom_Collection_Tape_1_Side_1.tap" size="1282606" crc="a84617fb" sha1="96d29a365a5f55928b0886a733a26f72c8721b4c" />
		<rom name="Capcom_Collection_Tape_1_Side_2.tap" size="1300550" crc="d331f3fb" sha1="b1a0a8dc7849b143f4b9673a8208694ddcd82235" />
		<rom name="Capcom_Collection_Tape_2_Side_1.tap" size="636206" crc="e2353eac" sha1="8b599913dc05ddb5d5a00bd08408f23b8c72bc75" />
		<rom name="Capcom_Collection_Tape_2_Side_2.tap" size="963898" crc="31055871" sha1="56b567620bcdf8ff812d7e70c272c5d9037834ca" />
		<rom name="Capcom_Collection_Tape_3_Side_1.tap" size="1614658" crc="73dc1d65" sha1="86281340fed65e98568bc3d1163782b18dafb35b" />
		<rom name="Capcom_Collection_Tape_3_Side_2.tap" size="2164522" crc="bda8c0bf" sha1="36f314b9b7a6b363f5e6ae29fc0b9e6eef092c66" />
		<rom name="Capcom_Collection_Tape_4_Side_1.tap" size="1414822" crc="48f11dd8" sha1="29ed1bc452fcfb86eeaef7e6cbb3bfeaf6da6805" />
		<rom name="Capcom_Collection_Tape_4_Side_2.tap" size="1525686" crc="914ea528" sha1="ecb67340ef93a0d1c6bd7dc88ee9bb2f91764fb1" />
	</machine>
	<machine name="captaina">
		<description>Captain America in: The Doom Tube of Dr. Megalomann</description>
		<year>1987</year>
		<publisher>Go!</publisher>
		<rom name="Captain_America_In-_The_Doom_Tube_of_Dr._Megalomann.tap" size="592070" crc="90112121" sha1="11c3da7d7d612e333003f532fab5957297164698" />
	</machine>
	<machine name="catacomb">
		<description>Catacombs</description>
		<year>1984</year>
		<publisher>Anirog</publisher>
		<rom name="Catacombs.tap" size="627826" crc="e3ed070e" sha1="043cd134f5eebd66bb36bac9f414c0c168e10a1d" />
	</machine>
	<machine name="ccastles">
		<description>Crystal Castles</description>
		<year>1986</year>
		<publisher>U.S. Gold</publisher>
		<rom name="Crystal_Castles.tap" size="261276" crc="bbc599b4" sha1="407398a0c1be1caaec18c14d47f34e500cc4f25e" />
	</machine>
	<machine name="champwrs">
		<description>Championship Wrestling</description>
		<year>1986</year>
		<publisher>U.S. Gold</publisher>
		<rom name="Championship_Wrestling.tap" size="1239702" crc="424bf72d" sha1="acce5a778218ea47d1448ccbd9315862c0b80b52" />
	</machine>
	<machine name="chartbus">
		<description>Chart Busters</description>
		<year>1988</year>
		<publisher>Beau-Jolly</publisher>
		<rom name="Chartbusters_Tape_1_Side_1.tap" size="2932053" crc="18e472dd" sha1="815fc4f09aea9291b04d43db886cd4355a38e226" />
		<rom name="Chartbusters_Tape_1_Side_2.tap" size="2523440" crc="8dcb3ed6" sha1="3df2695ac332517055d2f8900928608f9098f478" />
		<rom name="Chartbusters_Tape_2_Side_1.tap" size="2525380" crc="1347b59d" sha1="4f0d0b9a270b504a54cbbea3019257ca960e0335" />
		<rom name="Chartbusters_Tape_2_Side_2.tap" size="2684421" crc="b191d6fa" sha1="33af9f1aca8cbf0236f3d986f08610b3e8af1d3a" />
	</machine>
	<machine name="chimera">
		<description>Chimera</description>
		<year>1985</year>
		<publisher>Firebird</publisher>
		<rom name="Chimera.tap" size="547447" crc="b8a15e8e" sha1="25eafece5d093db1453ae30223c9c718778e92ff" />
		<rom name="Chimera_a1.tap" size="547450" crc="5a758012" sha1="0b7c13a76449a42f7f1c748c77b8dd3c09970acc" />
	</machine>
	<machine name="chinamin">
		<description>China Miner</description>
		<year>1983</year>
		<publisher>Interceptor Software</publisher>
		<rom name="China_Miner.tap" size="443134" crc="65e5595b" sha1="6166a8171d43b568c1f53277638ed3dff05166e1" />
	</machine>
	<machine name="chipscha">
		<description>Chip's Challenge</description>
		<year>1990</year>
		<publisher>U.S. Gold</publisher>
		<rom name="Chip's_Challenge_Side_1.tap" size="518058" crc="5d1b8fd1" sha1="ca5ee6ff3f69f8260fe3c6a914e5c7226ce7a20e" />
		<rom name="Chip's_Challenge_Side_2.tap" size="678092" crc="54f56f3a" sha1="52294784cb783c1d5f8fdc2b236e5f2dec45b05e" />
	</machine>
	<machine name="ciphoid9">
		<description>Ciphoid 9</description>
		<year>1985</year>
		<publisher>GB Standard</publisher>
		<rom name="Ciphoid_9.tap" size="543608" crc="06fde3a9" sha1="556e7270f52ccff647714f96d1242fa354aaedb7" />
		<rom name="Ciphoid_9_a1.tap" size="543608" crc="46b00c53" sha1="5c10536e8bd77864016b3dac74dda4751da69d4a" />
	</machine>
	<machine name="cluedo">
		<description>Cluedo</description>
		<year>1986</year>
		<publisher>Leisure Genius</publisher>
		<rom name="Cluedo_Fastload_version.tap" size="345586" crc="1def0bc0" sha1="92dbefbc16a30a43e0471dcd15f18b73bbda78ac" />
		<rom name="Cluedo_Slowload_version.tap" size="1581112" crc="8192a9cd" sha1="16833752efbc4595b05b971e66183718829be1af" />
	</machine>
	<machine name="cnflcts1">
		<description>Conflicts 1</description>
		<year>1987</year>
		<publisher>Personal Software Services</publisher>
		<rom name="Conflicts_1.tap" size="1074180" crc="9f1f6323" sha1="5cd77ed39a8fda6b76876762dfa502611d61727f" />
		<rom name="Conflicts_1_a1.tap" size="1074177" crc="d43c00a8" sha1="b7334ae807aef65bbf82a3f37aa5f4f9576d9367" />
	</machine>
	<machine name="cobrao">
		<description>Cobra (Ocean)</description>
		<year>1986</year>
		<publisher>Ocean</publisher>
		<rom name="Cobra.tap" size="716523" crc="90bfcaa4" sha1="19048560aeab95442c18c9d6f4b76f00e658c916" />
	</machine>
	<machine name="coinoph2">
		<description>Coin Op Hits II</description>
		<year>1991</year>
		<publisher>U.S. Gold</publisher>
		<rom name="Coin_Op_Hits_II_Tape_1_Side_1.tap" size="1525670" crc="0f3558e0" sha1="13669a0906ebf1287457f177b5e1d387fad799ad" />
		<rom name="Coin_Op_Hits_II_Tape_1_Side_2.tap" size="963898" crc="c6f5877f" sha1="8b19a24faf77d0a6bf0ac463cb379adf11ec7b58" />
		<rom name="Coin_Op_Hits_II_Tape_2_Side_1.tap" size="742008" crc="b7e24564" sha1="66c12312dbf60ce6a7c37d46f437b144fc607b74" />
		<rom name="Coin_Op_Hits_II_Tape_2_Side_2.tap" size="865040" crc="ddfd299d" sha1="f255d776f6889a309eccfb89a4e01a5c122ea484" />
		<rom name="Coin_Op_Hits_II_Tape_3_Side_1.tap" size="2140354" crc="639b50d0" sha1="24d8963227fa4f4a465bd7dc5f3fa2d87c505afb" />
		<rom name="Coin_Op_Hits_II_Tape_3_Side_2.tap" size="1512562" crc="ef76f0b3" sha1="6d4474f8eb366ca993e15d9f84d89514fb9f1daf" />
	</machine>
	<machine name="combatsc">
		<description>Combat School</description>
		<year>1987</year>
		<publisher>Ocean</publisher>
		<rom name="Combat_School_Side_1.tap" size="1252526" crc="d89fdacd" sha1="751f676085f4008810193216a53f9f5ca129b1a2" />
		<rom name="Combat_School_Side_1_a1.tap" size="1252526" crc="028fe1d6" sha1="6b8504d650731827674692d0b6d30a467d7f7bb3" />
		<rom name="Combat_School_Side_2.tap" size="1518194" crc="bfe86ad9" sha1="9b045139fdf00bcc30f4872b9ac8751e34207568" />
		<rom name="Combat_School_Side_2_a1.tap" size="1518194" crc="5dcbe5a0" sha1="e35761c008f2858dcebf234e1d3ad116ab8c6042" />
	</machine>
	<machine name="cometgam">
		<description>Comet Game</description>
		<year>1986</year>
		<publisher>Firebird</publisher>
		<rom name="Comet_Game,_The.tap" size="434680" crc="e52b1719" sha1="68969e0e38c0ff736ad34182c1d41f94204e1c4f" />
		<rom name="Comet_Game,_The_a1.tap" size="430042" crc="a8b310b0" sha1="e1f2cf2d3b728ecb69a0503c7e4893fe5f776524" />
	</machine>
	<machine name="comicbak">
		<description>Comic Bakery</description>
		<year>1986</year>
		<publisher>Imagine</publisher>
		<rom name="Comic_Bakery.tap" size="598759" crc="6c0593fc" sha1="e0d6f8254eb08554bb9a60cafec6c3991d9e373f" />
	</machine>
	<machine name="commandoa">
		<description>Commando (alt)</description>
		<year>1985</year>
		<publisher>Elite Systems</publisher>
		<rom name="Commando.tap" size="606572" crc="c6132c38" sha1="a00815055ab090753406d9bd562d77d2331eeb69" />
		<rom name="Commando_a1.tap" size="606572" crc="e095a702" sha1="1e8c442a01a0f7bf5404659f5e52c849f3243337" />
	</machine>
	<machine name="convoyra">
		<description>Convoy Raider</description>
		<year>1987</year>
		<publisher>Gremlin Graphics</publisher>
		<rom name="Convoy_Raider.tap" size="467594" crc="76aed2ac" sha1="9915c5878872c8d07e5be42146c3d38794f83029" />
	</machine>
	<machine name="cosmcaus">
		<description>Cosmic Causeway: Trailblazer II</description>
		<year>1987</year>
		<publisher>Gremlin Graphics</publisher>
		<rom name="Cosmic_Causeway-_Trailblazer_II.tap" size="566034" crc="643518cc" sha1="ec8ef2beb5a23c2774817131f0ae54e750434063" />
	</machine>
	<machine name="crackdow">
		<description>Crack Down</description>
		<year>1990</year>
		<publisher>U.S. Gold</publisher>
		<rom name="Crack_Down_Side_1.tap" size="498814" crc="09d9058f" sha1="6114e545cefc9e75c7ecfd7273f0bc265b22181a" />
		<rom name="Crack_Down_Side_2.tap" size="628772" crc="bbdaa5d4" sha1="2de6612af15b5f2dc9dca802321749db50abbe4e" />
	</machine>
	<machine name="crazycart">
		<description>Crazy Cars (Titus)</description>
		<year>1988</year>
		<publisher>Titus</publisher>
		<rom name="Crazy_Cars.tap" size="497987" crc="2f30d165" sha1="efd12673de8b7de471cf9271371a072fa80c3779" />
	</machine>
	<machine name="crazycom">
		<description>Crazy Comet</description>
		<year>1985</year>
		<publisher>Martech</publisher>
		<rom name="Crazy_Comets.tap" size="191354" crc="9ff1633e" sha1="ad015a11ad62906bc01105bae001a0aeb462124a" />
	</machine>
	<machine name="creature2">
		<description>Creatures 2: Torture Trouble</description>
		<year>1992</year>
		<publisher>Thalamus</publisher>
		<rom name="Creatures_2-_Torture_Trouble_Side_1.tap" size="734532" crc="8111f9e0" sha1="0ddaa6836a99336fc3fd1e144c80d500282e133a" />
		<rom name="Creatures_2-_Torture_Trouble_Side_2.tap" size="2175328" crc="60196bbe" sha1="0b6b31abeac56143140ebb2631f30d673a7e2250" />
	</machine>
	<machine name="creature">
		<description>Creatures</description>
		<year>1990</year>
		<publisher>Thalamus</publisher>
		<rom name="Creatures_Side_1.tap" size="636691" crc="89033ea3" sha1="2cf4af2377ddff737826ab85d38adf84c7cbd1ff" />
		<rom name="Creatures_Side_2.tap" size="1406280" crc="cdef5fca" sha1="7e6916a0581bd5a869e6a5f4cae205b2778d7abd" />
	</machine>
	<machine name="critmassd">
		<description>Critical Mass (Durell)</description>
		<year>1985</year>
		<publisher>Durell</publisher>
		<rom name="Critical_Mass.tap" size="850043" crc="656ff126" sha1="71b6ad6e49144c6c3d89661bdd6ac7acb810a919" />
		<rom name="Critical_Mass_a1.tap" size="843087" crc="2126fb68" sha1="9f5dc999dc321facb2024253266877a7e31440bf" />
	</machine>
	<machine name="crzykonga">
		<description>Crazy Kong (alt)</description>
		<year>1983</year>
		<publisher>Interceptor Software</publisher>
		<rom name="Crazy_Kong.tap" size="573578" crc="80179e0d" sha1="b06e3eb0764099ae65dbcd85f9454124a1537993" />
	</machine>
	<machine name="csprint">
		<description>Championship Sprint</description>
		<year>1987</year>
		<publisher>Proein Soft Line</publisher>
		<rom name="Championship_Sprint.tap" size="519043" crc="c5e16856" sha1="4be328652fd59c7803963482a854c9b1cf67d269" />
	</machine>
	<machine name="darkforc">
		<description>Dark Force</description>
		<year>1990</year>
		<publisher>Ocean</publisher>
		<rom name="Dark_Force_Tape_1_Side_1.tap" size="2466088" crc="aabda25f" sha1="6453832d22ea7cae4ca3628ad674e0a2360595d8" />
		<rom name="Dark_Force_Tape_2_Side_1.tap" size="726358" crc="a6e9c743" sha1="6bb9b535b84bb777f97f23385d26e64d1418a2b9" />
		<rom name="Dark_Force_Tape_2_Side_2.tap" size="990398" crc="0626c0df" sha1="d2e429e9949df17058c589459c2db8ae845c2fd0" />
	</machine>
	<machine name="daysofth">
		<description>Days of Thunder</description>
		<year>1990</year>
		<publisher>Mindscape</publisher>
		<rom name="Days_of_Thunder.tap" size="760462" crc="68e65cf6" sha1="1ac514e7825d220f983c14367d1748b3f67b1822" />
	</machine>
	<machine name="dbltake">
		<description>Double Take</description>
		<year>1987</year>
		<publisher>Ocean</publisher>
		<rom name="Double_Take.tap" size="714939" crc="d6bcac39" sha1="498c32044c277bf155f1090f3812899ad16be5c2" />
	</machine>
	<machine name="ddragon">
		<description>Double Dragon</description>
		<year>1988</year>
		<publisher>Melbourne House</publisher>
		<rom name="Double_Dragon.tap" size="1404030" crc="3fc64cff" sha1="9aa675974ae500aee72038c1194ba9f10f6ba82e" />
	</machine>
	<machine name="deathorg">
		<description>Death or Glory</description>
		<year>1987</year>
		<publisher>Mind Games</publisher>
		<rom name="Death_or_Glory.tap" size="401362" crc="ba5f7d8a" sha1="da4a73da5f48b9c5bf9b1327c90ad94052c6c41a" />
	</machine>
	<machine name="decathln">
		<description>Decathlon</description>
		<year>1984</year>
		<publisher>Activision</publisher>
		<rom name="Decathlon.tap" size="996863" crc="3f3d2159" sha1="1b90743be027fd03c6d2811d7e3fe4a4f97c7633" />
	</machine>
	<machine name="deceptor">
		<description>Deceptor</description>
		<year>1987</year>
		<publisher>U.S. Gold</publisher>
		<rom name="Deceptor.tap" size="1176542" crc="ef2fdea0" sha1="8916b1f3e4b8e8d113740c5a4bb95e06c480634a" />
	</machine>
	<machine name="deflektr">
		<description>Deflektor</description>
		<year>1987</year>
		<publisher>Gremlin Graphics</publisher>
		<rom name="Deflektor.tap" size="549576" crc="ad1d8c2f" sha1="42a4bb3d2535e4f1adc214a50ec9633b0457c533" />
	</machine>
	<machine name="delta">
		<description>Delta</description>
		<year>1987</year>
		<publisher>Thalamus</publisher>
		<rom name="Delta.tap" size="505231" crc="ce13a6c9" sha1="d6b9a09dbf14acbf336e01a146d26808d1aa3bea" />
	</machine>
	<machine name="desrtfox">
		<description>Desert Fox</description>
		<year>1986</year>
		<publisher>U.S. Gold</publisher>
		<rom name="Desert_Fox.tap" size="538560" crc="42d15564" sha1="03c1da4034e0b6c5822128eb84328c7b6c02be16" />
	</machine>
	<machine name="dicktrac">
		<description>Dick Tracy</description>
		<year>1990</year>
		<publisher>Titus</publisher>
		<rom name="Dick_Tracy.tap" size="1577092" crc="25180237" sha1="b862785b0273cd816ba50ecba5a3644976d52b6b" />
		<rom name="Dick_Tracy_a1.tap" size="1577070" crc="ee1614d2" sha1="11cba9a4593e5b6b89f02aac1cf7c9e136fb4a77" />
	</machine>
	<machine name="digdug">
		<description>Dig Dug</description>
		<year>1984</year>
		<publisher>U.S. Gold</publisher>
		<rom name="Dig_Dug.tap" size="221746" crc="e2a1ef17" sha1="df8d1480feeb60e315c57e01509a987a1f632995" />
	</machine>
	<machine name="dkongo">
		<description>Donkey Kong (Ocean)</description>
		<year>1986</year>
		<publisher>Ocean</publisher>
		<rom name="Donkey_Kong.tap" size="451003" crc="c372aa24" sha1="2700243e8dca605b46866c5bf6af9c3d14b01823" />
	</machine>
	<machine name="dlair2">
		<description>Dragon's Lair Part II: Escape from Singe's Castle</description>
		<year>1987</year>
		<publisher>Software Projects</publisher>
		<rom name="Dragon's_Lair_Part_II-_Escape_from_Singe's_Castle.tap" size="1265044" crc="6b321750" sha1="4f5dab8bd35dc2486156cfa02dae27bc6860ba51" />
	</machine>
	<machine name="dlair">
		<description>Dragon's Lair</description>
		<year>1986</year>
		<publisher>Software Projects</publisher>
		<rom name="Dragon's_Lair.tap" size="1222090" crc="acfe16e8" sha1="f2ff5962ee2d8d0601d86ae3ce8b759415907d86" />
		<rom name="Dragon's_Lair_a1.tap" size="1222090" crc="1bcc3461" sha1="dac6e54d5b6ec93bde01c722adf4367b8cfc0a3c" />
	</machine>
	<machine name="dlairp">
		<description>Dragon's Lair (Preview)</description>
		<year>1986</year>
		<publisher>Software Projects</publisher>
		<rom name="Dragon's_Lair_Preview.tap" size="980926" crc="360fdbf0" sha1="368704513e0d0bd891abf87cd028a9042b175f3f" />
		<rom name="Dragon's_Lair_Preview_a1.tap" size="981341" crc="05f74201" sha1="e11da9387edc626af97d8e5cdbd90af04a7799bd" />
	</machine>
	<machine name="docthede">
		<description>Doc the Destroyer</description>
		<year>1987</year>
		<publisher>Melbourne House</publisher>
		<rom name="Doc_the_Destroyer.tap" size="597590" crc="71146947" sha1="ce4ddab52930a1db3357712f8fce9fedaf6e9908" />
	</machine>
	<machine name="dodgygee">
		<description>Dodgy Geezers</description>
		<year>1986</year>
		<publisher>Melbourne House</publisher>
		<rom name="Dodgy_Geezers.tap" size="718005" crc="112f069e" sha1="7eb8a77811703ed801867de3b14449a512c188de" />
	</machine>
	<machine name="dominate">
		<description>Dominator</description>
		<year>1989</year>
		<publisher>System 3</publisher>
		<rom name="Dominator.tap" size="1807101" crc="a9dcbce4" sha1="61526c5f4453ea27bbf91d9c531f3797135cec90" />
	</machine>
	<machine name="donalddp">
		<description>Donald Duck's Playground</description>
		<year>1984</year>
		<publisher>U.S. Gold</publisher>
		<rom name="Donald_Duck's_Playground.tap" size="424018" crc="9ffcb3e5" sha1="d3a1d5662188c0a4d31209b283aa8494625db53d" />
		<rom name="Donald_Duck's_Playground_a1.tap" size="424018" crc="2e57ae12" sha1="1f8397fa5ebbdc5f3e0673ab651e05c1f77dae99" />
	</machine>
	<machine name="doughboy">
		<description>Dough Boy</description>
		<year>1983</year>
		<publisher>U.S. Gold</publisher>
		<rom name="Doughboy.tap" size="516294" crc="cd1851ec" sha1="a8022051d205deba2256fd12990ab444aa5779fb" />
		<rom name="Doughboy_a1.tap" size="516543" crc="43b6882b" sha1="cf12a0fba1a6af3cc779aa28dc6c6d82946e38d6" />
	</machine>
	<machine name="dragonso">
		<description>Dragons of Flame</description>
		<year>1990</year>
		<publisher>U.S. Gold</publisher>
		<rom name="Dragons_of_Flame.tap" size="1480746" crc="fd73a511" sha1="484e4ae201274896b2591dafe57e588846e3a311" />
	</machine>
	<machine name="dreamwar">
		<description>Dream Warrior</description>
		<year>1988</year>
		<publisher>U.S. Gold</publisher>
		<rom name="Dream_Warrior.tap" size="585934" crc="61663493" sha1="e7eb185c8cf29fbc7ff933d84a71add10a8730b6" />
	</machine>
	<machine name="drelbs">
		<description>Drelbs</description>
		<year>1984</year>
		<publisher>U.S. Gold</publisher>
		<rom name="Drelbs.tap" size="322842" crc="eb570e2e" sha1="3d965e1ebced001292bda7f78eaab4e8ff550958" />
		<rom name="Drelbs_a1.tap" size="322842" crc="36f1705d" sha1="4537a83382c042b01923a04d692d2dfbcce9a238" />
	</machine>
	<machine name="druid">
		<description>Druid</description>
		<year>1984</year>
		<publisher>Firebird</publisher>
		<rom name="Druid.tap" size="748498" crc="597a81fe" sha1="97ff2221e4ca3c2df85d0a89af7e2a207569d67b" />
		<rom name="Druid_a1.tap" size="748650" crc="8846b7bd" sha1="616be82418fe2f3ede537bfd784bab4fe695c336" />
	</machine>
	<machine name="dwish3">
		<description>Death Wish 3</description>
		<year>1987</year>
		<publisher>Gremlin Graphics</publisher>
		<rom name="Death_Wish_3.tap" size="617740" crc="0c6cac06" sha1="1921e5b5808bd908b81267f96aa4462c1ed963fd" />
	</machine>
	<machine name="dynamicd">
		<description>Dynamic Duo</description>
		<year>1989</year>
		<publisher>Firebird</publisher>
		<rom name="Dynamic_Duo.tap" size="631614" crc="a0dca0c4" sha1="dc400685fdfad31e7e4f9ba38d9ca7a141471941" />
		<rom name="Dynamic_Duo_a1.tap" size="631573" crc="eb0e6524" sha1="dccd6f7ef057fecdf4a1007e0c2e9ef907ca9cb1" />
	</machine>
	<machine name="dynastyw">
		<description>Dynasty Wars</description>
		<year>1990</year>
		<publisher>U.S. Gold</publisher>
		<rom name="Dynasty_Wars_Side_1.tap" size="565162" crc="6333ec08" sha1="a6bcd29be64921f7b3f6b8e5adc4f01a29249389" />
		<rom name="Dynasty_Wars_Side_2.tap" size="398740" crc="b5c9ca00" sha1="a1c965a2a6cf12c504c7e8d9ebd5514008915ff9" />
	</machine>
	<machine name="eddduck">
		<description>Edd the Duck</description>
		<year>1990</year>
		<publisher>Impulze</publisher>
		<rom name="Edd_the_Duck.tap" size="952925" crc="b9a00fde" sha1="5e710d65250b19a57525f13fb64c816b75fda78f" />
		<rom name="Edd_the_Duck_a1.tap" size="939919" crc="9a26b6ed" sha1="445799be9efa88eb2fc9b1bb9716a259045eb3ba" />
	</machine>
	<machine name="emotion">
		<description>E-motion</description>
		<year>1990</year>
		<publisher>U.S. Gold</publisher>
		<rom name="E-motion.tap" size="791430" crc="fcf6e2f9" sha1="2c12a6ef198d5c0fc852c9e6982f0ca076810e15" />
	</machine>
	<machine name="enduroa">
		<description>Enduro Racer (Activision)</description>
		<year>1987</year>
		<publisher>Activision</publisher>
		<rom name="Enduro_Racer.tap" size="496247" crc="3caf17a5" sha1="3656d12af4af7de7cd02a68f5b0b6c129838d706" />
	</machine>
	<machine name="epyxepic">
		<description>Epyx Epics</description>
		<year>1987</year>
		<publisher>U.S. Gold</publisher>
		<rom name="Epyx_Epics_Tape_1_Side_1.tap" size="619035" crc="a6f86a81" sha1="57da1799887be7933a789d1090e46a351dea5482" />
		<rom name="Epyx_Epics_Tape_1_Side_2.tap" size="778018" crc="c87aec60" sha1="b40ee3ce862793acb921cbbdbaaa4df4351c4527" />
		<rom name="Epyx_Epics_Tape_2_Side_1.tap" size="1089441" crc="3e44f36c" sha1="86855c3561ece160f65a512cd3f1e8b14e3654b7" />
		<rom name="Epyx_Epics_Tape_2_Side_2.tap" size="813978" crc="e3db7724" sha1="93bc40fef2e93d1f3eddceadf2960aee2297208a" />
	</machine>
	<machine name="escape">
		<description>Escape</description>
		<year>1986</year>
		<publisher>Ocean</publisher>
		<rom name="Escape.tap" size="577571" crc="54181063" sha1="9ab635ddca3933681da85c5add79ce4efdbb461c" />
	</machine>
	<machine name="escapemc">
		<description>Escape-MCP</description>
		<year>1983</year>
		<publisher>Rabbit Software</publisher>
		<rom name="Escape-MCP.tap" size="420184" crc="95381151" sha1="6f5f17ca1f16f3c9df372343daec4bd9b5b68dbf" />
	</machine>
	<machine name="everysec">
		<description>Every Second Counts</description>
		<year>1988</year>
		<publisher>TV Games</publisher>
		<rom name="Every_Second_Counts.tap" size="901121" crc="727f5608" sha1="0d667e69dedabba939960ded7893285a12fe9056" />
		<rom name="Every_Second_Counts_a1.tap" size="901120" crc="4eb2ccd8" sha1="d2dc50799be5e7c3d034ca9305ee19937e8afcb6" />
	</machine>
	<machine name="fabwanda">
		<description>The Fabulous Wanda and the Secret of Life, the Universe, and Everything</description>
		<year>1983</year>
		<publisher>Games Machine</publisher>
		<rom name="Fabulous_Wanda,_The_-_and_the_Secret_of_Life,_the_Universe,_and_Everything.tap" size="1124222" crc="c178742b" sha1="9dc4125a4a9a6496e8102944c7661711b943b16a" />
	</machine>
	<machine name="fairligh">
		<description>Fairlight</description>
		<year>1986</year>
		<publisher>The Edge</publisher>
		<rom name="Fairlight.tap" size="486349" crc="598ded18" sha1="36fa556342dd503202ee7ebf943a17c453ebd219" />
	</machine>
	<machine name="famous5">
		<description>Famous Five</description>
		<year>1987</year>
		<publisher>Mastertronic</publisher>
		<rom name="Famous_Five_Side_1.tap" size="1481766" crc="1588974d" sha1="d1d1b682cdb220b9b84cd3fd41734327f326d115" />
		<rom name="Famous_Five_Side_2.tap" size="1085330" crc="4653470a" sha1="dde40f2942d0d59f2fcaeb7910637f409ddc8f0b" />
	</machine>
	<machine name="fwdizzy">
		<description>Fantasy World Dizzy</description>
		<year>1990</year>
		<publisher>Codemasters</publisher>
		<rom name="Fantasy_World_Dizzy.tap" size="694577" crc="2c27634a" sha1="977c49720ecffd3650b67d8f79296575f1ffedaa" />
	</machine>
	<machine name="icepalace">
		<description>Beyond the Ice Palace (Elite Systems)</description>
		<year>1988</year>
		<publisher>Elite Systems</publisher>
		<rom name="Beyond_the_Ice_Palace.tap" size="721721" crc="0f9cba6d" sha1="247cc5605a9f88efa72543a67859e7125adcd4c2" />
	</machine>
	<machine name="theboggi">
		<description>The Boggit: Bored Too</description>
		<year>1986</year>
		<publisher>CRL</publisher>
		<rom name="Boggit,_The-_Bored_Too_Side_1.tap" size="1021004" crc="68f71906" sha1="556209a1f5721604014eef709d18502468e0932c" />
		<rom name="Boggit,_The-_Bored_Too_Side_2.tap" size="805950" crc="6b6bf72e" sha1="47d2d2c9e8ad2a4f8c40fd7e27b4b8117b49a57a" />
	</machine>
	<machine name="thedeep">
		<description>The Deep</description>
		<year>1988</year>
		<publisher>U.S. Gold</publisher>
		<rom name="Deep,_The.tap" size="1290598" crc="77d2b047" sha1="d1572954167caa879b2bc646a97c2a8abd9a9fea" />
	</machine>
</datafile>