<?xml version="1.0" encoding="utf-8"?>
<!DOCTYPE datafile PUBLIC "-//Logiqx//DTD ROM Management Datafile//EN" "http://www.logiqx.com/Dats/datafile.dtd">
<datafile>
	<header>
		<name>ibm5150</name>
		<description>IBM PC disk images</description>
		<version></version>
		<author></author>
	</header>
	<machine name="pga">
		<description>PGA Tour Golf</description>
		<year>1990</year>
		<publisher>Electronic Arts</publisher>
		<rom name="PGA Tour Golf [Electronic Arts] [1990] [3.5DD] [Disk 1 of 1].img" size="737280" crc="6c98a89d" sha1="021fcded5606fd76bd65ddb0bb55a245764ba155" />
	</machine>
	<machine name="pgaa">
		<description>PGA Tour Golf (alt)</description>
		<year>1990</year>
		<publisher>Electronic Arts</publisher>
		<rom name="PGA Tour Golf (alt) [Electronic Arts] [1990] [3.5DD] [Disk 1 of 1].img" size="737280" crc="a6a0cffb" sha1="d6796468a21801d2b216ac5be14bd525fe4b3ceb" />
	</machine>
	<machine name="pgab">
		<description>PGA Tour Golf (Special Maxell edition)</description>
		<year>1990</year>
		<publisher>Electronic Arts</publisher>
		<rom name="PGA Tour Golf (Special Maxell edition) [Electronic Arts] [1990] [5.25HD] [Disk 1 of 1].img" size="1228800" crc="c53b565e" sha1="4bbb3332c3ba4daf78e625cdf1c48868a4a07efc" />
	</machine>
	<machine name="pgatc">
		<description>PGA Tour Golf: Tournament Course Disk</description>
		<year>1991</year>
		<publisher>Electronic Arts</publisher>
		<rom name="PGA Tour Golf - Tournament Course [Electronic Arts] [1991] [3.5DD] [Disk 1 of 1].img" size="737280" crc="90c61742" sha1="28d23b9822697c5623730d1a75e5b9cc236b9bf9" />
	</machine>
	<machine name="pmonger">
		<description>PowerMonger</description>
		<year>1992</year>
		<publisher>Electronic Arts</publisher>
		<rom name="PowerMonger [Electronic Arts] [1992] [3.5DD] [Disk 1 of 3].img" size="737280" crc="65241a81" sha1="9b101351aa98f80d4725c33320f9d4836a27bee2" />
		<rom name="PowerMonger [Electronic Arts] [1992] [3.5DD] [Disk 2 of 3].img" size="737280" crc="c50348fa" sha1="71ffeb80e0d0f2d8cbd739d3849c8aa6927d0673" />
		<rom name="PowerMonger [Electronic Arts] [1992] [3.5DD] [Disk 3 of 3].img" size="737280" crc="8c68f80d" sha1="aa74dea06253c1f34b55d7a7ab96d42229b303ba" />
	</machine>
	<machine name="silpheed35c">
		<description>Silpheed (3.5", v3.2)</description>
		<year>1990</year>
		<publisher>Sierra On-Line</publisher>
		<rom name="Silpheed v3.2 [Sierra] [1990] [3.5DD] [Disk 1 of 2].img" size="737280" crc="f57d1e01" sha1="743cc2eef61921642a7b4529af0f45ebd900e92f" />
	</machine>
</datafile>