<?xml version="1.0" encoding="utf-8"?>
<!DOCTYPE datafile PUBLIC "-//Logiqx//DTD ROM Management Datafile//EN" "http://www.logiqx.com/Dats/datafile.dtd">
<datafile>
	<header>
		<name>ibm5170</name>
		<description>IBM PC/AT disk images</description>
		<version></version>
		<author></author>
	</header>
	<machine name="buzzrace">
		<description>Buzz Aldrin's Race into Space</description>
		<year>1993</year>
		<publisher>Interplay</publisher>
		<rom name="Buzz Aldrin [Interplay] [1993] [3.5HD] [Disk 1 of 7] [Startup Disk].img" size="1474560" crc="515fa80e" sha1="e198a5fe50731ab3077a3f43ab458eb2536f02ef" />
		<rom name="Buzz Aldrin [Interplay] [1993] [3.5HD] [Disk 2 of 7] [Data Disk 1].img" size="1474560" crc="18d4fda6" sha1="ef6395ac29a26e833d1c3ec54ec5e406545bb10f" />
		<rom name="Buzz Aldrin [Interplay] [1993] [3.5HD] [Disk 3 of 7] [Data Disk 2].img" size="1474560" crc="7328f2b4" sha1="601f0ecf0be993ffbc0a59facef3e61ba9eb7e1c" />
		<rom name="Buzz Aldrin [Interplay] [1993] [3.5HD] [Disk 4 of 7] [Data Disk 3].img" size="1474560" crc="5543c2f2" sha1="f6bd721fbbdb18c16a1505031502001a5e5b687d" />
		<rom name="Buzz Aldrin [Interplay] [1993] [3.5HD] [Disk 5 of 7] [Data Disk 4].img" size="1474560" crc="daf47e6b" sha1="7300a6e3a8244a0cc1dad29ffabcd27ccd86b0d6" />
		<rom name="Buzz Aldrin [Interplay] [1993] [3.5HD] [Disk 6 of 7] [Data Disk 5].img" size="1474560" crc="311802d0" sha1="fd68c242f88dec982e6ccc12dc4264455e79aa49" />
		<rom name="Buzz Aldrin [Interplay] [1993] [3.5HD] [Disk 7 of 7] [Data Disk 6].img" size="1474560" crc="6db1c98c" sha1="112c37e20c574f39d837a70998aeb15aa4c63727" />
	</machine>
	<machine name="lsl6">
		<description>Leisure Suit Larry 6: Shape Up or Slip Out!</description>
		<year>1993</year>
		<publisher>Sierra On-Line</publisher>
		<rom name="Leisure Suit Larry 6 [Sierra] [1993] [3.5HD] [Disk 1 of 6].img" size="1474560" crc="5fccd493" sha1="8d9e9b5b56f15c5da04c75e629214177467c375e" />
		<rom name="Leisure Suit Larry 6 [Sierra] [1993] [3.5HD] [Disk 2 of 6].img" size="1474560" crc="fa49b842" sha1="31574e9d4166291301ebc332b3c62380d4a55070" />
		<rom name="Leisure Suit Larry 6 [Sierra] [1993] [3.5HD] [Disk 3 of 6].img" size="1474560" crc="b6f96d6e" sha1="0d17de84160060a38cb1f647155f96da34b99668" />
		<rom name="Leisure Suit Larry 6 [Sierra] [1993] [3.5HD] [Disk 4 of 6].img" size="1474560" crc="4454b94a" sha1="17a63b2c3f921d551febefc570a1dc4fdef7eed8" />
		<rom name="Leisure Suit Larry 6 [Sierra] [1993] [3.5HD] [Disk 5 of 6].img" size="1474560" crc="67c127ff" sha1="61075cb17a4aff9740b9282785e6d5b6571c00bd" />
		<rom name="Leisure Suit Larry 6 [Sierra] [1993] [3.5HD] [Disk 6 of 6].img" size="1474560" crc="145c2009" sha1="2e111e7a5efb40885436990d883c07e3395a0c22" />
	</machine>
	<machine name="sierrain">
		<description>The Sierra ImagiNation Network</description>
		<year>1994</year>
		<publisher>Sierra On-Line</publisher>
		<rom name="Sierra Imagination Network [Sierra] [1994] [3.5HD] [Disk 1 of 5].img" size="1474560" crc="32e08f5c" sha1="095cb0f545f624c1c4dbe77de8b6c10c4d65e828" />
		<rom name="Sierra Imagination Network [Sierra] [1994] [3.5HD] [Disk 2 of 5].img" size="1474560" crc="07b40f54" sha1="9a6bf226aa663fad3bb5ec3e325ef2f7147de372" />
		<rom name="Sierra Imagination Network [Sierra] [1994] [3.5HD] [Disk 3 of 5].img" size="1474560" crc="6603d7db" sha1="8b840495c906f56c0467f5da8a6c9925c1985c7a" />
		<rom name="Sierra Imagination Network [Sierra] [1994] [3.5HD] [Disk 4 of 5].img" size="1474560" crc="232e971b" sha1="8f606642e2433849077fdf23f37bcacf0746687b" />
		<rom name="Sierra Imagination Network [Sierra] [1994] [3.5HD] [Disk 5 of 5].img" size="1474560" crc="deeda763" sha1="cb3028b01dd0fbb1867bddd3912d15abfee6b116" />
	</machine>
	<machine name="sierraina">
		<description>The Sierra ImagiNation Network (older)</description>
		<year>1993</year>
		<publisher>Sierra On-Line</publisher>
		<rom name="Sierra Imagination Network [Sierra] [1993] [3.5HD] [Disk 1 of 5].img" size="1474560" crc="462ec8c0" sha1="058d20ac20b4059cc5e5b1451a40b68a8731a98c" />
		<rom name="Sierra Imagination Network [Sierra] [1993] [3.5HD] [Disk 2 of 5].img" size="1474560" crc="7da835c1" sha1="5ee0ab611c203935d4fbd206f92c05abb139e187" />
		<rom name="Sierra Imagination Network [Sierra] [1993] [3.5HD] [Disk 3 of 5].img" size="1474560" crc="a148e061" sha1="7e4219d6191938923b767b36c0bbccdc4ba6f9b1" />
		<rom name="Sierra Imagination Network [Sierra] [1993] [3.5HD] [Disk 4 of 5].img" size="1474560" crc="72cb3fbb" sha1="91e0ba9ee9e1e99156b24548c3e7c68b62a1f51f" />
		<rom name="Sierra Imagination Network [Sierra] [1993] [3.5HD] [Disk 5 of 5].img" size="1474560" crc="616a4394" sha1="b48bd58343afce80f8cd45e2671a8e0422977805" />
	</machine>
	<machine name="sierranw">
		<description>The Sierra Network</description>
		<year>1992</year>
		<publisher>Sierra On-Line</publisher>
		<rom name="The Sierra Network [Sierra] [1992] [5.25HD] [Disk 1 of 1].img" size="1228800" crc="b6b5bc88" sha1="5e493b0fcf35926a7084da322738b73fcbebc318" />
	</machine>
	<machine name="swtiefgt">
		<description>Star Wars: TIE Fighter</description>
		<year>1994</year>
		<publisher>LucasArts</publisher>
		<rom name="Tie Fighter [LucasArts] [1994] [3.5HD] [Disk 1 of 5].img" size="1474560" crc="4e5ff67c" sha1="05a42ffcc715cc93ab5d57116096d45785827e9a" />
		<rom name="Tie Fighter [LucasArts] [1994] [3.5HD] [Disk 2 of 5].img" size="1474560" crc="f54a2212" sha1="d17c0f18adb4b35450903845a256a1c1df1e0943" />
		<rom name="Tie Fighter [LucasArts] [1994] [3.5HD] [Disk 3 of 5].img" size="1474560" crc="24393300" sha1="2f50bee02ad59046ca41f443060a7346e8a9b104" />
		<rom name="Tie Fighter [LucasArts] [1994] [3.5HD] [Disk 4 of 5].img" size="1474560" crc="8dbdd43b" sha1="f7e57b284a140a16b60e4688250fb6be2ca477c5" />
		<rom name="Tie Fighter [LucasArts] [1994] [3.5HD] [Disk 5 of 5].img" size="1474560" crc="32954739" sha1="ad96ddf5ce90851a383daa2c33d5711ca2d629ec" />
	</machine>
	<machine name="swtiefgtde">
		<description>Star Wars: TIE Fighter (Germany)</description>
		<year>1994</year>
		<publisher>LucasArts</publisher>
		<rom name="Tie Fighter (Germany) [LucasArts] [1994] [3.5HD] [Disk 1 of 5].img" size="1474560" crc="0c93ed45" sha1="910c55c30c3f34fb27a5ae3a9fe52fa69a128ca5" />
	</machine>
	<machine name="twinion">
		<description>Fates of Twinion</description>
		<year>1993</year>
		<publisher>Sierra On-Line</publisher>
		<rom name="Fates of Twinion [Sierra] [1993] [3.5HD] [Disk 1 of 2].img" size="1474560" crc="16fe32d4" sha1="ea5141e4c00949cb3bfc36b9c2399b4221fd2177" />
		<rom name="Fates of Twinion [Sierra] [1993] [3.5HD] [Disk 2 of 2].img" size="1474560" crc="5bafa268" sha1="82898fa82cc52a4d36194db10735c4d7fbb46676" />
	</machine>
	<machine name="yserbius">
		<description>Shadow of Yserbius</description>
		<year>1994</year>
		<publisher>Sierra On-Line</publisher>
		<rom name="Shadow of Yserbius [Sierra] [1994] [3.5HD] [Disk 1 of 2].img" size="1474560" crc="12d05885" sha1="f4bed37d08dc0114df875dd173e6e82399875230" />
		<rom name="Shadow of Yserbius [Sierra] [1994] [3.5HD] [Disk 2 of 2].img" size="1474560" crc="3129f6ba" sha1="ad3f10ff3e79d04232e4226b42b0c89e321dafc4" />
	</machine>
</datafile>