<?xml version="1.0" encoding="utf-8"?>
<!DOCTYPE datafile PUBLIC "-//Logiqx//DTD ROM Management Datafile//EN" "http://www.logiqx.com/Dats/datafile.dtd">
<datafile>
	<header>
		<name>megadriv</name>
		<description>Sega MegaDrive/Genesis cartridges</description>
		<version></version>
		<author></author>
	</header>
	<machine name="mkp">
		<description>Mortal Kombat (prototype)</description>
		<year>1993</year>
		<publisher>Arena</publisher>
		<rom name="mortal kombat (prototype b).md" size="2097152" crc="195b0397" sha1="802840b135ab778c749cb6fb27bbb595a263a1c3" />
	</machine>
</datafile>