<?xml version="1.0" encoding="utf-8"?>
<!DOCTYPE datafile PUBLIC "-//Logiqx//DTD ROM Management Datafile//EN" "http://www.logiqx.com/Dats/datafile.dtd">
<datafile>
	<header>
		<name>nes</name>
		<description>Nintendo Entertainment System cartridges</description>
		<version></version>
		<author></author>
	</header>
	<machine name="7grandad">
		<description>7 Grand Dad (The Flintstones - The Rescue of Dino &amp; Hoppy pirate)</description>
		<year>1992</year>
		<publisher>&lt;pirate&gt;</publisher>
		<rom name="7 grand dad.chr" size="262144" crc="005b3e8c" sha1="99bd02915c6d0cc06cbd1e91585158209e596e74" status="baddump" />
		<rom name="7 grand dad.prg" size="131072" crc="70697c08" sha1="e1d4bfb11991508facf19e7374dfb25bdf0eb57c" status="baddump" />
	</machine>
	<machine name="avjjmj2a">
		<description>AV Jiūjí Májiàng II (Asia, alt)</description>
		<year>1995?</year>
		<publisher>Ge De Industry</publisher>
		<rom name="av jiu ji ma jiang 2 (unl) [a1].prg" size="131072" crc="8e045b2a" sha1="7c62936b0e0c46999f743cb098d0d718273e7540" status="baddump" />
	</machine>
	<machine name="batmandy">
		<description>Batman - The Video Game (Brazil, pirate)</description>
		<year>1992?</year>
		<publisher>Dynacon</publisher>
		<rom name="nd940-p" size="131072" crc="c3a5e31e" sha1="1093ac63afb276c03315f34f8f35176085d03083" />
	</machine>
	<machine name="blackdrg">
		<description>Black Dragon (Korea)</description>
		<year>19??</year>
		<publisher>Haitai</publisher>
		<rom name="beullaeg deulaegon.chr" size="65536" crc="367c87df" sha1="5290455811e31adc8ad7c0b508bb9623a117920f" status="baddump" />
		<rom name="beullaeg deulaegon.prg" size="65536" crc="93e2b8ef" sha1="1cbaf9aa401c7714a1673995d376574ecbee6943" status="baddump" />
	</machine>
	<machine name="brillco1">
		<description>Yeongjaekeom Cocoma Pack 1 (Korea)</description>
		<year>1999</year>
		<publisher>EduBank</publisher>
		<rom name="brilliantcom cocoma pack 1.chr" size="524288" crc="a1d7355c" sha1="08e6cbda7f16233d3cd5e0ce9f62591158854ee6" status="baddump" />
		<rom name="brilliantcom cocoma pack 1.prg" size="524288" crc="cde78918" sha1="9ff8ffe51405b580f05fc0409b227a924aefda87" status="baddump" />
	</machine>
	<machine name="brillco2">
		<description>Yeongjaekeom Cocoma Pack 2 (Korea)</description>
		<year>1999</year>
		<publisher>EduBank</publisher>
		<rom name="brilliantcom cocoma pack 2.chr" size="524288" crc="cd2d3259" sha1="41899d235abc1bb85b7a448437791c4d40d65709" status="baddump" />
		<rom name="brilliantcom cocoma pack 2.prg" size="524288" crc="1a1e9f91" sha1="7de52bfd475f15f75c8b739c269ecb778ae53c59" status="baddump" />
	</machine>
	<machine name="dongdng2">
		<description>Dòngdòngnǎo II: Guózhōng Yīngwén (I) (Taiwan)</description>
		<year>1989</year>
		<publisher>Sachen</publisher>
		<rom name="0.chr" size="16384" crc="cfd300b8" sha1="4c35e636de1b8527684252185061055a30999c70" status="baddump" />
		<rom name="0.prg" size="32768" crc="dde9079f" sha1="337235dbe6747a196e8aac7f97d18ad047f2f929" status="baddump" />
	</machine>
	<machine name="englcai">
		<description>1996 Yīngyǔ CAI 3 in 1 (China)</description>
		<year>1996</year>
		<publisher>Waixing</publisher>
		<rom name="1996 english cai 3-in-1.chr" size="131072" crc="af296124" sha1="51775019b1cbb940fdd82f82020fa419c0080457" status="baddump" />
		<rom name="1996 english cai 3-in-1.prg" size="262144" crc="e2654b44" sha1="1f5c72a9844bda2c554f384e128761fb1f48c9be" status="baddump" />
	</machine>
	<machine name="flyingsb">
		<description>Nar-ara Superboy (Korea)</description>
		<year>199?</year>
		<publisher>Haitai</publisher>
		<rom name="flying superboy.chr" size="65536" crc="e9b4810d" sha1="7ca6956f689ee714283d7d0d9b9922448fefce88" status="baddump" />
		<rom name="flying superboy.prg" size="65536" crc="28acc254" sha1="225894caec0ffb9ae75b317421ab609c7455c0eb" status="baddump" />
	</machine>
	<machine name="fudomyodh">
		<description>Fudou Myouou Den (pirate)</description>
		<year>19??</year>
		<publisher>&lt;pirate&gt;</publisher>
		<rom name="ying zi chuan shuo 2 - fudou myouou den (j)[p1].prg" size="262144" crc="c23539a5" sha1="edb9c2125bf0ba9c3d39a72f1af5343a18f7d06c" status="baddump" />
	</machine>
	<machine name="gottapro">
		<description>Gotta Protectors - Amazon's Running Diet</description>
		<year>2017</year>
		<publisher>Ancient corp</publisher>
		<rom name="amazon_diet_EN.chr" size="262144" crc="11b171c6" sha1="eac3b8173fb7b1b4c7d01c17149e7396391f72b8" />
		<rom name="amazon_diet_EN.prg" size="262144" crc="9d374a54" sha1="fcfe44d43c609bef67ba893f7bdcbf228884d0b1" />
	</machine>
	<machine name="mathcai">
		<description>Xiǎoxuéshēng Shùxué CAI (China)</description>
		<year>1996</year>
		<publisher>Waixing</publisher>
		<rom name="elementary school math cai.chr" size="131072" crc="38b9a06a" sha1="d50e50817905ea1ed39cd7b446eb31cfd29658bd" status="baddump" />
		<rom name="elementary school math cai.prg" size="131072" crc="7b30a397" sha1="7d635ffacb6b947bc9a134aecafe65e968b516ab" status="baddump" />
	</machine>
	<machine name="mc_1ka">
		<description>1000 in 1 (alt games)</description>
		<year>19??</year>
		<publisher>&lt;pirate&gt;</publisher>
		<rom name="1000-in-1 (sun wukong title screen).prg" size="2097152" crc="a175ff8d" sha1="87358910929a2566ab65743610bd057184f143f7" status="baddump" />
	</machine>
	<machine name="mc_1m100">
		<description>1100000 in 1</description>
		<year>19??</year>
		<publisher>&lt;pirate&gt;</publisher>
		<rom name="1100000-in-1.chr" size="65536" crc="280de249" sha1="8d5e2ecbc31c5a83adccd7d8d48378c79f81ec1a" status="baddump" />
		<rom name="1100000-in-1.prg" size="131072" crc="9f342de5" sha1="ce9938307a4d4774588463ba241192532dce518b" status="baddump" />
	</machine>
	<machine name="mc_2gn91">
		<description>2 in 1 (GN-91B)</description>
		<year>19??</year>
		<publisher>&lt;pirate&gt;</publisher>
		<rom name="2-in-1 (gn-91b).prg" size="262144" crc="3c1d4ae3" sha1="ea31bf78a2bcb9fff752c12b07dfff8d65ba89fe" status="baddump" />
	</machine>
	<machine name="mc_2n811">
		<description>2 in 1 (NT-811)</description>
		<year>199?</year>
		<publisher>&lt;pirate&gt;</publisher>
		<rom name="2-in-1 (nt-811).prg" size="262144" crc="fa38298e" sha1="b111185897125231072d36308f05e869303a2a72" status="baddump" />
	</machine>
	<machine name="mc_2vt37">
		<description>2 in 1 (VT-2037)</description>
		<year>199?</year>
		<publisher>&lt;pirate&gt;</publisher>
		<rom name="2-in-1 (vt-2037).chr" size="262144" crc="df2c7a9b" sha1="8b40907ea0e753fecdfcb1962dae0fa7f76f21c7" status="baddump" />
		<rom name="2-in-1 (vt-2037).prg" size="262144" crc="9c1ab014" sha1="d5b565c27cab0fbe0cf2bc46a748f292323faa4b" status="baddump" />
	</machine>
	<machine name="mc_2vt38">
		<description>2 in 1 (VT-2038)</description>
		<year>199?</year>
		<publisher>&lt;pirate&gt;</publisher>
		<rom name="2-in-1 (vt-2038).chr" size="262144" crc="46d5f59b" sha1="3273cd0f59aa765d3d7c14dfb97221a06b303ae9" status="baddump" />
		<rom name="2-in-1 (vt-2038).prg" size="262144" crc="0b86f42d" sha1="f39e83f7aadcd62e9901604dd58e6ba0f8601a47" status="baddump" />
	</machine>
	<machine name="mc_2wq47">
		<description>Super 2 in 1 (WQ 2047)</description>
		<year>1998</year>
		<publisher>&lt;pirate&gt;</publisher>
		<rom name="super 2-in-1 (wq 2047, 1998).chr" size="262144" crc="16685dcc" sha1="c51cf4df3122610cf2f90a9b75b77e2942f3ba1a" status="baddump" />
		<rom name="super 2-in-1 (wq 2047, 1998).prg" size="262144" crc="018a778d" sha1="b6d579b431f2b3869b7a738b4778069d4002a6c0" status="baddump" />
	</machine>
	<machine name="mc_3cb3x">
		<description>Super Cool Boy 3 in 1 (ABAB CB-403x)</description>
		<year>19??</year>
		<publisher>&lt;pirate&gt;</publisher>
		<rom name="super cool boy 3-in-1 (abab cb-403x).chr" size="524288" crc="a7e2b191" sha1="cbae98aa7c95a9d0166dcd7377126feb0c643453" status="baddump" />
		<rom name="super cool boy 3-in-1 (abab cb-403x).prg" size="524288" crc="cc9b48f9" sha1="a94ad3a4cf8f8f7aa1ea2f9fe9ca21ff759d53fa" status="baddump" />
	</machine>
	<machine name="mc_4cb11">
		<description>Super Cool Boy 4 in 1 (CB-4011)</description>
		<year>19??</year>
		<publisher>&lt;pirate&gt;</publisher>
		<rom name="super cool boy 4-in-1 (cb-4011).chr" size="524288" crc="3958dc0a" sha1="1787f4b15ad5b36a3df87ec8b18da011ffa53ced" status="baddump" />
		<rom name="super cool boy 4-in-1 (cb-4011).prg" size="524288" crc="a018596e" sha1="8210f0d75888e96ed9e7a056a5f7becd6421c1a1" status="baddump" />
	</machine>
	<machine name="mc_4cb34">
		<description>Super Cool Boy 4 in 1 (CB-4034)</description>
		<year>19??</year>
		<publisher>&lt;pirate&gt;</publisher>
		<rom name="super cool boy 4-in-1 (cb-4034).chr" size="524288" crc="25e57754" sha1="29d9de458e5a3ffd9cf5d443fb1f902dfec3defc" status="baddump" />
		<rom name="super cool boy 4-in-1 (cb-4034).prg" size="524288" crc="ba86dc5d" sha1="74435b8c46a4e54f5b0901e06bde88738f206910" status="baddump" />
	</machine>
	<machine name="mc_4cb35">
		<description>Super Cool Boy 4 in 1 (CB-4035)</description>
		<year>19??</year>
		<publisher>&lt;pirate&gt;</publisher>
		<rom name="super cool boy 4-in-1 (cb-4035).chr" size="524288" crc="0c0500d0" sha1="6e470058ff439dfd0cd9213dae3ecce43db20284" status="baddump" />
		<rom name="super cool boy 4-in-1 (cb-4035).prg" size="524288" crc="a081d088" sha1="c53260978ce2fbbb06c757fe9c2a8a414ce26076" status="baddump" />
	</machine>
	<machine name="mc_4j274">
		<description>4 in 1 (JH-274)</description>
		<year>19??</year>
		<publisher>&lt;pirate&gt;</publisher>
		<rom name="4-in-1 (t4a54c) (jh-274) [p1].chr" size="524288" crc="8483d8e8" sha1="e84ed984aac5dbcffd640bb4ff9bd057270a9fc3" status="baddump" />
		<rom name="4-in-1 (t4a54c) (jh-274) [p1].prg" size="524288" crc="5018f6d6" sha1="a83c14b3c2117425a5e0c0f9edcaee1aa364d206" status="baddump" />
	</machine>
	<machine name="mc_4jy4">
		<description>1996 Super HiK 4 in 1 (JY-004)</description>
		<year>1996</year>
		<publisher>J.Y. Company</publisher>
		<rom name="1996 super hik 4-in-1 (jy-004).chr" size="524288" crc="d851081c" sha1="688ff9f483751d42ec6eb3c1eb4c90c019746609" status="baddump" />
		<rom name="1996 super hik 4-in-1 (jy-004).prg" size="524288" crc="1ad4b9d5" sha1="87911ce6cae6799f8fa2a785190b54e397472b35" status="baddump" />
	</machine>
	<machine name="mc_4jy5">
		<description>1994 Super HiK 4 in 1 (JY-005)</description>
		<year>1994</year>
		<publisher>J.Y. Company</publisher>
		<rom name="1994 super hik 4-in-1 (jy-005).chr" size="524288" crc="6043ee99" sha1="314eb5cb09ebca1c2190e4916262bacc9ab32085" status="baddump" />
		<rom name="1994 super hik 4-in-1 (jy-005).prg" size="524288" crc="1dbfc8f0" sha1="52c89d70d7e6f122fa5daff07b93ffb3c9b0de57" status="baddump" />
	</machine>
	<machine name="mc_4k443">
		<description>4 in 1 (KG-443)</description>
		<year>19??</year>
		<publisher>&lt;pirate&gt;</publisher>
		<rom name="4-in-1 (kg-443).chr" size="65536" crc="44a306c9" sha1="d6cc81ca91ab060c3353252dc78c9bc8bd0593ef" status="baddump" />
		<rom name="4-in-1 (kg-443).prg" size="131072" crc="0ff5171d" sha1="6c3c7ff7212bd3bd29b9c809517629d254661730" status="baddump" />
	</machine>
	<machine name="mc_4pw99">
		<description>4 in 1 1999</description>
		<year>1999</year>
		<publisher>&lt;pirate&gt;</publisher>
		<rom name="4-in-1 1999.prg" size="524288" crc="57004aca" sha1="cffa3179223004f3f7a3571228cc9b4d6de2bbf6" status="baddump" />
	</machine>
	<machine name="mc_4y463">
		<description>1998 HIGH 4 in 1 (YH-463)</description>
		<year>19??</year>
		<publisher>&lt;pirate&gt;</publisher>
		<rom name="1998 high 4-in-1 (1+45674a) (yh-463) (unl).chr" size="524288" crc="3e81efd2" sha1="e4635b30b4cde77577e7cd5e9a3c3772e1136494" status="baddump" />
		<rom name="1998 high 4-in-1 (1+45674a) (yh-463) (unl).prg" size="524288" crc="d4625aab" sha1="de88ad11f0766ff7be5e3e1a974054f726f5b819" status="baddump" />
	</machine>
	<machine name="mc_4yh03">
		<description>4 in 1 (YH-4103)</description>
		<year>19??</year>
		<publisher>&lt;pirate&gt;</publisher>
		<rom name="4-in-1 (yh-4103).chr" size="524288" crc="4ce94ccf" sha1="461bbe7f1c1877b113c5df73c7a6702211dd054a" status="baddump" />
		<rom name="4-in-1 (yh-4103).prg" size="524288" crc="a41e2f9f" sha1="4eaff3ca6578025b2442a8e18a1b540af314bc03" status="baddump" />
	</machine>
	<machine name="mc_5srpg">
		<description>Super RPG 5 in 1 (CH501)</description>
		<year>1996</year>
		<publisher>&lt;pirate&gt;</publisher>
		<rom name="super rpg 5 in 1 ch501.prg" size="2097152" crc="d65e0e3b" sha1="4d8502e6a55649f41d8b6f45e5c352d306dc1e8e" status="baddump" />
	</machine>
	<machine name="mc_6ns">
		<description>New Star 6 in 1 Game Cartridge</description>
		<year>19??</year>
		<publisher>&lt;pirate&gt;</publisher>
		<rom name="new star 6-in-1 game cartridge (l6in1).prg" size="524288" crc="78a1c568" sha1="0216c5485b18547715017f5ff56b7de2edaed4bc" status="baddump" />
	</machine>
	<machine name="mc_7ew2">
		<description>1994 New Series Red Pig 7 in 1 (EW-002)</description>
		<year>1994</year>
		<publisher>&lt;pirate&gt;</publisher>
		<rom name="1994 new series red pig 7-in-1 (ew-002).chr" size="524288" crc="b6d9b8e7" sha1="28bde7b0ef3d7aeb8cb6f02dbdab89a7b8554a51" status="baddump" />
		<rom name="1994 new series red pig 7-in-1 (ew-002).prg" size="524288" crc="31620c48" sha1="92b4fa687e69dcc2cd75e458ec38c5ed6ff623cf" status="baddump" />
	</machine>
	<machine name="mc_7j208">
		<description>Rockman 7 in 1 (JY-208)</description>
		<year>199?</year>
		<publisher>J.Y. Company</publisher>
		<rom name="rockman 7-in-1 (jy-208).chr" size="524288" crc="9a69e951" sha1="2f5dffbb134025c79011741ebdbf67a7b0490927" status="baddump" />
		<rom name="rockman 7-in-1 (jy-208).prg" size="2097152" crc="413d3dbf" sha1="47fbef7a2b3a33435b64e02d9068d20049369415" status="baddump" />
	</machine>
	<machine name="mc_7m26">
		<description>1994 Super HiK 7 in 1 (M-026)</description>
		<year>1994</year>
		<publisher>&lt;pirate&gt;</publisher>
		<rom name="1994 super hik 7-in-1 (m-026).chr" size="524288" crc="186291b1" sha1="26b70492774419f51d55c2d23cf9f84bc0fbf7b5" status="baddump" />
		<rom name="1994 super hik 7-in-1 (m-026).prg" size="524288" crc="53588417" sha1="bb8354c11e7d3110bd95d1e149bb11c0f35ed455" status="baddump" />
	</machine>
	<machine name="mc_7m27">
		<description>1994 Super HiK 7 in 1 (M-027)</description>
		<year>1994</year>
		<publisher>&lt;pirate&gt;</publisher>
		<rom name="1994 super hik 7-in-1 (m-027).chr" size="524288" crc="70f633d3" sha1="8ce05af67cd35062b2039c16f90b4f1e3cef8716" status="baddump" />
		<rom name="1994 super hik 7-in-1 (m-027).prg" size="524288" crc="8c1523d8" sha1="884b3b675612136fcc5e0fcff0274812d2015566" status="baddump" />
	</machine>
	<machine name="mc_8j111">
		<description>1998 Super Game 8 in 1 (JY-111)</description>
		<year>1998</year>
		<publisher>J.Y. Company</publisher>
		<rom name="1998 super game 8-in-1 (jy-111).chr" size="1048576" crc="c907cacf" sha1="de2a790ca0ce7e5aa2312f97cb8d92ac3836ddc5" status="baddump" />
		<rom name="1998 super game 8-in-1 (jy-111).prg" size="1048576" crc="8d6805f0" sha1="c13d1a3c72f48ad00db939f088f67750fafef13e" status="baddump" />
	</machine>
	<machine name="mc_8j112">
		<description>1997 8 in 1 (JY-112)</description>
		<year>1997</year>
		<publisher>J.Y. Company</publisher>
		<rom name="1997 8-in-1 (jy-112).chr" size="1048576" crc="6751a900" sha1="fc88086b13d379848d8582aee932c3d821eea7c1" status="baddump" />
		<rom name="1997 8-in-1 (jy-112).prg" size="1048576" crc="c6971394" sha1="d3f37dd47c9a857515b40035debe6d2dbd2ec825" status="baddump" />
	</machine>
	<machine name="mc_9x7mw">
		<description>9999999 in 1 - 1998 Series No. 10</description>
		<year>19??</year>
		<publisher>&lt;pirate&gt;</publisher>
		<rom name="1998 series no. 10.chr" size="131072" crc="a382ad48" sha1="ca9e438e8d80d71ade0858f5342f2f60dc40395a" status="baddump" />
		<rom name="1998 series no. 10.prg" size="131072" crc="c74f9c72" sha1="10a613db03ce99e035a421a927dbd01277f6c5dd" status="baddump" />
	</machine>
	<machine name="mc_20ca6">
		<description>20 in 1 (CA-006)</description>
		<year>19??</year>
		<publisher>&lt;pirate&gt;</publisher>
		<rom name="20-in-1 (ca-006).prg" size="524288" crc="2f544832" sha1="9aeb8ea71ceff1eeea5a293c4257d259d1652aae" status="baddump" />
	</machine>
	<machine name="mc_35k33">
		<description>35 in 1 (K-3033)</description>
		<year>199?</year>
		<publisher>&lt;pirate&gt;</publisher>
		<rom name="35-in-1 (k-3033).chr" size="1048576" crc="bded0afd" sha1="9561865c4f34fbfc79636e6d86a2ad36161b1c83" status="baddump" />
		<rom name="35-in-1 (k-3033).prg" size="1048576" crc="71c2171e" sha1="06114bbb419a9ae51966ceb91b40868410402c2d" status="baddump" />
	</machine>
	<machine name="mc_43s98">
		<description>Super 98 - 43 in 1 (VT321)</description>
		<year>19??</year>
		<publisher>&lt;pirate&gt;</publisher>
		<rom name="super 98 - 43-in-1 (vt321).chr" size="131072" crc="cd9f44b1" sha1="1a9a553054508fa643cb674ba929f234155e0103" status="baddump" />
		<rom name="super 98 - 43-in-1 (vt321).prg" size="131072" crc="f04d8bb6" sha1="290d58fe2faf1dd45b77983d13563a72ab1f3166" status="baddump" />
	</machine>
	<machine name="mc_64c15">
		<description>64 in 1 (CF-015)</description>
		<year>19??</year>
		<publisher>&lt;pirate&gt;</publisher>
		<rom name="64-in-1 (cf-015).chr" size="65536" crc="4b47e131" sha1="8a1fae60beb8b99f985bd56ca1ac75251e0027d0" status="baddump" />
		<rom name="64-in-1 (cf-015).prg" size="131072" crc="ee24b155" sha1="79aefd3ab42fc1b1433ea44e2008a1ec29097889" status="baddump" />
	</machine>
	<machine name="mc_101">
		<description>101 in 1 Games</description>
		<year>19??</year>
		<publisher>&lt;unknown&gt;</publisher>
		<rom name="101-in-1 games [p1].prg" size="4194304" crc="63ac35dc" sha1="225fd85cd45f2dd597fdd060902282dcae2065af" status="baddump" />
	</machine>
	<machine name="mc_420y2">
		<description>Y2K 420 in 1</description>
		<year>19??</year>
		<publisher>&lt;pirate&gt;</publisher>
		<rom name="teletubbies y2k (420-in-1).prg" size="1048576" crc="272709b9" sha1="fd795bdb46dbd15b3252500d2a9787c8acc6ba20" status="baddump" />
	</machine>
	<machine name="mc_marif">
		<description>Super Mario Family 10 in 1</description>
		<year>1992?</year>
		<publisher>&lt;pirate&gt;</publisher>
		<rom name="0001" size="1048576" crc="880fc6a9" sha1="a677e8aaa0f58be6c62ab72936ef0c2065014ff4" status="baddump" />
	</machine>
	<machine name="mc_marp2">
		<description>Golden Mario Party II - Around the World 6 in 1</description>
		<year>199?</year>
		<publisher>&lt;pirate&gt;</publisher>
		<rom name="golden mario party ii - around the world 6-in-1.chr" size="1048576" crc="f5056252" sha1="018aa1ada019f8cdd4a192251bfcbe159c3f429e" status="baddump" />
		<rom name="golden mario party ii - around the world 6-in-1.prg" size="1048576" crc="83392938" sha1="0421b301bece7217162164bb79fc6f896b988260" status="baddump" />
	</machine>
	<machine name="mc_rockma">
		<description>Rockman 6 in 1 (alt)</description>
		<year>19??</year>
		<publisher>&lt;unknown&gt;</publisher>
		<rom name="rockman 6-in-1 (rev1).prg" size="2097152" crc="9cd36298" sha1="35a6d451f5c439f167ff153580fa3d8196bf6fe9" status="baddump" />
	</machine>
	<machine name="mc_rockmb">
		<description>Rockman 6 in 1 (alt 2)</description>
		<year>19??</year>
		<publisher>&lt;unknown&gt;</publisher>
		<rom name="rockman 6-in-1 (rev2).prg" size="2097152" crc="c07f8390" sha1="3fd7f18502a34afa962e9885f7cfa1a8be0b3f6a" status="baddump" />
	</machine>
	<machine name="mmknight">
		<description>Minna de Mamotte Knight - Amazon no Diet Daisakusen</description>
		<year>2017</year>
		<publisher>Ancient corp</publisher>
		<rom name="amazon_diet_JP.prg" size="262144" crc="2851bcb6" sha1="b86a2ba58d0981f28a37a8f555911d842dfae50d" />
	</machine>
	<machine name="mspeachw">
		<description>Miss Peach World 1 - Super L.A. Cop (Japan)</description>
		<year>1991</year>
		<publisher>Hacker International</publisher>
		<rom name="miss peach world.chr" size="65536" crc="a9d5bea7" sha1="2241cf3ea84889d50009928e66ead5f15bff2cca" status="baddump" />
		<rom name="miss peach world.prg" size="65536" crc="ea7af97e" sha1="2e68d334193d70f92619b656785f749eae82382a" status="baddump" />
	</machine>
	<machine name="olympiqk">
		<description>Olympic I.Q. (Korea)</description>
		<year>1991</year>
		<publisher>Kuk Je Academy</publisher>
		<rom name="olympic i.q. (kukje academy).chr" size="32768" crc="acc915d0" sha1="493344bfe98ee7eee8b64ff5bd8a35c136c9d5b6" status="baddump" />
		<rom name="olympic i.q. (kukje academy).prg" size="65536" crc="ce79a280" sha1="283b843c11c0c4fc98d3ef2634cb194b727be2f0" status="baddump" />
	</machine>
</datafile>