<?xml version="1.0" encoding="utf-8"?>
<!DOCTYPE datafile PUBLIC "-//Logiqx//DTD ROM Management Datafile//EN" "http://www.logiqx.com/Dats/datafile.dtd">
<datafile>
	<header>
		<name>vgmplay</name>
		<description>Video Game Music Files</description>
		<version></version>
		<author></author>
	</header>
	<machine name="aleste2_msx2o">
		<description>Aleste 2 (MSX2, OPLL)</description>
		<year>1989</year>
		<publisher>Compile</publisher>
		<rom name="01 opening demo.vgz" size="4974" crc="6cb7967e" sha1="54ad3ac31ab261d74b2e359ed57e1760ee975618" />
		<rom name="02 title.vgz" size="10813" crc="59af542a" sha1="ecee46840842cbbb91bed9f77e4064f59a45de24" />
		<rom name="03 weapon select.vgz" size="2622" crc="edd318d6" sha1="3efc8a8ed87848b281ebb7b365d791a207ddcc9c" />
		<rom name="04 area 1.vgz" size="8616" crc="ca8eb270" sha1="e521fcdc81f4edfedecea64980494e0a062ff6be" />
		<rom name="05 boss 1.vgz" size="1826" crc="5d30d52a" sha1="b19168cd183b1ef2b02b248c229766746036a1dc" />
		<rom name="06 bonus.vgz" size="1203" crc="ae613c42" sha1="462143280940e4e91bb915784d4013902609f77e" />
		<rom name="07 area clear.vgz" size="3899" crc="04db6180" sha1="dbc6f46607132361a1a9feb063ca57136e6c3c00" />
		<rom name="08 area 2, 6.vgz" size="9553" crc="ba0e51ee" sha1="ad19ba50dfeefdfed57810064c5d4c025ec741cd" />
		<rom name="09 boss 2.vgz" size="2714" crc="a6a9af03" sha1="4d04d5d278d632a0cdd2a5bdbce6ad64dbe2d93b" />
		<rom name="10 area 3, 5.vgz" size="7406" crc="2d4e8cf8" sha1="fea2ccfb23a24696826a17f3c6a131355856ef16" />
		<rom name="11 area 4.vgz" size="4012" crc="3f34b8ba" sha1="46c2607a04196aa3495d5ccc5db4f2602d68e7c2" />
		<rom name="12 area 4 clear demo.vgz" size="3833" crc="e4586f62" sha1="280f106b98154217aca1bb66ba79d58769142a24" />
		<rom name="13 area 7.vgz" size="3776" crc="68e33a41" sha1="dc21ec4fcdfd2f4b0bc7a8fb9e8aa03971f250ef" />
		<rom name="14 area 8.vgz" size="6387" crc="d32d82e7" sha1="5c5ae3244008d680f02f9c990dbab2019ee6deaf" />
		<rom name="15 last boss.vgz" size="6244" crc="7943c20f" sha1="d68f335de3bd55be9d295811b082a43292bbd598" />
		<rom name="16 ending.vgz" size="7558" crc="30f0233c" sha1="3cb9f3c543c2cbca75b81055b5bb84cea5dbc4a9" />
		<rom name="17 game over.vgz" size="978" crc="6366df04" sha1="b55df1eb3ea84d9115fb2d6ca6c54e69bd4678c3" />
	</machine>
	<machine name="aleste2_msx2">
		<description>Aleste 2 (MSX2, PSG)</description>
		<year>1989</year>
		<publisher>Compile</publisher>
		<rom name="01 opening demo.vgz" size="4131" crc="ea63000a" sha1="a13d1a4639f5e95f2ccecbaa1fa6be8be8586f8f" />
		<rom name="02 title.vgz" size="9212" crc="65a6e2df" sha1="7c5d3f4ddc41523a44f85c946258865bfc93d47f" />
		<rom name="03 weapon select.vgz" size="3218" crc="ebb8c199" sha1="5027333f55b10173bb0ecbd9171593443f070c14" />
		<rom name="04 area 1.vgz" size="4649" crc="ae39d427" sha1="7922c83665314fc129d443bb7b364f33e519e4e5" />
		<rom name="05 boss 1.vgz" size="3383" crc="87adc4e8" sha1="65a59729470ba3ea8f7854efeaae58180c27b687" />
		<rom name="06 bonus.vgz" size="805" crc="7548f27c" sha1="c60308005a0795037f893b6429eada88894f98ed" />
		<rom name="07 area clear.vgz" size="1670" crc="42c5c9ca" sha1="1110e1ad8d49e68a3fc9454e838427d548874c9f" />
		<rom name="08 area 2, 6.vgz" size="7270" crc="8c439de2" sha1="5e9c287f85e81c0fe1805149226dd92a846cea68" />
		<rom name="09 boss 2.vgz" size="2251" crc="cddbf8fe" sha1="1b9f6f30f124f1dcdafa1eb62d06e3b546d114a0" />
		<rom name="10 area 3, 5.vgz" size="8354" crc="10197786" sha1="fe065104c871335321ddf562018af8afda2da765" />
		<rom name="11 area 4.vgz" size="2525" crc="a76043d1" sha1="688f408f700957764f5ca35a430e37b09747dfdc" />
		<rom name="12 area 4 clear demo.vgz" size="5120" crc="d0a5374b" sha1="d0b1796ef6fc6db859ef8f823362ff1b782d2e06" />
		<rom name="13 area 7.vgz" size="5016" crc="7503905b" sha1="9457feeeac9475f6a4c26e8456294ebdb3c0ff92" />
		<rom name="14 area 8.vgz" size="8835" crc="1d5352c0" sha1="e721e707e9a00bfbf97bf80d098a72c69292a64c" />
		<rom name="15 last boss.vgz" size="4376" crc="88997b89" sha1="b586a9e96b5b51bca3554146fe4abb7e7534061f" />
		<rom name="16 ending.vgz" size="6004" crc="30da9273" sha1="ced7ef713c68eb32a770ac119ac097872a9b0d03" />
		<rom name="17 game over.vgz" size="2918" crc="59fd3b5d" sha1="702365d181065d2cea17e5fdb579e3c11a3e74ea" />
	</machine>
	<machine name="alesteg_msx2o">
		<description>Aleste Gaiden (MSX2, OPLL)</description>
		<year>1989</year>
		<publisher>Compile</publisher>
		<rom name="01 title.vgz" size="45027" crc="80179335" sha1="dbc0c98a0004e2eab58ac36d9e18de7f4598b9b5" />
		<rom name="02 area 1, 3.vgz" size="7378" crc="24f10d91" sha1="d1b89a727d4e55fb3e60362d04ad8a6fcc6cec06" />
		<rom name="03 boss 1 (dogodaga-dogodege).vgz" size="1690" crc="d4a8e1c5" sha1="963a85d69565293a61bf7badf027c9ddfe36793a" />
		<rom name="04 area clear.vgz" size="1523" crc="edff2452" sha1="cf405ef7fd033fe1c27238e686a341ac9d9e4082" />
		<rom name="05 area 2, 4.vgz" size="13446" crc="6bd1aab6" sha1="eb33cabc5583bf85dcaf2920294306a4b7a78edd" />
		<rom name="06 boss 2.vgz" size="4887" crc="5ee1dc74" sha1="5690973bc281257e00373ade116bc20ce5343ce6" />
		<rom name="07 area 5.vgz" size="18968" crc="3fbe541f" sha1="f31ecead51a5fb195b661ea6c6042bf8ce7a751d" />
		<rom name="08 final boss.vgz" size="3398" crc="d923fa1d" sha1="4c6f987fc5b952505815a828a4066a2c662c914d" />
		<rom name="09 epilogue.vgz" size="9240" crc="316137d7" sha1="137742acc1c049a2d8a1a4f5f14dad2ca628beec" />
		<rom name="10 game over.vgz" size="2953" crc="07f318e1" sha1="921a1c81fd4289b60743eee70f73e78da6e69633" />
	</machine>
	<machine name="alesteg_msx2">
		<description>Aleste Gaiden (MSX2, PSG)</description>
		<year>1989</year>
		<publisher>Compile</publisher>
		<rom name="01 title.vgz" size="18178" crc="c151f85a" sha1="95fd67f6e08741c285bfcd3dbf823cd17b5df7c4" />
		<rom name="02 area 1, 3.vgz" size="2543" crc="9e31b4d6" sha1="08abf58a6a82ee497a4b01ceffd6ff5bf3683a45" />
		<rom name="03 boss 1 (dogodaga-dogodege).vgz" size="2770" crc="b8f46aa1" sha1="4553b4fd9af08139f0b065d13e458eeb7a6c8778" />
		<rom name="04 area clear.vgz" size="1506" crc="e3650007" sha1="459ceba77b4141b017ad28ec0c1419c242a8951c" />
		<rom name="05 area 2, 4.vgz" size="4903" crc="189632a1" sha1="e3d1bafafef98c628040d3fa5eec1af48d605f35" />
		<rom name="06 boss 2.vgz" size="3866" crc="d075fc38" sha1="b0b9c4e200a580bc4a7fdef1b8c725e29fd99252" />
		<rom name="07 area 5.vgz" size="16882" crc="a0aa28fe" sha1="03859e5462ce27958d8bd44a3ce56b8da60251d7" />
		<rom name="08 final boss.vgz" size="2644" crc="3c14d2fe" sha1="13fb05cd4a9aff3ac526fec99c7a45ca4cd8e0b6" />
		<rom name="09 epilogue.vgz" size="1800" crc="709f3824" sha1="4def2d5cb774292f06ee738b0e6a25d560ba23ef" />
		<rom name="10 game over.vgz" size="4711" crc="c5ffe3eb" sha1="24271a924219717234556c98c05e2b2c6d0458c2" />
	</machine>
	<machine name="alfred_gb">
		<description>Alfred Chicken (Nintendo Game Boy)</description>
		<year>1993</year>
		<publisher>Mindscape (U, E), Sunsoft (J), SCi (GBC)</publisher>
		<rom name="01 title screen.vgz" size="13480" crc="5748bc8e" sha1="3d2fbbe25d8da42937f2770f25d9d624802d7ad8" />
		<rom name="02 stage intro.vgz" size="1468" crc="e92cd092" sha1="086adf464e43cad2357a31d598ea4b87af4e9c7b" />
		<rom name="03 stage theme 1.vgz" size="28723" crc="0a7b0f07" sha1="411e824f2f7cdfe2089a9f9f3b8c25019e668aef" />
		<rom name="04 stage theme 2.vgz" size="58896" crc="892f7ad0" sha1="03f746539cec3a247ae317d214bf2049e94feb5f" />
		<rom name="05 radio.vgz" size="11019" crc="a7843509" sha1="bf692e03deb3b0614087c1b33a8e62f86c452cf5" />
		<rom name="06 bonus round.vgz" size="4782" crc="1038f6b8" sha1="af6cd39b1e3a55fde568c8504b47cbd0118c21c0" />
		<rom name="07 boss battle.vgz" size="9886" crc="8dcd4917" sha1="e7c9dd669494c6f22bb28d258a2c78c3ddcdd8e0" />
		<rom name="08 staff roll.vgz" size="7351" crc="0bd3aa48" sha1="77b20ea0d77bfaf10c70ce431090b44e336d5ddf" />
		<rom name="09 game over.vgz" size="1545" crc="a8d06d8b" sha1="48254d9708949603d9e13b612a961e0ae46a144c" />
	</machine>
	<machine name="alfred_nes">
		<description>Alfred Chicken (NES)</description>
		<year>1993</year>
		<publisher>Mindscape</publisher>
		<rom name="01 title screen.vgz" size="17800" crc="6157eb18" sha1="53e02293024eeaae992de5df959188ad03379ed6" />
		<rom name="02 stage intro.vgz" size="1380" crc="fc01dad1" sha1="08258fad21b2135a6964e980e4fa7c0da3fce7cb" />
		<rom name="03 stage theme 1.vgz" size="45176" crc="492b61e5" sha1="605bbf535f4ccf2fd79b27e2dada1f92ba1b5534" />
		<rom name="04 stage theme 2.vgz" size="64342" crc="523aee3c" sha1="39fb387c1f541e4718d65c1a948a7963ad3e0491" />
		<rom name="05 radio.vgz" size="10823" crc="5ec870ac" sha1="2e1f1b4d4dbd34968639aba7127720cd58c75654" />
		<rom name="06 bonus round.vgz" size="5313" crc="cb7cf199" sha1="5a12745b6a86ffb907a2e249da05fb98b36574d4" />
		<rom name="07 boss battle.vgz" size="13632" crc="45a59db0" sha1="67e00f99615383188504f300301ee0bf0b1b2782" />
		<rom name="08 staff roll.vgz" size="10177" crc="31e56ec6" sha1="d75d131c6ae06955614eba95341049c6e115e3f1" />
		<rom name="09 game over.vgz" size="1532" crc="fb600951" sha1="2bbebae85a6514b9191f442f945c80f1d74ddaba" />
	</machine>
	<machine name="alien3_nes">
		<description>Alien 3 (NES)</description>
		<year>1993</year>
		<publisher>LJN</publisher>
		<rom name="01 title theme.vgz" size="39685" crc="d933c2d1" sha1="00eaecd356b5257bf0ed2ca57ee0aa159043d9a3" />
		<rom name="02 get ready.vgz" size="1575" crc="b5cad902" sha1="ca292b9e4e5b9e1072eb22c6a39c96708c5c3c0b" />
		<rom name="03 missions 1 &amp; 2.vgz" size="25287" crc="c2dfc7f4" sha1="aee3d08a7cb40778299fba89139a26752107cd92" />
		<rom name="04 1st &amp; 3rd guardian.vgz" size="8426" crc="a7f76ba2" sha1="4a473c068bab3540160b1ad675e44ca8c4f001c5" />
		<rom name="05 missions 3 &amp; 4.vgz" size="16027" crc="7d872d9f" sha1="b8ccdeb8a5de1d90300ee316b2e09b962ac50a9c" />
		<rom name="06 2nd &amp; 4th guardian.vgz" size="2798" crc="5a3f4512" sha1="5985c2e42f6aba30c224fa1efb0cdbad7cc9f06d" />
		<rom name="07 missions 5 &amp; 6.vgz" size="7415" crc="864542f4" sha1="d9871ac1b7ccbfe44a9a29ec0919859d4272ae6f" />
		<rom name="08 missions 7 &amp; 8.vgz" size="4768" crc="4681be9e" sha1="a72c91fd2563d92a85d31da2c016e91eed48e38a" />
		<rom name="09 well done.vgz" size="949" crc="8289c277" sha1="03573216f7ec6359628e6307a2cb2515d830fe24" />
		<rom name="10 staff roll.vgz" size="9955" crc="2170cd8f" sha1="57a2ca3a13ebe09d47dff7ef62aadeafe797c4da" />
		<rom name="11 high score.vgz" size="12578" crc="9db6c7fb" sha1="619829b8f6216fc6d79269e15f9c483d9e871232" />
		<rom name="12 time up, game over.vgz" size="1113" crc="9edff30e" sha1="5deb37efb1c0ab67db64b964fdc1428edc3a8f38" />
		<rom name="13 prisoners die.vgz" size="5488" crc="d58d688e" sha1="666c4e325ca3b47412eb15bd229275dee750ea79" />
		<rom name="14 out of time.vgz" size="2809" crc="cf5b75aa" sha1="8304b1d0c41e856161f73417edcd764d5b8c6e99" />
		<rom name="15 unknown jingle (sound test 06).vgz" size="2168" crc="dc03a3f7" sha1="0204db05f8b3fdbdc59958b25a6d85af206d4560" />
	</machine>
	<machine name="anosubar_x68">
		<description>Ano, Subarashii o Mou Ichido (Sharp X68000)</description>
		<year>1999</year>
		<publisher>Mankai Seisakujo</publisher>
		<rom name="01 that wonderful thing again.vgz" size="8272790" crc="3d8412ce" sha1="f62f19db8d16855a0d7d0090943d602515f7912e" />
		<rom name="02 main theme.vgz" size="24228" crc="7b5330f3" sha1="78999ba84c44cad43ea68aad65545bdc5d1130f8" />
		<rom name="03 a small night under the roof.vgz" size="22277" crc="4c5b4d27" sha1="c71736794bf49ae5958f85ddb7cc95e844f83072" />
		<rom name="04 knowledge of the world.vgz" size="28946" crc="e9e32796" sha1="17295e5361604977b906166af1f23beb520bdf0e" />
		<rom name="05 rito (sadness).vgz" size="5895" crc="7779b003" sha1="214f0f10b044799bca3a5bbf5097f7fe9450c743" />
		<rom name="06 walk in the wilderness.vgz" size="26857" crc="22db4375" sha1="d9049713ab82a394ae2ac42b5e57d5a09acfba46" />
		<rom name="07 shocking.vgz" size="29838" crc="ac0ec2b4" sha1="97ddbc9b816114c368e60f8337bf0a674511454e" />
		<rom name="08 mireille's theme.vgz" size="18052" crc="dd7dc927" sha1="78e33f66a6b087af335afb38bb5cca1a70aabeb5" />
		<rom name="09 killing of a fallen angel.vgz" size="114951" crc="a89c4d2c" sha1="a31014fc745b78f422806a45cb4849836aeb7191" />
		<rom name="10 crystal.vgz" size="13341" crc="093d7516" sha1="3efc77f30c3b8b80b3f19e702129e06bcf0d4a11" />
		<rom name="11 searching.vgz" size="23235" crc="4fc72b38" sha1="7206bb0b9bd1e41a2c557282fa1248ea636710f1" />
		<rom name="12 right before the bloodshed.vgz" size="63717" crc="f118f482" sha1="6a0b04f20de794cc2385225db8308ccca477e703" />
		<rom name="13 rito (silly).vgz" size="17921" crc="89992f6e" sha1="9044c9b2511dc7536598258c22336affbdb13744" />
		<rom name="14 doubt.vgz" size="40381" crc="3b290cab" sha1="c8d3037d8873bee0b2c1f94a9df6ef6ce69b12bc" />
		<rom name="15 rito (joy).vgz" size="28404" crc="add7d7cd" sha1="e3d42a9a13885600d114d1cc5c07091001562a7d" />
		<rom name="16 rito (sorrow).vgz" size="18601" crc="83d8fd54" sha1="1eedd28ea6f44e8aae50790f9fac43adf1d2abfc" />
	</machine>
	<machine name="brand2pb_98">
		<description>Brandish 2 - The Planet Buster Renewal (NEC PC-9801)</description>
		<year>1995</year>
		<publisher>Nihon Falcom</publisher>
		<rom name="01 prologue ~ bundevia.vgz" size="40543" crc="0593cbad" sha1="10412a8a3b3507d7d4415187c3430adb96dc8bec" />
		<rom name="02 stranger ~ wandering swordsman.vgz" size="55598" crc="18370869" sha1="dcbe330a32d3227ac982f0a35f2e0561db91b6de" />
		<rom name="03 prison.vgz" size="37395" crc="d1682061" sha1="c11e3a0bc5ef749f3b5dfc2ac1f0567395a3c0ac" />
		<rom name="04 battle point ver. a.vgz" size="16597" crc="35ad2673" sha1="c61727831eb606f96a74d12143030ab200f6aa5b" />
		<rom name="05 shop.vgz" size="12803" crc="3ebe3330" sha1="90fcd637d5d1b6dee6317ddfb6ea19ad8f09237c" />
		<rom name="06 dela=delon.vgz" size="12661" crc="d3a5db50" sha1="061cb229ace19b53c25d203b301f7c1be2728ed7" />
		<rom name="07 synchrony.vgz" size="17225" crc="75fb1e5b" sha1="ab6963e012c1fbfeb753d9f90ff4b2c343eac8fb" />
		<rom name="08 islet.vgz" size="10026" crc="baa2c115" sha1="4490ef5d5fa5efb21dabe9a20bc08ca52780c756" />
		<rom name="09 cave.vgz" size="12738" crc="6b177116" sha1="485b3fa9970f0ea17716f7f67cc804f2d10e8354" />
		<rom name="10 battle point ver. b.vgz" size="12928" crc="e3fca7ed" sha1="ca6c3b896f91515410d82ee9b9c9696aeebb8862" />
		<rom name="11 adonis.vgz" size="7073" crc="388e61b8" sha1="fda9432b9d9498fef24b68510eef2cd6a2c2f06f" />
		<rom name="12 ice zone ~ green zone.vgz" size="20289" crc="d60f99fa" sha1="8eab86132893f62cedbb88288fc8303d79e4d0a0" />
		<rom name="13 wharf 1.vgz" size="10958" crc="d8abf220" sha1="40bd7273108456f0c6b3db13eea1e2c37133edf6" />
		<rom name="14 wharf 2.vgz" size="17274" crc="19934500" sha1="b53f440a5f7de246bcc6974d8dc7f0a39469fb70" />
		<rom name="15 battle point ver. c.vgz" size="24363" crc="6e59e08d" sha1="8fe8721f3b05659567185e2e4ce19f502ad11ca7" />
		<rom name="16 castle wall.vgz" size="44122" crc="c693b378" sha1="3affabd2c80c4d6fe41ebd620e01ae61ef797910" />
		<rom name="17 castle town.vgz" size="13820" crc="11e93578" sha1="33a3e14821bcf9225156c91e3a7d3abeb6c72d74" />
		<rom name="18 johnny the vagabond.vgz" size="7392" crc="6c2fcb91" sha1="37e07057d2025e10dd9890ec33e4953177ccb960" />
		<rom name="19 wood.vgz" size="22776" crc="eea3cd6a" sha1="123cecfc28063b7eedf62b154b62feaea55fc91a" />
		<rom name="20 ninja yashiki ~ their secrets die with them.vgz" size="50975" crc="c66cfd30" sha1="af24300830d6d1433a62033e1a0a6e6c8290824b" />
		<rom name="21 master ninja.vgz" size="18627" crc="c9a25dd8" sha1="b746f9df06beb6f52e6384d601b4a021743254d4" />
		<rom name="22 begging one's life.vgz" size="10658" crc="b603b1dc" sha1="bc4611022ada069cfce8b3ceef1ce69dd4940749" />
		<rom name="23 dark zone.vgz" size="35331" crc="37b6157f" sha1="da94333ad1c6346bbf01298245844ddf5c4155e1" />
		<rom name="24 castle.vgz" size="16172" crc="840f5b0c" sha1="dcc8326acc20e981b88a7d514cc18202272fa582" />
		<rom name="25 tower.vgz" size="23034" crc="69971160" sha1="48318b34c3e22bb3a40dc0a809af679542691377" />
		<rom name="26 benedicte.vgz" size="16641" crc="7ec80224" sha1="85241702236f7612422fe6f19c8fba070239eb6d" />
		<rom name="27 battle point ver. d.vgz" size="9044" crc="9f926878" sha1="add3744689817831f4f92e1102aa016fc70cae8f" />
		<rom name="28 laboratory.vgz" size="44654" crc="1de9976e" sha1="e522100792eb97422085fa20d76277e4701f16fa" />
		<rom name="29 gadobistlle.vgz" size="8823" crc="d0bae88a" sha1="f9ead67ee5142e531a50a66d0acb15db17ee5e76" />
		<rom name="30 fortress.vgz" size="8677" crc="1e678786" sha1="c7bebcd88b7a2858681a69fe3a99aeceb12a1437" />
		<rom name="31 nucleus.vgz" size="18316" crc="a0e0a674" sha1="20f4d9bf3b33b4cb1074a08ac7a4b7a9466217df" />
		<rom name="32 karl=cares.vgz" size="10615" crc="993f37c7" sha1="77b38a4d464041e26bd420a57876daa2d2a71af5" />
		<rom name="33 karl, you are shining.vgz" size="33788" crc="4dcc507b" sha1="211c9e07107ff28867b39aa9327684a7728181ca" />
		<rom name="34 bundevias.vgz" size="19917" crc="15c47708" sha1="56ceb151038463a3721d1b09a2246dfbeee39c60" />
		<rom name="35 badorrer=hadess.vgz" size="50995" crc="e8df48ca" sha1="0dc086cc0b49f7d5c3de183997aee0b69c7cfa73" />
		<rom name="36 gadobadorrer.vgz" size="16244" crc="8d253f4a" sha1="cb2c230a94d304d291512f467c46c01dab32c3c3" />
		<rom name="37 epilogue.vgz" size="14323" crc="d1a2bd3c" sha1="335b66808d363c19e3bcd0293722ae787028b750" />
		<rom name="38 soldier's sorrow.vgz" size="18967" crc="76c26b54" sha1="0c7faf4e2a2188a5953b4c7340b8cec62a0aa246" />
		<rom name="39 mystic dela.vgz" size="9337" crc="aa033e8b" sha1="648d957e7cd2c7f86ccf85d5b081126beb48f569" />
		<rom name="40 unused (btopn67).vgz" size="16000" crc="1d702da7" sha1="47754b49194ab281ac5f3390dfb786ca8028e6f7" />
		<rom name="41 unused (btopn96).vgz" size="69363" crc="19755d02" sha1="b53f315e100fba72fe0ad99b3eea0d9f8168b1ff" />
		<rom name="42 unused (btopn97).vgz" size="12958" crc="9a5f52c2" sha1="6614ad673a638b13fe2ed7772cff9bcf0835ba64" />
	</machine>
	<machine name="caesars_gbc">
		<description>Caesars Palace II (Nintendo Game Boy Color)</description>
		<year>1999</year>
		<publisher>Interplay Productions</publisher>
		<rom name="01 casino theme 1.vgz" size="1570" crc="f805f191" sha1="022e621437d43b96694030d32b865b1785d6c351" />
		<rom name="02 casino theme 2.vgz" size="2170" crc="376c07ae" sha1="b5cda4498f6c95de37b35abaa0bfc9898c58e6fb" />
		<rom name="03 casino theme 3.vgz" size="1657" crc="6bcdca39" sha1="ce410b18b76f973a9a29d246dfe1a5c37aa8aa8a" />
		<rom name="04 casino theme 4.vgz" size="1371" crc="fcff3ad7" sha1="4d8656b2cb9eab4737cd433512d7e6bfcc91cf91" />
	</machine>
	<machine name="darkman_nes">
		<description>Darkman (NES)</description>
		<year>1991</year>
		<publisher>Ocean</publisher>
		<rom name="01 ocean logo, game over.vgz" size="2697" crc="6a96fd86" sha1="1ee59418774a749871295625ce8358b00512280b" />
		<rom name="02 title screen.vgz" size="22951" crc="2e75b16a" sha1="1aa57b162d39ac585e6fab572aee776787b78e5e" />
		<rom name="03 story, film, stages 10-12 &amp; 19.vgz" size="11892" crc="7d6e9c5c" sha1="17dbec862b0024659c42ceacee14e398d959dfd5" />
		<rom name="04 the story so far &amp; stage 2.vgz" size="3522" crc="4f4c9bd1" sha1="17a80fa78a7d0d43f7af7829f9e5e7922a897019" />
		<rom name="05 stage 1, stages 5-7, ending.vgz" size="8591" crc="3568ccbd" sha1="634a75c8a987d887f2b66895a3040ec283279a9f" />
		<rom name="06 stages 3, 21 &amp; 22.vgz" size="23419" crc="13c1548d" sha1="a5567441a878e333d5429c39d618bf61d535ee9c" />
		<rom name="07 photo stages (4, 9, 13 &amp; 18).vgz" size="5782" crc="e4acb339" sha1="a4a58ac6f414d58be7aa6092e6d2c2b7e42f0d13" />
		<rom name="08 helicopter stages (8 &amp; 17).vgz" size="10191" crc="cb448a24" sha1="9df690a16dda80312c46a282f7ea4ff5ae4c0389" />
		<rom name="09 stages 14-16.vgz" size="12260" crc="9abf9f29" sha1="d10fb49bb64cb28e6a97171cfbffe145907ec674" />
		<rom name="10 stage 20.vgz" size="29801" crc="032786a3" sha1="81dfa7ea55cd23b7b297f7a63efd921088b663aa" />
	</machine>
	<machine name="deadlyed_x68">
		<description>Deadly Edge (Sharp X68000)</description>
		<year>1997</year>
		<publisher>6th Squad Projects</publisher>
		<rom name="01 stage 1.vgz" size="1773996" crc="6a58e50d" sha1="236a5ec9bf82fcff8fdc28555ee52fd987691745" />
		<rom name="02 boss.vgz" size="1361568" crc="885afcbc" sha1="50f026c58715f490166aef7fc1363458381b1a48" />
		<rom name="03 stage 2.vgz" size="1582289" crc="186f5001" sha1="c226311c2dc3c21909e9ccea60e601f3247fc9b4" />
	</machine>
	<machine name="draghalf_98">
		<description>Dragon Half (NEC PC-9801)</description>
		<year>1993</year>
		<publisher>Microcabin</publisher>
		<rom name="01 come on come on come and see.vgz" size="15745" crc="7fe9ba36" sha1="695d85e598fe9742c19e048670d64441aed9d0f1" />
		<rom name="02 writhing in agony... aren't you.vgz" size="40527" crc="c5e4a540" sha1="d0c391a92e89669016b85e337c0561511f44495b" />
		<rom name="03 an island where cucco (big fan of bunny cheerleader) lives.vgz" size="43537" crc="67a4e29d" sha1="2cbee7fc9a4602dfd95ce29fee8e0bce23fea16e" />
		<rom name="04 at the beach cucco whistles matching the trumpet.vgz" size="26958" crc="48e4e380" sha1="7d4fb2ed3447fda8c8390809c87420a7f8586f9f" />
		<rom name="05 cheerful, exciting, where are the plains.vgz" size="54394" crc="3ae92795" sha1="5efcace687f3e56b581ced0c2883f1f4371d8510" />
		<rom name="06 crossing the pure shopping street by the amusement park's train.vgz" size="104900" crc="f77c35d3" sha1="9a6d2c73cb0bc0eb96a8f957d291f7a7f969e197" />
		<rom name="07 shouts the storyteller is shouting today let's battle fair and square.vgz" size="77206" crc="53aecde5" sha1="2fcb3baae875480156a2020c880a05ffe63d2830" />
		<rom name="08 what's 'nnn~, n, n~n, nnn~'.vgz" size="86078" crc="3ec21f45" sha1="b54a324cc32803e8df44453286ed94535a40a987" />
		<rom name="09 new year's day of the girl living in the silk road where snows plenty.vgz" size="78146" crc="929f96a7" sha1="6bda6734b693100809481b24765d91c285e9c81c" />
		<rom name="10 the strange-step all night dancing bunny cheerleader's assaulting trumpet resounds.vgz" size="84098" crc="b4cf4378" sha1="68314e7a4daa0f5d4ecc1032f448dbf648fd46fd" />
		<rom name="11 the immobile unmovable piano puffs 'fuu-'.vgz" size="45077" crc="b72c1175" sha1="b6e2a2767659ec963951fda1ae6754cd5a2d0feb" />
		<rom name="12 the multi-colored fan dancer water king &amp; soldiers.vgz" size="57473" crc="8444d77c" sha1="2a1df9f53a79be3dca83b570922055ee5c97c615" />
		<rom name="13 vs migu.vgz" size="29162" crc="618ac307" sha1="d8d18a1c4adad2e62fa5106d57918c9f6c967e68" />
		<rom name="14 vs saucer.vgz" size="27421" crc="88274867" sha1="a2a24cdbe258339873cf9ae86ce15e8ffac75d9e" />
		<rom name="15 vs melami.vgz" size="69066" crc="eeb74c27" sha1="6a0c952e629fbec56bd5d5624a02d87c9a90c0c4" />
		<rom name="16 battle won.vgz" size="4432" crc="87230797" sha1="382749d3582573d8f6dc8c532a2a8ebc3e397856" />
		<rom name="17 level up.vgz" size="1860" crc="09c45e96" sha1="416d141a0381bbd5a0d1faf7829cba130fb280cb" />
		<rom name="18 shop.vgz" size="47567" crc="b3af5a59" sha1="eb1bb4b9a461b9ab5bef1e93696001174dd21ce2" />
		<rom name="19 poisoned chapter dungeon scene.vgz" size="38061" crc="b2057172" sha1="5c4d6ff4608e7f42f4d3dc2608bb103dba912360" />
		<rom name="20 dead lai underground labyrinth.vgz" size="57887" crc="410989aa" sha1="3d26ced39c1d1296311e936ae56d58ec5ca6fe9d" />
		<rom name="21 inn.vgz" size="12209" crc="0f911adf" sha1="292b0e3a154337b9e738b3ec1caff819454eecc4" />
		<rom name="22 azetodeth's island.vgz" size="64718" crc="45be53c8" sha1="50624937fb42af53ceb166aceb8577fefc9d50ae" />
		<rom name="23 azetodeth's island dungeon.vgz" size="60163" crc="1ce00e47" sha1="9f194ac39a863009dedab4979754697a3b9ebb08" />
		<rom name="24 battle against demon king azetodeth.vgz" size="120171" crc="b9fb0dd9" sha1="6bc4230987c6e6cb231e97bd4be91595b0433ec4" />
		<rom name="25 cutscene jingle.vgz" size="7960" crc="cbbfa820" sha1="03ce398ab214ad67a39aabea3c7072bd702dcb31" />
		<rom name="26 cutscene.vgz" size="32345" crc="35365021" sha1="96a9006db57c07a634b6e6b79682da01e5e199bf" />
		<rom name="27 game over 1.vgz" size="3400" crc="14f67897" sha1="8fe6bd336225aa327c57c56d32b37bde7a0b6bc5" />
		<rom name="28 game over 2.vgz" size="41228" crc="fe17be21" sha1="2a6cf9dc14999f41c66ddd0f7c0c19cdab4b7cbc" />
	</machine>
	<machine name="f1gp2">
		<description>F-1 Grand Prix Part II (Arcade)</description>
		<year>1992</year>
		<publisher>Video System</publisher>
		<rom name="01 attract mode.vgz" size="186718" crc="72aff658" sha1="e5293b0d7dbae7219d763770ac96153590c0117b" />
		<rom name="02 credit.vgz" size="4791" crc="b7858568" sha1="8faa62340d6a1303f038e1724148de87697ead83" />
		<rom name="03 select.vgz" size="65168" crc="875f556a" sha1="dc0c6e480db8f0b7809d163f8818351eafb1ecf5" />
		<rom name="04 course preview.vgz" size="50289" crc="b2d0cf8f" sha1="40ce3d096e4f7fd5a61314905ccd5b7f623fb1e5" />
		<rom name="05 time attack.vgz" size="168788" crc="ebff9a8d" sha1="0a7a4f9c0d1cda5ccf6b8ee354edeb99a49b6324" />
		<rom name="06 main bgm 1.vgz" size="164111" crc="d19a20a4" sha1="9f0de26da1329b11ad5bdaea498bb10f1fc8021d" />
		<rom name="07 main bgm 2.vgz" size="203471" crc="8d95ea97" sha1="01955a15f66fbbba2e6559fc03750e146325f6bb" />
		<rom name="08 main bgm 3.vgz" size="194639" crc="8b6fcf60" sha1="74eba3488041b6caa8748999b1276dc54cf734e0" />
		<rom name="09 congratulations.vgz" size="114988" crc="81b95009" sha1="656095b6358baf3b5c79912bb3453c04338b21ce" />
		<rom name="10 staff roll.vgz" size="75601" crc="23be0c0f" sha1="7ce98fb673e94b0967006464a10d4440017f01d5" />
		<rom name="11 name entry.vgz" size="48297" crc="a7c369c1" sha1="71fcd45bfb2ce9ab38adc0178dc7f03ee1a9a97a" />
		<rom name="12 ranking.vgz" size="63527" crc="f274f820" sha1="974a9e2680aea74d61a8e2abd20f9b07f0c28097" />
		<rom name="13 unknown song 1.vgz" size="180631" crc="306e9b93" sha1="200ae331c4b1c2ebd734107e10005350b32f4e63" />
		<rom name="14 unknown song 2.vgz" size="70535" crc="05a14b18" sha1="66ac64964e668261d6d44d139699b07625e35e1a" />
	</machine>
	<machine name="f1gpstr2">
		<description>F-1 Grand Prix Star II (Arcade)</description>
		<year>1993</year>
		<publisher>Jaleco</publisher>
		<rom name="01 truth.vgz" size="118480" crc="8133a908" sha1="c4eb14af1115a8e6d23f6c166c11f8996c86c994" />
		<rom name="02 menu.vgz" size="56613" crc="808f0188" sha1="5080bc01988e353e473c8220d3ab23c2ead85224" />
		<rom name="03 extended time.vgz" size="58638" crc="526d0311" sha1="9884b2e5af69e289cb370c6bbee6aae15d5ae88a" />
		<rom name="04 lap.vgz" size="54026" crc="53492eb6" sha1="544678dfee990b42ca2bf5469e5c8e03ebe7881d" />
		<rom name="05 final lap.vgz" size="83401" crc="a0f9a318" sha1="d754da7eb2b7563ab609bb697b5ee8bc976e9c43" />
		<rom name="06 final lap 2.vgz" size="89790" crc="6c70250c" sha1="9c953096ca1f6bc871056083c82bab5fd6ca2e15" />
		<rom name="07 congratulations.vgz" size="69030" crc="61750ae7" sha1="1913fa3de0f4f5a9e7561cbd00cfcae5e3fd6ab1" />
		<rom name="08 ending.vgz" size="61913" crc="f6cabb80" sha1="304cce7116f9fa2e4297b2374be790e69a95d054" />
		<rom name="09 game over.vgz" size="43889" crc="7b9d1ff3" sha1="cba678d068c1f8c7f8e78251bc822a9e818579b9" />
	</machine>
	<machine name="farland_98">
		<description>Farland Story - Tooi Kuni no Monogatari (NEC PC-9801)</description>
		<year>1993</year>
		<publisher>TGL</publisher>
		<rom name="01 a bad omen.vgz" size="36954" crc="4cc1fcdd" sha1="b5e3b4765f2bb8946747a69c8b1db57ff330b35e" />
		<rom name="02 you are welcome.vgz" size="4978" crc="e94d8a4d" sha1="8df0a6e451b34aa698e2da6e0d9a11304003a8cc" />
		<rom name="03 black knight.vgz" size="16052" crc="fa6c6352" sha1="69cf8e54fff7a27e5d81b858f1fdcbdf8f54b65a" />
		<rom name="04 march of saints.vgz" size="12985" crc="bde6ca3a" sha1="1743d801322519990e1e717999caf2d768fe89a5" />
		<rom name="05 step of evil force.vgz" size="2956" crc="eac533d5" sha1="9bfa92e9296dfd625170475d15c35cf2f827b394" />
		<rom name="06 may i help you.vgz" size="4941" crc="618c0f63" sha1="04f27dd608305973ce9e3bda98e98587e8ce08f1" />
		<rom name="07 strike up.vgz" size="22882" crc="ea0b5c76" sha1="888f4f746cf27d25eb5ccd1ce1761f50dd4b0ec5" />
		<rom name="08 walk up.vgz" size="11340" crc="3d6be028" sha1="f7a7d8d6adc53f3c177c2df0c09f3674d44a638c" />
		<rom name="09 the duel.vgz" size="17429" crc="6239dc68" sha1="9dbb506b7722ce24f50f1b338dd349924ab7ec93" />
		<rom name="10 liberation.vgz" size="7178" crc="4c4c787b" sha1="8e7d330e8d635ef22ed423d6fc3bcff4f822510b" />
		<rom name="11 mystic road.vgz" size="15950" crc="dca82939" sha1="a21900a743c328caea630eec74c663bcc63b2bee" />
		<rom name="12 fantasy dream.vgz" size="9392" crc="20d67e03" sha1="30971004a536b685824cc578a5f6e4289a738152" />
		<rom name="13 angel in ocean.vgz" size="10097" crc="d161629a" sha1="0650c4d9e95c59a994e5c919bae35e8685aee2b1" />
		<rom name="14 damned castle.vgz" size="17328" crc="d3f4f310" sha1="b5d8a6674ad76c6802889349eae71df83f996816" />
		<rom name="15 king of demon.vgz" size="15400" crc="a0ebe383" sha1="0b857ce62d9521ed7e037d0ab2a6d98b6a7ae3e8" />
		<rom name="16 take me home.vgz" size="14722" crc="03e56ef5" sha1="e523721dd343e8e9413f453217723b6f3f369d65" />
		<rom name="17 daybreak.vgz" size="20338" crc="1d48bd35" sha1="8c6c54827e84fb71782f50de41c314e632764b62" />
		<rom name="18 sorrow melody.vgz" size="6895" crc="3936e5e2" sha1="b8ec491dd8b95b42b55e85bab2d9eb329a704f4d" />
	</machine>
	<machine name="fc88v01_88">
		<description>Firecracker Music Collection Vol. 1 ~We Are Konamic Freaks~ (NEC PC-8801)</description>
		<year>1990</year>
		<publisher>Doujin/Indie</publisher>
		<rom name="01 firecracker.vgz" size="1208" crc="119c04cf" sha1="17c08baa6682e83fafd13080c85639dec0b569b4" />
		<rom name="02 presents.vgz" size="1253" crc="4ed389c0" sha1="22b8eee6bab03298a639dbf7e396d9e304d40931" />
		<rom name="03 it's a hard way in the suburbs.vgz" size="23809" crc="a26e2537" sha1="c589e36988817ec1dcf891c6407fed8f78c41755" />
		<rom name="04 it's a hard way in the suburbs (looped).vgz" size="23875" crc="4ee8d75e" sha1="ea79bdc640a82d8d075a20689dfff39da393aa1f" />
		<rom name="05 after the terrible running.vgz" size="19041" crc="fc400c8b" sha1="1a5781b2e4c268c9e6e206c40c95d59dc803c4ef" />
		<rom name="06 after the terrible running (looped).vgz" size="19236" crc="e2907d5e" sha1="8042fab587cdf29abc1b96fb35b8708308c629c4" />
		<rom name="07 battle ship.vgz" size="12281" crc="f83a33ff" sha1="9dce49a9fb0823df8915467c14f609b5896b5f60" />
		<rom name="08 battle ship (looped).vgz" size="12533" crc="ef426fd5" sha1="6a182db21ed3357a0d844151b62b2ad9c3742c9d" />
		<rom name="09 we followed the sun.vgz" size="9545" crc="c2431c89" sha1="1c0c882fefabcc3a50a82b1b667d8d3ee75a91d4" />
		<rom name="10 we followed the sun (looped).vgz" size="9609" crc="d2f7b750" sha1="baf36805585a2ddab33e68c0f1698cac5d2be0f1" />
		<rom name="11 ranking.vgz" size="17423" crc="1d546545" sha1="be9a2c2a7adede4a992f40018a33d92e7ce1871f" />
		<rom name="12 ranking (looped).vgz" size="17507" crc="529d9136" sha1="81df3d9b2ba4caca2cc0a8143d1677d1dc72c58b" />
		<rom name="13 ranking (1st place).vgz" size="5136" crc="865da956" sha1="fbe7394186f8cf83aedbad83a0d3db33524255fb" />
		<rom name="14 ranking (1st place) (looped).vgz" size="5410" crc="3a25846a" sha1="84189776d495d71eac820b82fdd05d0a558c5de4" />
		<rom name="15 ranking (2nd place).vgz" size="8216" crc="9f7c5402" sha1="ab678b5a71d98cd34836d86ec0352ae868df91fd" />
		<rom name="16 ranking (2nd place) (looped).vgz" size="8528" crc="bc5ffd59" sha1="619a99830390584135cb11ce6c057cb5312aa658" />
		<rom name="17 ranking (3rd place).vgz" size="1956" crc="5b14d7e3" sha1="8da85adae5960ce90d3dd37e3cfda959b9ef0299" />
		<rom name="18 ranking (3rd place) (looped).vgz" size="2717" crc="a78c00d2" sha1="866c95b0185043b55c5e8f59b59559213872cfc7" />
		<rom name="19 thunderbolt (stage 2).vgz" size="11483" crc="8806cdf9" sha1="be67accb9ddc11ec70fbca453e11f1d64e21620b" />
		<rom name="20 thunderbolt (stage 2) (looped).vgz" size="12588" crc="18cb91f6" sha1="3f544a4f3d8127768387803508fae4f40aa228d0" />
		<rom name="21 slash fighter (stage 4).vgz" size="9013" crc="8d1117f2" sha1="1b9e16591b91b701af6705efbe435bdb9ff47be9" />
		<rom name="22 slash fighter (stage 4) (looped).vgz" size="9136" crc="6a894eed" sha1="dce07162d0f61dbb4e1335dcba38442929d673a6" />
		<rom name="23 skywalker.vgz" size="14940" crc="5e90fad4" sha1="f8a53231fdab05f27b0e56b4360b582a432863d1" />
		<rom name="24 skywalker (looped).vgz" size="15226" crc="43b47e05" sha1="6e63eef0e4a0d55e73e17cad611339613c8ece8f" />
		<rom name="25 counter attack.vgz" size="13754" crc="b7fdfa4a" sha1="9b1bcd2dd33d23f40951b5fc0963756013d9feee" />
		<rom name="26 counter attack (looped).vgz" size="13857" crc="3afb3d97" sha1="ec1ebefb6c389059d3e9806bcb8f65380f914dc5" />
		<rom name="27 galaxian express.vgz" size="16675" crc="0c9c2645" sha1="0dd53511b14d80df358a9cd694cfb529e9bf5adc" />
		<rom name="28 galaxian express (looped).vgz" size="16968" crc="01c3a10b" sha1="cd011c095a14633652e7088eac2664451468226e" />
		<rom name="29 exciter.vgz" size="3641" crc="9db1b61d" sha1="e205b56ce05c13956de001ee4adb17dc36251889" />
		<rom name="30 equipment.vgz" size="4682" crc="9fb7758d" sha1="eea18570cd3cbc2408ec230a50671840fac41c04" />
		<rom name="31 equipment (looped).vgz" size="4854" crc="8662236d" sha1="5154966cc2630f0ea86cf6ec43d7cd796510fefb" />
		<rom name="32 tabidachi.vgz" size="8735" crc="86e308a5" sha1="c74315610e86bc3642810bf929527ef53313cf12" />
		<rom name="33 tabidachi (looped).vgz" size="8879" crc="f83ddb07" sha1="613ed7f99e658573ecc507d18783bd7c3379c19b" />
		<rom name="34 burning heat.vgz" size="10580" crc="1db93a3b" sha1="b57e99410a1934bc7f7b4854452802a636fca0d3" />
		<rom name="35 burning heat (looped).vgz" size="10803" crc="938308e7" sha1="adc4116650472aedb3085236f1321b64edfe80e2" />
		<rom name="36 shooting star.vgz" size="10118" crc="598eff00" sha1="f55c8eb901b645ee860793eb41aca65d50e3e264" />
		<rom name="37 shooting star (looped).vgz" size="10361" crc="5b66d7ac" sha1="808e214da3b49dd97aee5f73338048246432142b" />
		<rom name="38 a way out of the difficulty.vgz" size="6282" crc="be7692fe" sha1="278cd6865df4b14aff211cfdd669578e632538aa" />
		<rom name="39 a way out of the difficulty (looped).vgz" size="6451" crc="c048524f" sha1="7e6311e7c47af5c6edfbedbb4bf0dc323b125865" />
		<rom name="40 fire dragon.vgz" size="6257" crc="8d677a42" sha1="75faa57a814fd628d555bf380c8854156e5f2df4" />
		<rom name="41 fire dragon (looped).vgz" size="6474" crc="efb2ff71" sha1="92d72dd11ebe94c8d4abcc226377985159cf990c" />
		<rom name="42 maximum speed.vgz" size="9760" crc="73c96596" sha1="93d3bdceecc6e0bc6c499990dcf0a99de1cafc06" />
		<rom name="43 maximum speed (looped).vgz" size="9902" crc="8db13174" sha1="6e2aba888c5b6009e72845653842c365e17a29b0" />
		<rom name="44 shoot and shoot.vgz" size="8400" crc="30745bf8" sha1="8a0cce3035efe25d05f49ba2ad3fade869ceb476" />
		<rom name="45 shoot and shoot (looped).vgz" size="8397" crc="9befc234" sha1="f89be86361e1ee54601e178d2e3ad748ebd02d54" />
		<rom name="46 ranking.vgz" size="6885" crc="014c15d1" sha1="4bafc4a38da41a3b75a9bbbe09f92d1239fecd4c" />
		<rom name="47 ranking (looped).vgz" size="7125" crc="a3e7b200" sha1="210fb04f0ee0785a311d9e562d1997ea9f05fe7d" />
		<rom name="48 triumph.vgz" size="14611" crc="6f701f24" sha1="f6b77548fd16995e1969a97cc12332baefc7d733" />
		<rom name="49 triumph (looped).vgz" size="26148" crc="1b310598" sha1="0216e24c28569c719088e7c6361e1801a4139fd6" />
		<rom name="50 mountain high.vgz" size="7648" crc="1a9b35f0" sha1="375be764e5d591f91dbed7bfd4ce0b1eeca67252" />
		<rom name="51 mountain high (looped).vgz" size="7685" crc="51546201" sha1="52ca9fe9d632bf4434a5f6cf1892977fcd31eebe" />
		<rom name="52 power up.vgz" size="9725" crc="1d89abe6" sha1="e0db5c0834092cd49f318973931aa40d3abeef75" />
		<rom name="53 power up (looped).vgz" size="9989" crc="3fdd99df" sha1="786a6a53ec45c46fda03ce3836accea492789716" />
		<rom name="54 bonus stage.vgz" size="3890" crc="4d64fac7" sha1="c17667e416112323474554ecbe5955c115b37422" />
		<rom name="55 boss.vgz" size="5222" crc="90972276" sha1="7f6d8c0bd8343b7e94a75a43786dd20fe3fae472" />
		<rom name="56 boss (looped).vgz" size="5301" crc="0fa5c5ad" sha1="c21e297eeca83e7a24218f58f7d40fe88fd5c31a" />
		<rom name="57 final stage.vgz" size="6566" crc="7a9b3197" sha1="133d7ee17bcce9f15e18f44740956d22e052fd9c" />
		<rom name="58 final stage (looped).vgz" size="6840" crc="fb411b6b" sha1="30857c3eb67f1625038cc4ef8375d15d1643d5f3" />
		<rom name="59 historic soldier.vgz" size="1961" crc="4d0ffd6b" sha1="d75648f876f2d4c7790c490b8416d3732db47f90" />
		<rom name="60 historic soldier (looped).vgz" size="2059" crc="05044f91" sha1="22121f825cedccfc013ec6d66e7cee25ed5b1796" />
		<rom name="61 main bgm.vgz" size="3497" crc="f8027281" sha1="050ab09c49c5bbc3d5cf059f7cc4fb0ec6b70082" />
		<rom name="62 main bgm (looped).vgz" size="3545" crc="13624934" sha1="47f7ce357edc9cdc2ca62d5768009792b3049096" />
		<rom name="63 battle.vgz" size="7275" crc="beec6c88" sha1="9041b14e4e2f1aa7f29d68f855dda33151b71817" />
		<rom name="64 battle (looped).vgz" size="7453" crc="68617f9a" sha1="679025106004555b7020ce4d6637039be00019a5" />
		<rom name="65 ending.vgz" size="27400" crc="35110fbb" sha1="98c832e3b6574ce6ef38d9463354f4512d75ecfb" />
		<rom name="66 seaside front.vgz" size="14957" crc="39be3c7b" sha1="b04886764e595faedf121373004bfa001f60731a" />
		<rom name="67 seaside front (looped).vgz" size="14820" crc="9d851c27" sha1="3d513608d543a6dc2944f937cd1a822603c37a3a" />
	</machine>
	<machine name="formula1_x68">
		<description>Formula X (Sharp X68000)</description>
		<year>1992</year>
		<publisher>unknown</publisher>
		<rom name="01 get the glory.vgz" size="1577" crc="0e8dee2d" sha1="ff5df1c8c02992d1a061e88136f995671c73adef" />
		<rom name="02 warming up morning.vgz" size="13092" crc="28608331" sha1="5f42a89d887b26823e2a7547fc2560f27dcee0cf" />
		<rom name="03 max speed.vgz" size="35666" crc="f10341c0" sha1="90e5c8685c252cef732c3333f495280f9cb16bcd" />
		<rom name="04 all alone.vgz" size="44618" crc="dd2648f2" sha1="8f91758e8e019ad4ca862438f8f0e97b99cb651f" />
		<rom name="05 fun games.vgz" size="24886" crc="1a7460e5" sha1="5bdb50023ebd68514cadc1b67aa1fe443f9761fd" />
		<rom name="06 on your mark ~ final battle.vgz" size="43147" crc="597c64e7" sha1="3d7e0056d8d2eb071032233c1f49f1e8c2a31d49" />
		<rom name="07 on your mark ~ crossroad.vgz" size="54320" crc="b9454879" sha1="287f2bda9606b2f54845b33e793efdb89683ebdf" />
		<rom name="08 on your mark ~ sunday driving papa.vgz" size="20612" crc="b034d894" sha1="79381a33b03a052c9c7b6c3abd3e19152c57119c" />
		<rom name="09 this life.vgz" size="40171" crc="86a560f9" sha1="4e4cbf7952bc0d0f77b850199769b7a38f0ad5fb" />
		<rom name="10 it's party.vgz" size="18952" crc="aac04ec3" sha1="2f239b761e6e9e1982698af3d13281dd88932dbf" />
	</machine>
	<machine name="garudius_98">
		<description>Garudius '95 (NEC PC-9801)</description>
		<year>1995</year>
		<publisher>CO2-PRO</publisher>
		<rom name="01 credit.vgz" size="1004" crc="bf1f1a03" sha1="e293a36abf6f90a8388122c1a4176b7ee999ca77" />
		<rom name="02 beginning of the history.vgz" size="2988" crc="2233d97f" sha1="5a10156e6c62c8c07618220f54386b659aa24340" />
		<rom name="03 challenger 1985 (stage 1 bgm).vgz" size="3200" crc="d2116ec8" sha1="c8afc97dd2a86bcec44056eeeffee4f8a368a3a4" />
		<rom name="04 beat back (stage 2 bgm).vgz" size="3522" crc="39c9602e" sha1="228dee15edbdcc338050674ba68d4a643a5a7dc9" />
		<rom name="05 blank mask (stage 3 bgm).vgz" size="2691" crc="8dcdf028" sha1="26d20c3cfb18223e1cb391671c0bd03c762b4dd4" />
		<rom name="06 free flyer (stage 4 bgm).vgz" size="2913" crc="fe29356c" sha1="1ec5ccca44cf436b6de9f7d7671813ea62f5f563" />
		<rom name="07 mazed music (stage 5 bgm).vgz" size="2826" crc="fcd0dd42" sha1="07571c0b71667ffb6a94dff309788414fd311e20" />
		<rom name="08 mechanical globule (stage 6 bgm).vgz" size="3579" crc="ea290e83" sha1="c50396a239cc0b1c71026835fb1a055af6f311ec" />
		<rom name="09 final attack (stage 7 bgm).vgz" size="4001" crc="1f47c3cd" sha1="2e8df15182bb8b4eae58953bf6cc9a596d0248be" />
		<rom name="10 aircraft carrier (boss).vgz" size="2087" crc="906a2fcc" sha1="796af9691755b27055f2d9714b37dd18325a8a95" />
		<rom name="11 game over.vgz" size="1529" crc="b03180de" sha1="8906ee1c79165833783e51c6c95e5171ac33fcbf" />
		<rom name="12 historic soldier (ranking).vgz" size="2134" crc="ff396a12" sha1="5b0eb2a4bb2039bf16db8a0f501e0a04a2e9e681" />
		<rom name="13 credit.vgz" size="965" crc="2fbeaa23" sha1="5d9d57a484fab36d791827a3f044e36359bc7a34" />
		<rom name="14 power of anger (stage 1 bgm).vgz" size="5930" crc="43c30804" sha1="e7cd30b44a74d30430ff4000208dac28bab65f8a" />
		<rom name="15 fly high (stage 2 bgm).vgz" size="7116" crc="e8dac2d1" sha1="226f6aeccbe79d9a37ee4a2c4fcf34d8507df043" />
		<rom name="16 planet ratis (stage 3 bgm).vgz" size="7678" crc="a29092f7" sha1="ee5ba028016780ddde78349d7c67c9987e0fb946" />
		<rom name="17 starfield (stage 4 bgm).vgz" size="7112" crc="a2454971" sha1="5e8cdbe4e37158f2adf4edff9f172ac663b9f19f" />
		<rom name="18 burn the wind (stage 5 bgm).vgz" size="7722" crc="8ce940df" sha1="e64fe2937bf9a754c7e7b491dc2a0ee759f1db34" />
		<rom name="19 destroy them all (stage 6 bgm).vgz" size="6891" crc="cd7bd106" sha1="dcf5d3e542e20b553efdcf9f9444ad010eb523d5" />
		<rom name="20 aircraft carrier (gradius boss bgm).vgz" size="6281" crc="b9923712" sha1="70f20dd87153e4f524af6468d694ee2d5556a198" />
		<rom name="21 poison of snake (boss bgm).vgz" size="7086" crc="7e4e3b91" sha1="ef97385284b07360b69a3df62d4b4dd0696e8e10" />
		<rom name="22 peace again (ending).vgz" size="8620" crc="d4629850" sha1="221a73f2ecec6b22aa1ae6192de59b42957e9273" />
		<rom name="23 crystal forever (game over).vgz" size="3604" crc="857dfd01" sha1="32ab6a526df5cfa6b89bb0c261bd847b476af5c2" />
		<rom name="24 prelude of legend (title demo).vgz" size="10180" crc="7b537b0f" sha1="9e33c575c09e036f894dfaaa6b1af91e65370725" />
		<rom name="25 invitation (select).vgz" size="11218" crc="564f2c44" sha1="34297053a322d6452d5072bf28d57c5088b0c1b2" />
		<rom name="26 departure for space (air battle 1).vgz" size="11982" crc="91ea6a83" sha1="8d7118ff84c60ebc1236328869ea405e641be18f" />
		<rom name="27 sand storm (stage 1 bgm).vgz" size="13317" crc="6b2471b5" sha1="c4bb851382c3b3a4db187b6866a2c0602b3762c0" />
		<rom name="28 aqua illusion (stage 2 bgm).vgz" size="13155" crc="0b453be6" sha1="8df6d9e926ecdc8df033abed40e415ecb1676d27" />
		<rom name="29 in the wind (stage 3 bgm 1).vgz" size="10433" crc="dd31e201" sha1="51fdff880692fccbd4a8674a221917d6875e6865" />
		<rom name="30 a long time ago (stage 3 hidden bgm).vgz" size="29083" crc="237aeb9f" sha1="fc56713ad8e981436af46e72fffe13cdb1dc6a5a" />
		<rom name="31 underground (stage 3 bgm 2).vgz" size="48604" crc="d5ea305a" sha1="f74887985243075400f0004cdff8b9e68dc65876" />
		<rom name="32 dark force (boss).vgz" size="2602" crc="71206b5a" sha1="ed854b9906d66fa4f20fd7fb2e90f0bd520f77c9" />
		<rom name="33 congratulations (beginner ending).vgz" size="2751" crc="eb42d6ad" sha1="a32ce96a868dbdde3f337af9ced63c19670136f8" />
		<rom name="34 high speed dimension (stage 4 bgm).vgz" size="12708" crc="a9fa732a" sha1="2105187f0de1e92405c6bcafde37af5530598b55" />
		<rom name="35 try to star (air battle 2).vgz" size="7049" crc="3fec16d6" sha1="8d44e1acbeaab17bf89b795af5cf09d14855d836" />
		<rom name="36 easter stone (stage 5 bgm).vgz" size="13134" crc="47eb42d7" sha1="afb9ab1c5dcffac5c7eb12bf520b7aa1a102ac75" />
		<rom name="37 dead end cell (stage 6 bgm).vgz" size="13106" crc="cc26d5fa" sha1="372605506e78d7c936b55609ac67aad7f8c1b844" />
		<rom name="38 fire scramble (stage 7 bgm).vgz" size="12793" crc="3abcaeda" sha1="f0777eb2ab201fb8c7ce3b43f758182108ef7ff8" />
		<rom name="39 cosmo plant (stage 8 bgm).vgz" size="13907" crc="5f1fcfac" sha1="1090b100add112ca855116333097aa83d4fde47b" />
		<rom name="40 crystal labyrinth (stage 9 bgm).vgz" size="18986" crc="23c36d04" sha1="63c9676205f2339facd3f7e79aa084d69138efd8" />
		<rom name="41 mechanical base (stage 10 bgm 1).vgz" size="13350" crc="688acb48" sha1="4e1fbb6a7f156f934bd015ac16a492f90a7af426" />
		<rom name="42 final shot (stage 10 bgm 2).vgz" size="11777" crc="6e93dc08" sha1="34d19c3dcfa60f27b46ea2d2baebaa1b9a49d718" />
		<rom name="43 escape to the freedom (high speed escape).vgz" size="5642" crc="9c878063" sha1="7cd1e27ec6a8c0810ca095e952e0b3df6e75891f" />
		<rom name="44 return to the star (ending).vgz" size="20348" crc="e3c80fec" sha1="6b5af6948442ad002f2d7a5b681ec599ce7c8575" />
		<rom name="45 game over.vgz" size="1566" crc="dad08c83" sha1="0a8337897f352d0f072849d07e4e514d44a36f99" />
		<rom name="46 king of kings (ranking).vgz" size="7512" crc="0c5f45e9" sha1="6c81f6a309fc19246a2a7dd963a746ce62ee8e92" />
		<rom name="47 a fighter (boss).vgz" size="3216" crc="6610609e" sha1="c0cf641ce7056321c99140a607fe52f56707adb8" />
		<rom name="48 take care (boss).vgz" size="2776" crc="6561bd7a" sha1="5f0ac6b512875189a6a4470aa0bbfcbf55942d18" />
		<rom name="49 fighter blood (boss).vgz" size="4812" crc="4111e6c0" sha1="745e837a6b54045422e56fedff4443258c6244f2" />
		<rom name="50 departure for space (air battle 1, no intro).vgz" size="7971" crc="5541cb40" sha1="ec485758a55f3acd1d6b87aeac5829566b116421" />
	</machine>
	<machine name="genkaisr_98">
		<description>Kisou Shinden Gen-Kaiser (NEC PC-9801)</description>
		<year>1995</year>
		<publisher>TGL</publisher>
		<rom name="01 opening for 'ex'.vgz" size="38142" crc="2a2059b2" sha1="8ac8d84cc67d61488915d8b0c34723e8cf4ef028" />
		<rom name="02 kaze.vgz" size="18182" crc="a5d1d7ea" sha1="443566bac03c928bc0338595fb99d0a8622ff9b1" />
		<rom name="03 psychotic prancer.vgz" size="32722" crc="5c177574" sha1="637c77f5651fcb6b26a3df32acd4cd2fe08da670" />
		<rom name="04 fight it out '1'.vgz" size="11615" crc="79588fab" sha1="6a341ab88d9a43d39feccec7b8e39cc89f3927bf" />
		<rom name="05 honou.vgz" size="23434" crc="5b926e5d" sha1="9222c57d698ff0542c57cb8d6be4e867ea49f722" />
		<rom name="06 jungle boogie.vgz" size="34466" crc="70eb554a" sha1="c774a1a43f4b1991efca86a868a656037e27f69a" />
		<rom name="07 fight it out '2'.vgz" size="23911" crc="ac1efc43" sha1="980a041b9c38b6855cddf01338dca765bed41c41" />
		<rom name="08 x'mas in shop.vgz" size="4611" crc="45126ce5" sha1="3846cdf835c856b29cb2c11675e1acfdcc09582a" />
		<rom name="09 x'mas in city.vgz" size="17035" crc="89f57151" sha1="bfb6d95e8c7b2999fef148f979dd80df854742db" />
		<rom name="10 kumo.vgz" size="7843" crc="7abe0913" sha1="b4b5b4d994ce616ef2bd7fc4f6ff203d09339102" />
		<rom name="11 witch doctor.vgz" size="24634" crc="47abef78" sha1="f96ddebd8a3ff26e0ea8161ae8f69f7d71ee6b17" />
		<rom name="12 nizi.vgz" size="25402" crc="98b4a357" sha1="4dc961a4a52326e1bf4b3ff306f0479e7a895140" />
		<rom name="13 priest.vgz" size="27531" crc="924051c0" sha1="25705fb19ee52616ff25135e73cb46c0cec025be" />
		<rom name="14 rude baby.vgz" size="18789" crc="9bee154f" sha1="cb90f4feca4723af92b50402a920c16b0d0c8cee" />
		<rom name="15 tre do do ye.vgz" size="24939" crc="1006dc8c" sha1="75b23207d4a99e730b64323a465c3e4691c75d31" />
		<rom name="16 zimbaba.vgz" size="28081" crc="7fd5181d" sha1="959250eb1486457ec9e06dc853e400f95338fbc4" />
		<rom name="17 happy come 2.vgz" size="18763" crc="379b8cf4" sha1="4801ea018ad5caa2658abacf797c97a42b10b7dd" />
		<rom name="18 music for 'sinwa'.vgz" size="38867" crc="f277088c" sha1="c58c2ba10f764815626aafbb025b74b93e084cbb" />
		<rom name="19 sweet rapist.vgz" size="11284" crc="df137ab3" sha1="f13fee8ff996971eaa63bac035a6ceddc1b4da33" />
		<rom name="20 'ex' end theme.vgz" size="31669" crc="c2f3c092" sha1="8ef44d478128fddc1b7f3cd6fb22395ef6f912f3" />
		<rom name="21 an exploit's 'ex'.vgz" size="52454" crc="a69e27fd" sha1="e22605cf23d9fe23792df108bf39748a558e4645" />
	</machine>
	<machine name="groupx_x68">
		<description>Group X (Sharp X68000)</description>
		<year>1991</year>
		<publisher>Compac Inc.</publisher>
		<rom name="01 menu theme.vgz" size="20752" crc="59c796a5" sha1="2cbf25c30a27f858c965c8cd67a1b826eeeb5fbb" />
		<rom name="02 music no.1.vgz" size="58046" crc="029cda43" sha1="65881e49c7ffccdd20816dfb5b8a2b65753b6e23" />
		<rom name="03 music no.2.vgz" size="129749" crc="49990145" sha1="9bf12b1bba6129d6d1749e08a2445bfe1ab99b4a" />
		<rom name="04 music no.3.vgz" size="104759" crc="27436dbb" sha1="a81a3ee1ca03b9e45bc232838ca947c07f42971d" />
		<rom name="05 course completed.vgz" size="3150" crc="b87f2a0e" sha1="f2be381358139e33678e0d6caaad8600038908aa" />
	</machine>
	<machine name="gunbird">
		<description>Gunbird (Arcade)</description>
		<year>1994</year>
		<publisher>Psikyo</publisher>
		<rom name="01 credit.vgz" size="8641" crc="cb86cfde" sha1="012bc1c5c688a937f76386d200c0aaa3d5de5b4a" />
		<rom name="02 discover the dream [character select].vgz" size="61406" crc="8f0e0aa3" sha1="9326aef3cbfb6d7834462174c63de17017d9d1cf" />
		<rom name="03 backstar's fortress [fortress stage].vgz" size="118306" crc="abdfd6fa" sha1="ed50c1b1ec406c320e83daeadbfbc583b2f3abc7" />
		<rom name="04 chase the case [boss battle a].vgz" size="121098" crc="954d3acd" sha1="7040ab6ce7b2a314eb22a4ceacbe928a8c9f1290" />
		<rom name="05 pointed square [jungle stage].vgz" size="178662" crc="96c301b9" sha1="9f18055694aa62cd7f83c2d7e9abfafc68082506" />
		<rom name="06 trick tramp train [town stage].vgz" size="170367" crc="4814df36" sha1="9ecb8ab9919a54dbdac7afe1196cd4473ab8fc4e" />
		<rom name="07 shot in the underground [abandoned mine stage].vgz" size="126444" crc="34d44f58" sha1="881799590778a2621e6ad26818ab844c884c3aef" />
		<rom name="08 high energy [boss battle b].vgz" size="150295" crc="3aed29fa" sha1="894d735a6f1de498435fdc87956e1da7ad94f770" />
		<rom name="09 we did it [stage clear].vgz" size="88495" crc="32469e39" sha1="52f16d6b3b772c452b6086ddebd4cc37a2c4afd3" />
		<rom name="10 aqua blue [sea stage].vgz" size="115445" crc="45d6b5f9" sha1="96c21ea478a6e0594ceec517c6b5a7f13c755e46" />
		<rom name="11 unknown objects [ruins stage].vgz" size="143798" crc="824fc172" sha1="91ac8cdc592834459f7f8820ddbfad3bd995250e" />
		<rom name="12 mistery circle [temple stage].vgz" size="168552" crc="cf2e34d8" sha1="66fb2eef8596eddd9032c3678450587c33fb815c" />
		<rom name="13 the trap -from the ancient- [final stage].vgz" size="91559" crc="4b72e969" sha1="18bfad9617b67802274b1741fe46b495d4bd0091" />
		<rom name="14 reborn [boss battle c].vgz" size="106733" crc="9eb631b0" sha1="1eeb11c97f5b7a745fa5d4ff353e87ade88b4dfa" />
		<rom name="15 the ending of gunbird a [ending a].vgz" size="55426" crc="859d8ab8" sha1="9250c6ac276c20fbbcd763fd153cfa89d875a53a" />
		<rom name="16 the ending of gunbird b [ending b].vgz" size="55492" crc="6769399c" sha1="6b0e18f2ff6ea2d3c5e74f9330f3674253b0615d" />
		<rom name="17 the ending of gunbird c [ending c].vgz" size="30642" crc="b465c6d5" sha1="f07c26e3beff34afb238e04dec73f612ca9a8902" />
		<rom name="18 the ending of gunbird d [ending d].vgz" size="63369" crc="69ee5cd4" sha1="81abbdad39ccf73df46e32d2201d94354656f22f" />
		<rom name="19 dreamin' again [ranking].vgz" size="49838" crc="65360d23" sha1="fd0219b17ac96b573da41aad7bf083ec87cbfca1" />
	</machine>
	<machine name="heberpop">
		<description>Hebereke no Popoon (Arcade)</description>
		<year>1994</year>
		<publisher>Sunsoft / Atlus</publisher>
		<rom name="01 theme of popoon.vgz" size="7695" crc="e4171d88" sha1="8194dd12abfaeb41494bb4caafe34e8eeadc75c4" />
		<rom name="02 ranking.vgz" size="8082" crc="fc59f00a" sha1="f23b5a95a33f1871015ef4edb7338c1fdbc6e40e" />
		<rom name="03 credit.vgz" size="3881" crc="91709c65" sha1="f84a00c57fa13b07daeb93e056e98e5f9c6eb977" />
		<rom name="04 choose me.vgz" size="25877" crc="f7377b3d" sha1="4efad578984a8c8a353715bc90003aa516d2289c" />
		<rom name="05 hebe popoon world.vgz" size="12151" crc="225debd0" sha1="f5c39ec21f45df8bc1b026bd9343ba061299e441" />
		<rom name="06 stage 1 - go go oh-chan.vgz" size="11934" crc="04c7e6ba" sha1="d3697563c5ab0556ecd745c6ebaf1b2c3aeef174" />
		<rom name="07 stage 2 - bobo's forest.vgz" size="16598" crc="d3684eb8" sha1="76079df10157ff14baf5c07c2de9138c74b10533" />
		<rom name="08 stage 3 - here's sukezaemon.vgz" size="9167" crc="1b9cc9de" sha1="e40c782a21f0f2705ed78a4e20f7b52241dc8721" />
		<rom name="09 stage 4.vgz" size="13551" crc="375359d6" sha1="ec131583ca91ff5048d1aab00aea80ea3dc5e339" />
		<rom name="10 stage 5.vgz" size="14414" crc="f8a19602" sha1="dcf72ef2ea1e6396a30e9ab290c80e43b8777cdf" />
		<rom name="11 stage 6.vgz" size="15207" crc="8f3787b0" sha1="5cf6973300b733accfe3af48a5d179e042e642e2" />
		<rom name="12 stage 7.vgz" size="9747" crc="68e10f39" sha1="f9938f36628c0919125be2b38abe7ba850c7c323" />
		<rom name="13 stage 8 - ugee-da jennifer.vgz" size="8361" crc="cab8fc23" sha1="df71ae66721dd9190ae20eab3cd23c50d087c86d" />
		<rom name="14 popoon for tomorrow.vgz" size="14189" crc="24537d14" sha1="136fd6338a718d8aa1523383a96da7cd135be2e6" />
		<rom name="15 two player stage - dance hebe.vgz" size="12185" crc="3cc8080b" sha1="8cfbc937b0c146f0512dae213e2d0952baef1a02" />
		<rom name="16 continue.vgz" size="19025" crc="e6280738" sha1="b74c1cf86371fd2408f7177d090bc5fcf12671e7" />
		<rom name="17 unused jingle 1 (victory).vgz" size="2343" crc="979bb589" sha1="9cb0ab9bfe541e3519baf118a98399461e3cfe41" />
		<rom name="18 unused jingle 2 (lose...).vgz" size="2403" crc="49bc1c8d" sha1="3eda08ba34b67e2e97b9a818e4c7e985c2839a89" />
		<rom name="19 unused bgm 1 (wobbling pen-chan).vgz" size="8996" crc="283d9871" sha1="9bfd565de6bb6947b7b4b4156e706f0e4570ec14" />
		<rom name="20 unused bgm 2 (alt stage 5).vgz" size="7881" crc="27cbc04a" sha1="109be987fa8825977cea2ef0aba65f1f5b619186" />
		<rom name="21 unused bgm 3.vgz" size="3992" crc="573add9a" sha1="7b8e5f70245e230672ad9a06b7b50d3879f9b029" />
		<rom name="22 unused bgm 4.vgz" size="10793" crc="acd5ee47" sha1="0a7c47616c16640dbc0828e6d0d6574d81fd7900" />
		<rom name="23 unused bgm 5.vgz" size="7720" crc="7ec1c766" sha1="49576fc9263143bdb6fe9c7e3d22807257948d26" />
	</machine>
	<machine name="ilmlaser_x68">
		<description>Illumination Laser (Sharp X68000)</description>
		<year>2014</year>
		<publisher>TERRA</publisher>
		<rom name="01 r.e.d.vgz" size="94180" crc="de509a39" sha1="79180c74d1c645872cf83fc3836a60ec826fdf2a" />
		<rom name="02 or ange_l.vgz" size="51665" crc="c3c203cb" sha1="e71845be7869ae137eab51bff55ac584c3d0bdba" />
		<rom name="03 the origin yellow.vgz" size="37502" crc="cc9f5183" sha1="5d33abd48616cfc169703148f75e2261404c5cc5" />
		<rom name="04 green field.vgz" size="119146" crc="605d8876" sha1="a657e23a524766782680a423f1f0bab2e0484837" />
		<rom name="05 infinity blue.vgz" size="55897" crc="a6f4a4f7" sha1="5b503e9b7d2c09974ead73c5e9d320b32f428539" />
		<rom name="06 viole'n't moon.vgz" size="178190" crc="2c54ea82" sha1="8a7a08b434272d0bcb699fd84bb7807c9ba20fcb" />
		<rom name="07 illumination.vgz" size="43333" crc="78c877a0" sha1="02a2dd35b1fe7ef5d1c3ac6aece952580da34664" />
		<rom name="08 gray visibility.vgz" size="80619" crc="f9c450ac" sha1="694a7643a28c27d1674dd18df34ee1fa0566622f" />
		<rom name="09 white page.vgz" size="46369" crc="c04afa3f" sha1="36655896ae6ca161b1715b1564a2275be228a4be" />
		<rom name="10 i.vgz" size="42342" crc="475de992" sha1="8bef06b3b162da3d24c08f4cbc1949bb96860a06" />
	</machine>
	<machine name="jbjr_nes">
		<description>James Bond Jr. (NES)</description>
		<year>1992</year>
		<publisher>THQ</publisher>
		<rom name="01 title screen.vgz" size="10841" crc="df901f6d" sha1="5b4982ed0ce796104f1fcb761fe4719bd93d4fec" />
		<rom name="02 cutscene.vgz" size="7370" crc="af9defe1" sha1="89729b46a4ccc4d4545c9055af09e12175174a54" />
		<rom name="03 level 1 - disable missiles.vgz" size="11256" crc="268b7c47" sha1="68f5aaeeb4e2244621e9349131937aa7fb498933" />
		<rom name="04 level 2 - recover the blueprints.vgz" size="6027" crc="09e900cc" sha1="62cc76c0145f95a08ae719238b4b16ceee8c9bab" />
		<rom name="05 level 3 - destroy factory rooms.vgz" size="6346" crc="1280a8fd" sha1="c8e3ded44a2a90ef408b86e78ec3a1a27642f986" />
		<rom name="06 level 4 - save the scientists.vgz" size="6842" crc="5f9d2022" sha1="db0c433a00165be893c49cc042c35bcf4125ebfe" />
		<rom name="07 totem boss ~ factory machine ~ scientist room.vgz" size="2934" crc="eb6b6b53" sha1="5ee89292cc47dee436dda60f42ae1d31b9e3b189" />
		<rom name="08 battle with scumlord.vgz" size="6154" crc="b177f18b" sha1="1fbef991a68d811b263fadc6244b49230793989c" />
		<rom name="09 objective complete.vgz" size="1666" crc="e4988e94" sha1="246fc065c70acdad6f09510a7bfe9d5beefea7d2" />
		<rom name="10 continue screen.vgz" size="1861" crc="8591e65f" sha1="bdfcc12a7b8cf466b0ee0abe2c7b6764adbcbb41" />
		<rom name="11 unused music.vgz" size="8221" crc="ce309156" sha1="8786b7acbb4e698b91b58a37974abfe7b799bfb2" />
	</machine>
	<machine name="jimpower_st">
		<description>Jim Power in Mutant Planet (Atari ST)</description>
		<year>1992</year>
		<publisher>Loriciel</publisher>
		<rom name="01 title theme.vgz" size="5820700" crc="add3c9ff" sha1="e5bf4a531949c2f169b692572a09c537e111f0f7" />
		<rom name="02 title screen, level 4, ending, game over.vgz" size="11531" crc="04e61687" sha1="a1d2ae30863472ead2fccb1bfdbebe39e9c9229a" />
		<rom name="03 level 1.vgz" size="23125" crc="40a8ad9a" sha1="e75112b4757bcb18f6f7c6a55388877513dc24fe" />
		<rom name="04 level 1 boss.vgz" size="7778" crc="2d6e44fe" sha1="1927ca4d84a413f976a2cad1e15b8ee1a433cb05" />
		<rom name="05 level 2.vgz" size="24958" crc="63d595c4" sha1="5a31c308046897a432d81f3693aa0b6e1547e428" />
		<rom name="06 level 2 boss.vgz" size="8274" crc="f2842e55" sha1="30b46a295712d7c63edc1bc06871f03749141ee2" />
		<rom name="07 level 3.vgz" size="18641" crc="f8eba241" sha1="1940652ea67ae41a709cd035ea20690008a85523" />
		<rom name="08 level 3 boss.vgz" size="10203" crc="0e6d240f" sha1="77afa9bb46223e91c09d48b5499cbbd479e91a19" />
		<rom name="09 level 4 boss.vgz" size="8696" crc="45142368" sha1="0e593c0728ddcbd34de8d1ab2371046712858673" />
		<rom name="10 level 5.vgz" size="39827" crc="49a9df56" sha1="f71604274bcc6737842a51d262a737d5050f2989" />
		<rom name="11 level 5 boss.vgz" size="5531" crc="0e122fab" sha1="d9f0a34541ebe3e01f4ddd4cef4c23e7749bbb7d" />
		<rom name="12 game over (unused).vgz" size="1734871" crc="651fdc92" sha1="852a547f60fe4c2c7c065952c2f9c070b1de0091" />
	</machine>
	<machine name="jpark_nes">
		<description>Jurassic Park (NES)</description>
		<year>1993</year>
		<publisher>Ocean of America, Inc.</publisher>
		<rom name="01 title screen.vgz" size="877" crc="d4aec208" sha1="450b9441a72995cfb8feee5ae8977eff94c0305b" />
		<rom name="02 intro.vgz" size="2694" crc="ee13b883" sha1="490c31b4f5507fd43b776a063e021b8b0458da0a" />
		<rom name="03 menu, level 5 radio the mainland.vgz" size="30758" crc="68571520" sha1="da2455f894266bd3b88b32e83790defb0eadcd87" />
		<rom name="04 level intro (dna message chain).vgz" size="1162" crc="bd52bea5" sha1="bf5ad6cf6a3d1716f1a10dbac446b46f3d26e6c4" />
		<rom name="05 level 1 triceratops stampede.vgz" size="37178" crc="1e8c0fa3" sha1="8a716b224a3e1e1596791fdbeb475e498bdce884" />
		<rom name="06 level 2 t-rex confrontation.vgz" size="66058" crc="cce3fa81" sha1="594b797f02277a272a465fd7ec27ec8fb3e52447" />
		<rom name="07 level 3 restore computer power, level 6 escape the island.vgz" size="35877" crc="d34564ed" sha1="ee3b5279b06f0fb0a1009f0f5bf6a6356d91a50a" />
		<rom name="08 level 4 the raptor nests.vgz" size="20689" crc="7c193583" sha1="d9f0245ff4db1402e89f66151f596d087cc5ca1e" />
		<rom name="09 boss battle.vgz" size="5938" crc="dd73433b" sha1="84bdb4c0ef7aaa8f2856bcdbf4a8cfd232871a5e" />
		<rom name="10 radio message, continue.vgz" size="3728" crc="488cff18" sha1="3747921bcbc763be349c4bcca608e742e0c56d74" />
		<rom name="11 helipad, credits.vgz" size="6851" crc="ed0d9797" sha1="719b6c173ff20b2aefda0a13fc7c444c3381769b" />
	</machine>
	<machine name="mgear2_nes">
		<description>Snake's Revenge (NES)</description>
		<year>1990</year>
		<publisher>Ultra</publisher>
		<rom name="01 title.vgz" size="6590" crc="00b9aa0a" sha1="0ecfaac633cbda4b7500156788ca945cc424b3fb" />
		<rom name="02 password.vgz" size="10130" crc="1e64ab61" sha1="6f12391972d374a28ea9a799779465ce85fbdc89" />
		<rom name="03 mission briefing.vgz" size="8302" crc="ba2eb139" sha1="bfbcb343bc82e2e0da640469280e9614954113aa" />
		<rom name="04 jungle infiltration.vgz" size="13740" crc="f88fc3f1" sha1="ed5dd86a971e42b627b54f957b906acf43eb44c4" />
		<rom name="05 enemy alert.vgz" size="8703" crc="227493f2" sha1="c42216b8cf81f441026b3910e8c9a0392f556c62" />
		<rom name="06 comrade captured.vgz" size="3889" crc="37c01b2a" sha1="bde224429b33108464d8e318f8c483219557cf21" />
		<rom name="07 jungle base.vgz" size="7841" crc="b8ad0ba1" sha1="fa48d32d9bf0ae7e8f41be1ecbf2ea0a0cf3fe85" />
		<rom name="08 boss battle.vgz" size="6906" crc="3043a4a2" sha1="37cc06543d6a87bf34a994417ed12512b1f6a82c" />
		<rom name="09 self-destruction theme.vgz" size="4472" crc="232f377e" sha1="589d2b01b1d0b2f4b183391a522de5d2c706b170" />
		<rom name="10 underground corridor.vgz" size="8449" crc="209eb22a" sha1="fcad0bf1e7baeefaac7da36541aeaa1ff8bbc44b" />
		<rom name="11 munitions compound.vgz" size="10175" crc="3ff5cace" sha1="5d33d58ef69ef139cff27397882c0c174b51970e" />
		<rom name="12 arms-cargo transit.vgz" size="10911" crc="a0972f8e" sha1="393ade54dbf25d6c27a4e061890b2b7ab34dc3d8" />
		<rom name="13 metal gear fortress.vgz" size="9336" crc="7c8419e7" sha1="2651690cfe6268f73f7af3c6d86d94b566494823" />
		<rom name="14 big boss theme.vgz" size="9412" crc="317501ee" sha1="c6c18e2702ab5825c6c459cc42fa69395945d4c5" />
		<rom name="15 missile launch countdown.vgz" size="7521" crc="2a492690" sha1="9b511fc64ecf4be6ee33c56dfa2e882681faf6fd" />
		<rom name="16 metal gear.vgz" size="8553" crc="1f401da9" sha1="47a0283a15831e08206278dbe0913c18f845a78a" />
		<rom name="17 mission success.vgz" size="2953" crc="be9c72f2" sha1="a311b9018165b5273e91bbce53a2030b67d5a929" />
		<rom name="18 ending.vgz" size="9298" crc="e2e12a17" sha1="41245dd18befdd77b03f4aab90348f48e194c29e" />
		<rom name="19 mission failed.vgz" size="3258" crc="b848182b" sha1="a5b1d863b78487c81e1cc15dcf452fd407ca793f" />
		<rom name="20 jungle infiltration (no intro).vgz" size="11786" crc="4b9219db" sha1="7cf23fd1afdf1ccd720acefeb21144671e51b052" />
	</machine>
	<machine name="overlord_nes">
		<description>Overlord (NES)</description>
		<year>1993</year>
		<publisher>Virgin Games</publisher>
		<rom name="01 title.vgz" size="59913" crc="8527dbcc" sha1="e99aa7a4df6319723dd98e394a5b09fc30456a86" />
		<rom name="02 menu.vgz" size="1319" crc="ffc87035" sha1="af1cd80ad4709cb33d3cd3faabc877cc9a624d0f" />
		<rom name="03 battle failure.vgz" size="2021" crc="58f9b7be" sha1="6e5f770622a0649cb1596920e27500b45d4f5e44" />
		<rom name="04 battle success.vgz" size="2128" crc="9e7e53da" sha1="c3f016875dabe84528a9572241e335186bc1971b" />
		<rom name="05 hard game complete.vgz" size="8640" crc="31dd63d3" sha1="b152aef55e5a5394d387906599625c5aad363f56" />
		<rom name="06 game over.vgz" size="4782" crc="faf0b17e" sha1="a88d58a650f6fd63a766c825b5aec97b6d3b52ec" />
		<rom name="07 unknown jingle 1.vgz" size="1436" crc="6c71135a" sha1="d6977b0e770f73bd4a0c5fa5a6ab5fde68aef561" />
		<rom name="08 unknown jingle 2.vgz" size="1114" crc="ba01115a" sha1="318ec175073ec6169b8fbed17223c6f6adf92671" />
	</machine>
	<machine name="ppersia_98">
		<description>Prince of Persia (NEC PC-9801)</description>
		<year>1990</year>
		<publisher>Broderbund Japan</publisher>
		<rom name="01 opening demo.vgz" size="36635" crc="e5825eb8" sha1="7f14a130a2685e8cea5aa35ed69c032a0c3605ee" />
		<rom name="02 menu screen.vgz" size="8753" crc="c002f73d" sha1="1005db37df7fa22b56f1451852de06f7c50e0fac" />
		<rom name="03 stone room (bgm 1).vgz" size="20736" crc="1d08b02f" sha1="74117c361fbf94ca1dbc9a270cddcee04491e542" />
		<rom name="04 battle of justice (vs. guard).vgz" size="17021" crc="127f8183" sha1="41e074f19c0fdde6f53b388c880861bab9d2caf7" />
		<rom name="05 decorated room (bgm 2).vgz" size="10639" crc="064ffad5" sha1="e32b3da712432beb348182ce697931f558ca3aed" />
		<rom name="06 skeleton battle (vs. skeleton).vgz" size="15744" crc="7887a23c" sha1="1175959ff123a6a35eba4caae884f739ed694c6e" />
		<rom name="07 princess anxiety (intermission demo).vgz" size="3577" crc="8d26f02f" sha1="3becc7970d6c506b04dc273d46951509aad7b9ab" />
		<rom name="08 heart-breaking room (bgm 3).vgz" size="14104" crc="2abaaa93" sha1="88856fc26bb5b71e4d2fb0a16f3bffe78090d6b8" />
		<rom name="09 doppelganger appears.vgz" size="1562" crc="c8d44fdc" sha1="9cf96857d4d6575e1534ea1b04c3e8731d1015fc" />
		<rom name="10 doppelganger battle (vs. doppelganger).vgz" size="11928" crc="4089eaf5" sha1="886fa4d89b5ed4ffa1c5c4bd3239506a7891d451" />
		<rom name="11 jaffar's room (bgm 4).vgz" size="23340" crc="c98e0e78" sha1="d9143568216b439c84519d73a04510939712efd6" />
		<rom name="12 jaffar appears.vgz" size="3859" crc="6b0fbf6a" sha1="37646bf14156ddc20b088a57c6c4af1854ba35f8" />
		<rom name="13 battle with jaffar (vs. jaffar).vgz" size="15859" crc="dae84690" sha1="6b95c713ec42f351e29f45e4fec79f2f8ef0434b" />
		<rom name="14 victory triumph (epilogue 1).vgz" size="15564" crc="ccc845ae" sha1="68a5910703e9e805f631ece0de247f743e546869" />
		<rom name="15 battle trajectory (staff roll).vgz" size="33093" crc="17304f00" sha1="b661ffe9e189e09833e8028799e508dfcd52137d" />
		<rom name="16 peace in persia (epilogue 2).vgz" size="13601" crc="18e70d19" sha1="357fdd6d85affd441ede1de4f16262d3575fdd1e" />
		<rom name="17 time over.vgz" size="3470" crc="d179499d" sha1="40b512ece2b210368db6bdb3af5ae2ef3d09241b" />
		<rom name="18 died in battle.vgz" size="1817" crc="ae61febd" sha1="bab14471db3c01d1370b98379fdac4fcc65baa9b" />
		<rom name="19 died by a trap.vgz" size="2420" crc="5cd3575d" sha1="336d3d0dc92e4feb78222fdf6cf1885d7d34fd45" />
		<rom name="20 get a weapon.vgz" size="2136" crc="c90f0265" sha1="18290ab148da5566101edef5baa2d569eda2dbe0" />
		<rom name="21 drink a life potion.vgz" size="1409" crc="bd0b310e" sha1="5a1a3f3ed2c935dc573a656f6be478116ddab117" />
		<rom name="22 battle win.vgz" size="1525" crc="027dfc85" sha1="e04842eec3a8919110ec888799921927c8954e9d" />
		<rom name="23 the door opens.vgz" size="1562" crc="2dadd837" sha1="084efd3a5b2658972d75d0cd18a01c5c282ddf0d" />
		<rom name="24 stage clear.vgz" size="1141" crc="701d4ef8" sha1="553edbb45eb415949a70cb9c7adeb765e9aaedeb" />
		<rom name="25 drink a life recovery potion.vgz" size="1623" crc="16c9a20f" sha1="f0f5c4343df9ab51ebbca2f677941a8da838e42b" />
	</machine>
	<machine name="prajator_88o">
		<description>Prajator - Image Ranger (NEC PC-8801, OPN)</description>
		<year>1989</year>
		<publisher>Enix</publisher>
		<rom name="01 opening 1.vgz" size="10129" crc="0cf758f2" sha1="a2864b84dfd4c9907e785199181805a40ef77194" />
		<rom name="02 opening 2.vgz" size="24864" crc="dd7ab54b" sha1="96bfdc95aa049f99d59f7381d8933318e935ecfc" />
		<rom name="03 demo 1.vgz" size="18666" crc="196609ab" sha1="6dbc66f237343f10bbbd198d6c8ee93c9edd04f4" />
		<rom name="04 area 1 - shinjuku.vgz" size="20510" crc="96260945" sha1="6193e9e88328e189de891100e8a0b1e81ff5f829" />
		<rom name="05 warning.vgz" size="1970" crc="4049084e" sha1="3dbe75127433a350350c7114869e4fb9b30dcb2f" />
		<rom name="06 area 1 boss.vgz" size="49750" crc="0e7668aa" sha1="439a91b5dd9a767f0f07fc0da9184ebb3e8a2538" />
		<rom name="07 area clear.vgz" size="3246" crc="6922ae89" sha1="78e9b4807ceae91246d884937c69252b4c1e21ec" />
		<rom name="08 set up.vgz" size="4165" crc="dd3c2a87" sha1="67134c05b582006b4a7ed65198b44bbc0d038c3f" />
		<rom name="09 area 2 - ohtemachi.vgz" size="51505" crc="559d05be" sha1="b459f921cc0dc35358c6582045dc6012f96df7a6" />
		<rom name="10 area 2 boss.vgz" size="25607" crc="54031b25" sha1="dfa949fd40d60605fd52d712b69ce17e336fc3c1" />
		<rom name="11 area 3 - ichigaya.vgz" size="16747" crc="e1589cf1" sha1="f67feaed6598f7f64c8bedccfb6aeb7dec833f75" />
		<rom name="12 area 3 boss.vgz" size="25828" crc="92db032d" sha1="bc5e5a6a8a934c0586a0cf6281c857da79e55ccc" />
		<rom name="13 area 4 - shinagawa.vgz" size="33672" crc="1f29ef2e" sha1="ddedfbeb467e80dc6acb30e1f5a7a89666412396" />
		<rom name="14 area 4 boss.vgz" size="51627" crc="3753d63a" sha1="01613f0b748803b9d3a9dc621a091f3ec6bda363" />
		<rom name="15 area 5 - kawasaki.vgz" size="21864" crc="ef17b69a" sha1="7432e377bffa33ed9b518ee3167e0885d0febce2" />
		<rom name="16 area 5 boss.vgz" size="39769" crc="5e72bbe3" sha1="84b3028450d393536ae34c3840098af601a1e33f" />
		<rom name="17 demo 2.vgz" size="12234" crc="368e9313" sha1="bfe96f7acf667fc7c006a76a4dd5b99a5cf3cc44" />
		<rom name="18 last target - yokohama.vgz" size="25856" crc="aa2a6ab4" sha1="f71fe413b7a42c4a67fd21da51d8edfca5e3cc70" />
		<rom name="19 demo 3.vgz" size="20144" crc="94e592cf" sha1="c079138a72d822d529b7f47950b8a62c245dba42" />
		<rom name="20 demo 4 ~ last boss.vgz" size="45395" crc="f6bc7ee3" sha1="9415f94819285c410295eb20bf92548432021e88" />
		<rom name="21 last boss (alternative).vgz" size="44207" crc="d93f0f36" sha1="5c673cdc7628ad9b03a6f689c216a2e9af0f4354" />
		<rom name="22 system down.vgz" size="4156" crc="640c8d16" sha1="4a284637c8406710d33d66607d3ee45dc49b7505" />
		<rom name="23 ending.vgz" size="33561" crc="2df0c931" sha1="9b92bdd3407a72824e3d6b01dfca9f4b4aafb064" />
		<rom name="24 staff roll.vgz" size="35641" crc="6ff6fd9a" sha1="cb83fea601b59912ba9806d8789a8f6ebb3eb064" />
		<rom name="25 game over.vgz" size="16489" crc="fe248b9c" sha1="809afe47a42f9a9003b2171e6a6490a1d59e8bf3" />
	</machine>
	<machine name="prajator_88oa">
		<description>Prajator - Image Ranger (NEC PC-8801, OPNA)</description>
		<year>1989</year>
		<publisher>Enix</publisher>
		<rom name="01 opening 1.vgz" size="10370" crc="081f1bcb" sha1="9acb373b8bac511c93dac498c7935f161ae160a3" />
		<rom name="02 opening 2.vgz" size="36957" crc="02a1a938" sha1="0cabff77e5a36690db8aa85e14b6178c48a1f685" />
		<rom name="03 demo 1.vgz" size="18767" crc="ac8e6682" sha1="5f9b99b4681b1635a76ae6d8a5ccc3f4f46d134b" />
		<rom name="04 area 1 - shinjuku.vgz" size="35163" crc="b5d7a0e2" sha1="79ae8111224e203c831ba562712833086d0182ae" />
		<rom name="05 warning.vgz" size="4393" crc="0e973bee" sha1="60ea43e3bbf1597064837cabf79f078df82501d4" />
		<rom name="06 area 1 boss.vgz" size="50278" crc="48cc61b7" sha1="2b4e8c449e3c3597099957b63c2d9787f906c7a4" />
		<rom name="07 area clear.vgz" size="3901" crc="a1ef7bc5" sha1="2ce9219ca223858f964194b811596fb0c7c6545a" />
		<rom name="08 set up.vgz" size="5811" crc="493ccf8a" sha1="d9d98d44ca0ca6a3820441a0388bb0011781a817" />
		<rom name="09 area 2 - ohtemachi.vgz" size="54975" crc="992f5e75" sha1="a13d2d00f828e98f19f75e16107684cd8ce7b2f5" />
		<rom name="10 area 2 boss.vgz" size="28459" crc="223086e3" sha1="2c3ad07461b5a3c8f3f4c586e94bcd1b6ced50bf" />
		<rom name="11 area 3 - ichigaya.vgz" size="16595" crc="1c8a1646" sha1="ed947c0b3fb481acf53941a074f14ad46b90bbaf" />
		<rom name="12 area 3 boss.vgz" size="26967" crc="c8e4d917" sha1="28c384efc9b625650209ffe667df8353178e3d92" />
		<rom name="13 area 4 - shinagawa.vgz" size="34979" crc="ae0bfae6" sha1="c5ca6c35968f29aabe1030018b9a9d49f1b643a5" />
		<rom name="14 area 4 boss.vgz" size="115549" crc="6700186f" sha1="01607cf151b86c18852a027828607ccfc3dad367" />
		<rom name="15 area 5 - kawasaki.vgz" size="26577" crc="39e585ff" sha1="30c4745d79b692e9d94d769fe38fc9dff3504c3f" />
		<rom name="16 area 5 boss.vgz" size="41891" crc="e8343747" sha1="2e6e20a8f78b660d598b289161326b42dcd61289" />
		<rom name="17 demo 2.vgz" size="12615" crc="3fcc5209" sha1="709fc4e64c8f41b4615bdc41fcc29b2610403133" />
		<rom name="18 last target - yokohama.vgz" size="27937" crc="0e20f0cc" sha1="8d355a48a13616a9b3a53afb499dc1ba320b19cb" />
		<rom name="19 demo 3.vgz" size="22289" crc="a322c869" sha1="d34aea28bcbd8b009265ac88191880ab9a5d19b2" />
		<rom name="20 demo 4 ~ last boss.vgz" size="48291" crc="e86cdb14" sha1="802bfba5393c953af3680fd121305b5b8c825b95" />
		<rom name="21 last boss (alternative).vgz" size="137165" crc="ce64b6f6" sha1="b79d84a8c7b527a81ee34888b566ff47aea975e3" />
		<rom name="22 system down.vgz" size="7909" crc="c2ae8bea" sha1="03e48f957c91f773e837aefa95cd97b3003b747e" />
		<rom name="23 ending.vgz" size="35113" crc="8072ce0e" sha1="8b4097a79719e46685315411ef05f387d24bb342" />
		<rom name="24 staff roll.vgz" size="35546" crc="8c3bd1e8" sha1="8b383f776c0748108af42bbc04cde5fe1b8c02a7" />
		<rom name="25 game over.vgz" size="30586" crc="c4bb8137" sha1="c37b658ff2d3aa468fb34178bed64d4d1dc7ea15" />
	</machine>
	<machine name="prehtale_st">
		<description>A Prehistoric Tale (Atari ST)</description>
		<year>1990</year>
		<publisher>Thalion</publisher>
		<rom name="01 thalion logo.vgz" size="19492" crc="90841ff1" sha1="e5e77babb4dfeda4637f98150104d5209404c1a1" />
		<rom name="02 title theme.vgz" size="129368" crc="7cfe1fb4" sha1="01138373daad24ab67febced2318885b86fabe8b" />
		<rom name="03 menu.vgz" size="6049" crc="37ff37aa" sha1="384394b47ed65fb0b22e2ef3c94b42abd5154247" />
		<rom name="04 level bgm 1.vgz" size="9122" crc="ed74ee5a" sha1="068eed86ad22259ac8b69fc6b1a2e39fbea25689" />
		<rom name="05 level bgm 2.vgz" size="9202" crc="ca6959ef" sha1="632dbadfeb474b953950a1d1fe1d9fbe4aea616f" />
		<rom name="06 level bgm 3.vgz" size="5389" crc="d3c58a0e" sha1="84b559693db06740912004ff2b15145f5faa8380" />
		<rom name="07 level bgm 4.vgz" size="16906" crc="067fa6bb" sha1="6c74ef6c8d1e7c27cb3d1e2aa0de46bfab86e54e" />
		<rom name="08 level end.vgz" size="1109" crc="230c5f41" sha1="6be69580f91a82cd658b4618a42be04b6b0eb823" />
		<rom name="09 all dinos saved.vgz" size="856" crc="e7a9ef90" sha1="59680427adaa135ffad48625c16dd900d1a2a074" />
		<rom name="10 level end (eggs not collected).vgz" size="655" crc="652efda8" sha1="53bca297e9b0ce9cc933baf999dcb332048c7737" />
		<rom name="11 the shuffle.vgz" size="20512" crc="dbabf853" sha1="49ed42aac54cfa0776edce1c5c169fded06e80be" />
		<rom name="12 bonus level complete.vgz" size="923" crc="fa846916" sha1="513a8008071f48ef5b1184a970a98f7bc40d09f2" />
		<rom name="13 hall of fame.vgz" size="20472" crc="84a19801" sha1="9855f316f9d6e91c53636fcf5603931a2c1acb27" />
		<rom name="14 game complete.vgz" size="14404" crc="1534245f" sha1="b07e15603ecf4fa715db9b2307212ce3b27583dc" />
		<rom name="15 unknown 1.vgz" size="1747" crc="ff219d26" sha1="8d5f1de5ac904d2001f45d81c86b199aba29179e" />
		<rom name="16 unknown 2.vgz" size="1167" crc="74e7dd57" sha1="82486d6f841c08224a5dba2de3fa85b0bf080f9e" />
	</machine>
	<machine name="rxanadu_98">
		<description>Revival Xanadu (NEC PC-9801)</description>
		<year>1995</year>
		<publisher>Nihon Falcom</publisher>
		<rom name="01 la valse pour xanadu ~genese~.vgz" size="37660" crc="22d9b0b5" sha1="eba5472845b58f275bcdfe61c5886ba085bffa0e" />
		<rom name="02 la valse pour xanadu ~resistance~.vgz" size="16132" crc="384c603a" sha1="4908934ef7b5b316460a33af654041af241bc57b" />
		<rom name="03 repos.vgz" size="8608" crc="e628fc61" sha1="552af0023f7306ca4cf6174b7709da26dec5f882" />
		<rom name="04 la valse pour xanadu.vgz" size="5733" crc="57ba45b0" sha1="0c2da3132beb4e26685a8b3cae1e6798dd6be263" />
		<rom name="05 la valse pour xanadu ~solennel~.vgz" size="15798" crc="ecda2f25" sha1="76a6efbb7853946e2ced6e6d2b91e62bce509472" />
		<rom name="06 fantom -vision-.vgz" size="52073" crc="d652d564" sha1="814d2e5fb2d369fa1540b72970f340e846cd911e" />
		<rom name="07 bout -long way-.vgz" size="15188" crc="a1cdbea3" sha1="9894454ed82bd602d997695c77c3605fed4c2624" />
		<rom name="08 vent -auspicious wind-.vgz" size="17117" crc="098e8574" sha1="4f4e24c0d0b1e91e1d2734b2fd71d96b47a69a01" />
		<rom name="09 eterniser -vast-.vgz" size="16021" crc="bf06c789" sha1="a82856c478ac47b44667f72a65145d4a4c2887c6" />
		<rom name="10 gros monstre.vgz" size="20106" crc="7ae7d979" sha1="f7d4f16664d7e29d417d8fab53bd4545d78346f1" />
		<rom name="11 finir.vgz" size="9860" crc="91d1c3e7" sha1="c097308fc61b857d66bb9751f782bb9bfb11c189" />
		<rom name="12 loin.vgz" size="15101" crc="0973ced5" sha1="01b6886687f71ecab96d2a5fb1475deeb6dd9dd3" />
		<rom name="13 la valse pour xanadu ~nouveau~.vgz" size="16344" crc="a63fd1ea" sha1="90903059628faf1b0db2469cdf4389bf284ce7bd" />
		<rom name="14 egarer -fascination-.vgz" size="42539" crc="4df8f42c" sha1="7eedfacb4730bd35c01abae934fe6e2ad7ad5b1c" />
		<rom name="15 errer -stray-.vgz" size="19713" crc="5212c8cd" sha1="c8ed8cdf08f14397125c03825d8306e223cc75c3" />
		<rom name="16 vrai -true-.vgz" size="47981" crc="a3617705" sha1="d15dd811db689b73fdfb4ab5fc836e1fce8b204c" />
		<rom name="17 existence -real existence-.vgz" size="19122" crc="e1628910" sha1="f2343c7bdda3836a5b5acbbb6f188db92a6f5e7d" />
		<rom name="18 king dragon.vgz" size="23119" crc="7b22dd05" sha1="c64f98f73505eb82867171107ec9907f4132ec2a" />
		<rom name="19 king dragon defeated.vgz" size="2270" crc="55189e1a" sha1="82469f3553a93dbc304148a0540bd3992dff346e" />
		<rom name="20 la valse pour xanadu ~lachei~.vgz" size="18088" crc="58f97bfe" sha1="5fdb8cb65ce9b168a7e3adfbb807759ebf86f5f4" />
	</machine>
	<machine name="shaolin_st">
		<description>Chambers of Shaolin (Atari ST)</description>
		<year>1989</year>
		<publisher>Grandslam</publisher>
		<rom name="01 thalion logo.vgz" size="20786" crc="810a6a77" sha1="dd2df9cf84ae43ce2777be4d20b33469726be0d6" />
		<rom name="02 title theme.vgz" size="1170862" crc="334a9190" sha1="61614754b364cd49f9ef8fe1078404b5bf966882" />
		<rom name="03 title theme (psg version).vgz" size="63914" crc="1c1f9791" sha1="72af4684459724fc127b35583310d0c27236c82f" />
		<rom name="04 si-zhi-rou-luang (test of agility).vgz" size="9577" crc="d2034a5b" sha1="45ab1114884890d4e6fb7af488faf9330e82061c" />
		<rom name="05 si-zhi-jung-si (test of balance).vgz" size="59767" crc="1795dae7" sha1="b37d7fcf584782f3c07b1b5b54a7bc3547d9d0fc" />
		<rom name="06 si-zhi-kuai (test of speed).vgz" size="5850" crc="b7898396" sha1="2fb19c110275161de5eb745a7a6f75b877317db6" />
		<rom name="07 si-zhi-kuai (test of speed) (failure).vgz" size="1129" crc="088da6c8" sha1="8e6700357be0855302405b91d7e0b927a9152551" />
		<rom name="08 trapped in china.vgz" size="252001" crc="ac30bbe3" sha1="ebc348e1eccfc4b1c6408f23e4a4c864c94180cf" />
		<rom name="09 mega pock olipse.vgz" size="81828" crc="9415d66b" sha1="966c7cce1aa72b03acd228227c029f14c1ec19ab" />
		<rom name="10 modu attack.vgz" size="114059" crc="b13f5aff" sha1="d757dd2641def61e5a4b43b9187a8f5f8a91e6c4" />
		<rom name="11 chinese revolution.vgz" size="70780" crc="0f80e560" sha1="6ddde9b8071b6b3bf0b8bd27434ef4baa0b8208e" />
		<rom name="12 dragon.vgz" size="22013" crc="6aa4e9ef" sha1="d72662f2f2442e570e3846894dbb5bcfda762349" />
	</machine>
	<machine name="ssprint">
		<description>Super Sprint (Atari System 2)</description>
		<year>1986</year>
		<publisher>Atari</publisher>
		<rom name="01 credit.vgz" size="439" crc="fe82d035" sha1="cb2a69ea0d1d67b57bfc70908b90f2845f1aeb85" />
		<rom name="02 course select.vgz" size="3178" crc="ee42ce78" sha1="e05ff42b4075cd57dd88c87573ad7eb052374973" />
		<rom name="03 goal 1.vgz" size="3124" crc="25626e04" sha1="32077299428734a3d467acae3da1c4b64a5b69aa" />
		<rom name="04 next stage.vgz" size="6952" crc="4f062ad3" sha1="7c537015c6d39f097386b7baf793f1a0687bf274" />
		<rom name="05 goal 2.vgz" size="7599" crc="2138eb1a" sha1="450698716f40f271c41d219843b00bdbeb693859" />
		<rom name="06 tune up 1.vgz" size="1151" crc="4096259e" sha1="3fcaa1143bb606918d4a9db16d165e9bc93f67f4" />
		<rom name="07 goal 3.vgz" size="4163" crc="5eb8c0ed" sha1="397aa2eaa42db4d989f0bd13914fdb8ae3036455" />
		<rom name="08 goal 4.vgz" size="5859" crc="b34067db" sha1="bbdd306defb6a6b1552fbaa32bb598fcc2a8dd37" />
		<rom name="09 tune up 2.vgz" size="1117" crc="69fa15e1" sha1="c4180abbdda16a68a259e0f47755d96ab328e4b7" />
		<rom name="10 goal 5.vgz" size="3577" crc="9f7ec999" sha1="ac2d122353af8453b7c27417b6eddbfa3bcc61a4" />
		<rom name="11 goal 6.vgz" size="3585" crc="6dde77e9" sha1="90a888985c6e0b628091885f1461ae2f9f851178" />
		<rom name="12 tune up 3.vgz" size="1085" crc="c7dfb23c" sha1="afb2c22ddd3ea0f9413c0d2ede500657c13d2f8a" />
		<rom name="13 goal 7.vgz" size="3419" crc="0d380f8b" sha1="164c3cf5f26a9c674c9f3084cbb31ec180be8d5d" />
		<rom name="14 goal 8.vgz" size="2438" crc="61777ca1" sha1="4f85707054596bb71501d5e58fdcc746a4acb486" />
	</machine>
	<machine name="starlust_68k">
		<description>Star Luster (Sharp X68000)</description>
		<year>1994</year>
		<publisher>Dempa</publisher>
		<rom name="01 loading bgm.vgz" size="8230" crc="10ad4256" sha1="0f82e1eabbf92c870092e9d1b4026e1d25a93ce7" />
		<rom name="02 mission start.vgz" size="12628" crc="592ebf41" sha1="1baf13f9a514917f1784201fea4bcf042d892b5c" />
		<rom name="03 level up.vgz" size="10253" crc="cbd045b3" sha1="f4dcc5552a96cde04258cfd88591df44e7cdcb67" />
		<rom name="04 mission 1 clear.vgz" size="18362" crc="2435f340" sha1="f0d03b2394337903458de7560be32e130f6ee86c" />
		<rom name="05 mission 2 clear.vgz" size="20942" crc="80843e56" sha1="4df3671649eae7951ae26145dc6dfbdb072e5352" />
		<rom name="06 mission 3 clear.vgz" size="21325" crc="38e44ef9" sha1="8c34402e51b3602735ee54395047aaa641fefb93" />
		<rom name="07 dark nebula.vgz" size="16692" crc="3cba6c39" sha1="e59cbfe0bfe6ffbf1004c2eb0724c3335c7ddba5" />
		<rom name="08 mission complete.vgz" size="15516" crc="5a8fc048" sha1="4a270395d952a64cb8538723874425c763df7dc0" />
		<rom name="09 game over.vgz" size="13718" crc="298cdcd0" sha1="8251ef2c4d70670662cfde0bcee6d877b1069eb3" />
	</machine>
	<machine name="tetrisp2">
		<description>Tetris Plus 2 (Arcade)</description>
		<year>1997</year>
		<publisher>Jaleco</publisher>
		<rom name="01 title theme.vgz" size="238429" crc="0e0976bc" sha1="a1bc74d23341a9e1c48babb929c6894559beb419" />
		<rom name="02 demo.vgz" size="157443" crc="b21660a1" sha1="3c3744657adb9867d2baf46613bb6f69f9f98180" />
		<rom name="03 credit.vgz" size="5301" crc="f64d9e5a" sha1="667d8dc7cc7ece945adef68e949de4764dffd642" />
		<rom name="04 selection menu.vgz" size="27587" crc="0393d875" sha1="76ae49c3a7447021936a893c64e7b5c744e36869" />
		<rom name="05 endles mode.vgz" size="258766" crc="488b891e" sha1="8e2b2390bd6fd900d11360d52c53c7fd22d72274" />
		<rom name="06 chapter clear.vgz" size="23434" crc="7258beac" sha1="cea17c8e6434ba491635014b2a90b17054d1e4d9" />
		<rom name="07 vs mode.vgz" size="128039" crc="1ddbc042" sha1="3cd1a4eb7ba7cc7698788b38bca8637fad251169" />
		<rom name="08 puzzle mode - dialogue.vgz" size="86385" crc="6d9cbaa4" sha1="4965b560c5cccd143f61960b92f7349db871b2d2" />
		<rom name="09 puzzle mode - stage select.vgz" size="47778" crc="c38ad02c" sha1="5899c466872ce01c6bebbd3f47241a1c5a308df7" />
		<rom name="10 puzzle mode - bgm 1.vgz" size="173001" crc="69d79d6c" sha1="ce011d5b5edccdded642429b2b07544ce086c5ad" />
		<rom name="11 puzzle mode - bgm 2.vgz" size="175613" crc="1c3c0896" sha1="12557313eb746a2ebd7e5a902b0908a39307d19c" />
		<rom name="12 puzzle mode - bgm 3.vgz" size="213889" crc="ef1de55b" sha1="abba26e0512f86cb680670517cd3f6955e97c6ca" />
		<rom name="13 puzzle mode - bgm 4.vgz" size="230143" crc="125304e5" sha1="c390f813fbfe08961e0f1d6a9ab27ec87d80eca7" />
		<rom name="14 puzzle mode - bgm 5.vgz" size="185731" crc="b4885b37" sha1="551349b96c184d52a495e8d06c0a4a2ade1a3141" />
		<rom name="15 ending theme 1.vgz" size="150282" crc="7c1ae655" sha1="c7ba3b0488cf398443de2f54d65a951fc87d6b66" />
		<rom name="16 ending theme 2.vgz" size="118456" crc="1f610c45" sha1="1760af1f38c3e26ccd1151456683288e939332a9" />
		<rom name="17 ending theme 3.vgz" size="63498" crc="88a872ca" sha1="70f5b063f2456f2736f7a890d3fe002def4c14c9" />
		<rom name="18 staff roll.vgz" size="150482" crc="b30a42da" sha1="da1667a9425bccc8ff6bccfc558f3b27ef07efbc" />
		<rom name="19 please continue.vgz" size="74465" crc="b4786e99" sha1="d25cd4d1f3b692aad49db0d367a3447a464a0620" />
		<rom name="20 game over.vgz" size="20039" crc="6b0972aa" sha1="6d3a0fde68583aa1803d2a81652be197df742e15" />
		<rom name="21 score ranking.vgz" size="74767" crc="1915de2d" sha1="6352f64bf7dcfdbfc5298002aa8096c325400b79" />
		<rom name="22 unknown 1.vgz" size="158857" crc="9ffa0b55" sha1="5243ead04a59fe237afe4f528eda27a4d65ad70a" />
		<rom name="23 unknown 2.vgz" size="16114" crc="119aec9f" sha1="e7200f14dd4921d73dc97bc7133174be15f7d967" />
		<rom name="24 unknown 3.vgz" size="17516" crc="f1b8c6ab" sha1="4b38f91d8ce79e32b8e388f1a24d526c3ad4bf44" />
	</machine>
	<machine name="touhouew_98">
		<description>Touhou Fuumaroku ~ The Story of Eastern Wonderland (NEC PC-9801, OPNA)</description>
		<year>1997</year>
		<publisher>Amusement Makers</publisher>
		<rom name="01 record of the sealing of an oriental demon ~ pure land mandala.vgz" size="17257" crc="a6722817" sha1="aad4f9eb2350d8326b881930e863353b88889e2f" />
		<rom name="02 hakurei ~ eastern wind.vgz" size="21646" crc="33403e82" sha1="901d24c2964ecf03a190e5c7fa3fbceb453fb4f3" />
		<rom name="03 she's in a temper.vgz" size="14273" crc="5cbdd64b" sha1="0d1a6abc62be33cc064005ea41139f8d020466fc" />
		<rom name="04 end of daylight.vgz" size="17571" crc="9b5c4288" sha1="5540f4697e0d2c00aea6cb28fa9261a76bba1cea" />
		<rom name="05 power of darkness.vgz" size="22495" crc="d92151f5" sha1="ad3d4e48dc683f3cab89eb91d9a9e960c479d4f3" />
		<rom name="06 world of empty dreams.vgz" size="21324" crc="47275622" sha1="0a12cb1042f25ef36bcfad5cec4ccb33d611fc01" />
		<rom name="07 bet on death.vgz" size="19669" crc="7812f69d" sha1="cd33c7609f396c4437cc43897e1874bafc1df58c" />
		<rom name="08 himorogi, burn in violet.vgz" size="21216" crc="be615d22" sha1="a63142f1db2fecc617bbcabf4760b48d27d7b71f" />
		<rom name="09 love-coloured magic.vgz" size="16192" crc="f6e25276" sha1="859de36e5cc87c0f5b780602a5903517fe7a2fbc" />
		<rom name="10 record of the sealing of an oriental demon ~ a phantom's boisterous dance.vgz" size="23031" crc="2a8b6506" sha1="0abaeab015bcc3f35cf1269d6e9b95b8cba57a43" />
		<rom name="11 complete darkness.vgz" size="23570" crc="1aa5d788" sha1="bd29d8d1680f373fd9f0d5c8b0fa5fdb1bb6f063" />
		<rom name="12 extra love.vgz" size="25276" crc="380661b3" sha1="2ebdca8def04e233078409a24fabaf508d5ffb4e" />
		<rom name="13 the tank girl's dream.vgz" size="33741" crc="ece99ca5" sha1="004bf12c00b4009f349f204744a9434ec173e9aa" />
		<rom name="14 forest of tohno.vgz" size="5435" crc="bf56e84d" sha1="3029e351bb1a66a1b5511f11081106f93f083f49" />
		<rom name="15 legendary wonderland.vgz" size="24533" crc="702d5d97" sha1="a08922d48e87682008e1f1e5d51aa93995e1b6ee" />
	</machine>
	<machine name="tp2m32">
		<description>Tetris Plus 2 (Jaleco Mega System 32)</description>
		<year>1997</year>
		<publisher>Jaleco</publisher>
		<rom name="01 title theme.vgz" size="41630" crc="95f0741a" sha1="959738e5d3ab6c1340b6614b87fa7cbacfa8549e" />
		<rom name="02 demo.vgz" size="45021" crc="29b163c4" sha1="a0678f8a60b37c68638443b377d1b67028ad6f28" />
		<rom name="03 credit.vgz" size="8151" crc="13717d7e" sha1="a17d327bf71fb7f4c9fc1ab91622082387c9444c" />
		<rom name="04 selection menu.vgz" size="15614" crc="f1386e01" sha1="321d3b763314efc7040744bf56a8f3654349c3c6" />
		<rom name="05 endless mode.vgz" size="24011" crc="b401bcb4" sha1="b09b5e706a4d29f7412f6acf270803efceaef3f1" />
		<rom name="06 chapter clear.vgz" size="16331" crc="a91409ad" sha1="837a107e9d04cd1a81b2050f6e674225f0edf590" />
		<rom name="07 vs mode.vgz" size="16108" crc="da53b8c3" sha1="6a27f1c031fef6b22841cfd90734a3db271dd0e0" />
		<rom name="08 puzzle mode - dialogue.vgz" size="19186" crc="2398cc04" sha1="58bbab3ba96e20bf069d4c674ecfc0d9a1ad3bc0" />
		<rom name="09 puzzle mode - stage select.vgz" size="10426" crc="421e6fb2" sha1="00f44b3a53837774fb089f849a4fc39f2f25011f" />
		<rom name="10 puzzle mode - bgm 1.vgz" size="35868" crc="41fe5e1b" sha1="617fa622592d322c33378ad8b2ce65faaf9bb78e" />
		<rom name="11 puzzle mode - bgm 2.vgz" size="41680" crc="e4204f01" sha1="16d3e5501fb58452d1f91a5d3c15354c2a68f9eb" />
		<rom name="12 puzzle mode - bgm 3.vgz" size="21716" crc="6752e1fd" sha1="08bbd068b7bcc2876b03de51230d84f85bc75b9d" />
		<rom name="13 puzzle mode - bgm 4.vgz" size="35518" crc="4fd53d12" sha1="589b8ba45eb15e1c5f2c36acce0db3409f1d8b4b" />
		<rom name="14 puzzle mode - bgm 5.vgz" size="35722" crc="cdf9dbe2" sha1="d286d57930c38771c73cef90b968f63320f0fce3" />
		<rom name="15 ending theme 1.vgz" size="26577" crc="9214cd7c" sha1="8d961879bc8b61a06eecd8bba313d85efa636004" />
		<rom name="16 ending theme 2.vgz" size="30650" crc="9b01d31e" sha1="e591595ab2501015ab694ca6f4671c8c99735f95" />
		<rom name="17 ending theme 3.vgz" size="21673" crc="a2269f95" sha1="8d4f513bb9a6c4c6ac7101e64f7f8adec2702515" />
		<rom name="18 staff roll.vgz" size="30523" crc="f5315701" sha1="fb6570af4c80183db377a043f7d8aa682a7a8a24" />
		<rom name="19 please continue.vgz" size="33688" crc="5f815290" sha1="2e3e1f1517684a9f99fa9779dcd56e4e199598a8" />
		<rom name="20 game over.vgz" size="19668" crc="dc6a4a5d" sha1="d4d25c3649dd75de275d4e92dae97f861d196aa0" />
		<rom name="21 score ranking.vgz" size="28518" crc="ff06f23f" sha1="21219479603e47f1e60009bfb2b72898459ada96" />
		<rom name="22 unknown 1.vgz" size="45349" crc="b47a1ff6" sha1="16c7c19edbdf1ce75bdfcb19d843113488b1e367" />
		<rom name="23 unknown 2.vgz" size="17974" crc="b64a9795" sha1="39eccaeacf2735635ce879ede7c87ab6002874bb" />
		<rom name="24 unknown 3.vgz" size="24664" crc="2bdd0184" sha1="01431a650d0af6c4a151082eb962696da93274e3" />
	</machine>
	<machine name="wildplt">
		<description>Wild Pilot (Arcade)</description>
		<year>1992</year>
		<publisher>Jaleco</publisher>
		<rom name="01 demonstration.vgz" size="55265" crc="7aeba536" sha1="44104980fa3126cec42790adc1a080b6e45a65c2" />
		<rom name="02 credit.vgz" size="7225" crc="a8e5809c" sha1="ef7cfdcddee24aeaea42aacca3b647f17d20a4a0" />
		<rom name="03 menu.vgz" size="91263" crc="5021ee49" sha1="a8af976735328e96f5f47414a3cf0b4e3bf8b9c4" />
		<rom name="04 boss 1.vgz" size="154960" crc="66b965fb" sha1="51d73db3b7752c45cdb6645b72620020ffe8e552" />
		<rom name="05 boss 2.vgz" size="154595" crc="fc5683ea" sha1="ceb2699efab3456f090b1d718b1da648a754710f" />
		<rom name="06 boss 3.vgz" size="164562" crc="95e3bd88" sha1="9293006e7f2688f3e3afffd9b92ac0ff24f5395e" />
		<rom name="07 boss 4.vgz" size="138835" crc="70ee2229" sha1="d918a39e23f17a048968122a84587eda84369355" />
		<rom name="08 victory.vgz" size="34646" crc="5ac04e4f" sha1="6def61fbc6510f152a6475406811d6a6fa1329ee" />
		<rom name="09 stage completed.vgz" size="118493" crc="7b4c0666" sha1="974459a35f3246f25b9d1c58116837c5628cacbf" />
		<rom name="10 stage failed.vgz" size="96551" crc="59754bf1" sha1="bbdf7f90c959ab8641fb73231947fff6ccd38a55" />
		<rom name="11 ending.vgz" size="121156" crc="f8de2036" sha1="2732d922f8a66c3472820d0e3065149a3e9a2def" />
		<rom name="12 game over.vgz" size="122391" crc="7a12a847" sha1="d33943bc696902ae3de0e8fadca1f994c5573eb7" />
		<rom name="13 name entry.vgz" size="67126" crc="4eaee4df" sha1="30b87324f4897aa3c5af083a909fc310d8eda5c4" />
		<rom name="14 unknown 1.vgz" size="50612" crc="f70670d3" sha1="c076b76e09cf105a2f3ba03c20b542339055b8cd" />
	</machine>
	<machine name="wingsdth_st">
		<description>Wings of Death (Atari ST)</description>
		<year>1990</year>
		<publisher>Thalion</publisher>
		<rom name="01 thalion logo.vgz" size="20238" crc="18afedce" sha1="42ff7687c3a0bb3a4327f759f01240405d21b0dc" />
		<rom name="02 title theme.vgz" size="5989074" crc="85936202" sha1="94127e712dc8958674ce435bbd145a6a22691f2a" />
		<rom name="03 loader.vgz" size="18608" crc="675688e5" sha1="b0183943600e1e7f5673750641b150ce2606eeac" />
		<rom name="04 stage 1 - sagyr's castle.vgz" size="74608" crc="53355f3b" sha1="5c251fd9115456f3ea71139ce26803e585814601" />
		<rom name="05 stage 2 - the jungle of mutants.vgz" size="70928" crc="12437def" sha1="dc87a532cc708ca9f281a8860f4f15daa5ef8c8e" />
		<rom name="06 stage 3 - the lethal swamp.vgz" size="55270" crc="95cdb8a3" sha1="ecc5249880900f075c5fda7f2546146968a494cc" />
		<rom name="07 stage 4 - a scape of fire.vgz" size="73176" crc="ac44c11e" sha1="f665e6e4dfac550fafc63f6b5698fbe791684344" />
		<rom name="08 stage 5 - cold lands of doom and despair.vgz" size="97218" crc="362fba2c" sha1="e2f5922bcc9a4db0db97ff0be53fde78666ded46" />
		<rom name="09 stage 6 - crystal world.vgz" size="73796" crc="085c8afe" sha1="b2cffbd8e4909a0b7081598768f774197daca76f" />
		<rom name="10 stage 7 - xandrilia's domain.vgz" size="45063" crc="5324b765" sha1="fa2454a6b7c0469e3637fef40ffc698fdc6cf37b" />
		<rom name="11 ending.vgz" size="1622850" crc="ad41d219" sha1="dcc34ff24e0813f58fd86f2affbdd82eb3cf6d26" />
		<rom name="12 unknown 1.vgz" size="22948" crc="a1c06b0b" sha1="9bdf29309e463d82e090a9225e32d10cc85fe3e7" />
		<rom name="13 unknown 2.vgz" size="3063" crc="b017f1c9" sha1="9782dd3f8d276315c4f8c2a81401c84ec827c7a2" />
	</machine>
	<machine name="xenon2_st">
		<description>Xenon 2 - Megablast (Atari ST)</description>
		<year>1989</year>
		<publisher>Image Works</publisher>
		<rom name="01 megablast.vgz" size="367237" crc="0e5e7814" sha1="c47d80e306a84fae62334ef5fe2765470ad31e70" />
		<rom name="02 megablast (in-game).vgz" size="27905" crc="08c7f951" sha1="be8a91d757ace228ab097cce74fec2a6cc70923f" />
	</machine>
	<machine name="ys2_x1t">
		<description>Ys II - Ancient Ys Vanished The Final Chapter (Sharp X1 Turbo)</description>
		<year>1988</year>
		<publisher>Nihon Falcom</publisher>
		<rom name="01 opening.vgz" size="8052" crc="7f519d8f" sha1="ca8adfaedef1c67fe87bccf33a32c0453b9eb64a" />
		<rom name="02 to make the end of battle.vgz" size="23629" crc="709291fd" sha1="8e9d4b8bb97b92f0c2070d5eeb890adb2c9faa1c" />
		<rom name="03 lilia.vgz" size="5952" crc="fd045fe1" sha1="7ecd6629573160ccf1e1901193a90d6fc8152f52" />
		<rom name="04 too full with love.vgz" size="15157" crc="b26cf3aa" sha1="44bc3d2b81142bdecfc5721d55217501f17f2dab" />
		<rom name="05 apathetic story.vgz" size="2639" crc="6339b923" sha1="85257c6adca03733e66d9882530c7457e8d41d85" />
		<rom name="06 may i help you.vgz" size="3852" crc="235a1e76" sha1="ec7434e112c2ff3543b8e923bef77ab37c3aa442" />
		<rom name="07 feel blue.vgz" size="4899" crc="0fe72830" sha1="b5e530ce6c9e26130cc4dc8b513504321db18d1a" />
		<rom name="08 ruins of moondoria.vgz" size="8119" crc="41a8cf80" sha1="61af61a475892725bd3ffa00b499067def809548" />
		<rom name="09 noble district of toal.vgz" size="19991" crc="15b5ff88" sha1="3a9d36c4611db51b3400ae051621d6f43fc8fe3e" />
		<rom name="10 rest in peace.vgz" size="1681" crc="f04ab68b" sha1="1990069d981f47fc4549008a3dae995a54f15d18" />
		<rom name="11 cavern of rasteenie.vgz" size="6093" crc="b2269a4d" sha1="568bfcb4d80eb3e21352a9f2e0ccebd1d228fef7" />
		<rom name="12 protecters.vgz" size="10629" crc="a90545f1" sha1="e1588e424ee3f2be1b1770d970b678ac283c7687" />
		<rom name="13 ice ridge of noltia.vgz" size="10021" crc="ac69e216" sha1="de19d56582060da5941e9faf96d61afdae494773" />
		<rom name="14 inside of the ice wall.vgz" size="2178" crc="5a510d33" sha1="505ba6d5ad5e57dfcb1d37c01e02d896fea34b5c" />
		<rom name="15 moat of burnedbless.vgz" size="16774" crc="25557ab6" sha1="eee02ea17daf5dcfe0b3b0ed9e8f75f4843b9ccc" />
		<rom name="16 tender people.vgz" size="11137" crc="8e272a37" sha1="9eb6972aa4d2d7fa2259735caf7890f6e49e89d4" />
		<rom name="17 palace of salmon.vgz" size="9291" crc="d86aafea" sha1="96235b6f201a6228cb78770afea2f0833d098e17" />
		<rom name="18 subterranean canal.vgz" size="17776" crc="888b3961" sha1="2fdb8b07af82cd86e5a07cd0c965e994b402be42" />
		<rom name="19 companile of lane.vgz" size="18480" crc="4d9c257f" sha1="ca439563d7c56c3fcb21417d2951aa1526801bc3" />
		<rom name="20 pressure road.vgz" size="10259" crc="f3493e76" sha1="b1f9bc35c813ea9a5542dece7eed5a8a335f9c6b" />
		<rom name="21 don't go so smoothly.vgz" size="2799" crc="5ec60105" sha1="e35f86e615c8b06f9650f7e8398a50306be22f83" />
		<rom name="22 feena.vgz" size="2182" crc="7884dd34" sha1="f3fa993c5a9f683ba6fdba001e7b5a07f03c035c" />
		<rom name="23 termination.vgz" size="17404" crc="a96a9892" sha1="ed169b9da66360aff59257f62cd4c3a72f32723c" />
		<rom name="24 a still time.vgz" size="15212" crc="1ea3bcd5" sha1="9fb7d8f191d0909a73f7711bd00152dc253ed2f2" />
		<rom name="25 stay with me forever.vgz" size="16433" crc="3da47ff6" sha1="67e1ad3528e49eeda93c7e1dcb85a9468e4e92f0" />
		<rom name="26 so much for today.vgz" size="5162" crc="c12facbd" sha1="c6d16074551cb78fc9e4e3c7c186b60ed7fd55d6" />
		<rom name="27 lucky treasure box.vgz" size="2052" crc="64d9eae2" sha1="bf71905d1e4b57e9c879278252fafe4c8d2cd3d6" />
	</machine>
</datafile>