<?xml version="1.0" encoding="utf-8"?>
<!DOCTYPE datafile PUBLIC "-//Logiqx//DTD ROM Management Datafile//EN" "http://www.logiqx.com/Dats/datafile.dtd">
<datafile>
	<header>
		<name>apple2gs_flop_orig</name>
		<description>Apple IIgs 3.5" original disks</description>
		<version></version>
		<author></author>
	</header>
	<machine name="kingqst">
		<description>King's Quest: Quest for the Crown</description>
		<year>1987</year>
		<publisher>Sierra On-Line</publisher>
		<rom name="king's quest iigs - disk 1.woz" size="1296282" crc="813e5b11" sha1="8e61a96821460da26d8e9c567e358ec18d15c535" />
		<rom name="king's quest iigs - disk 2.woz" size="1298330" crc="832a3043" sha1="7fe827331b55408b478ffb45330a09de73234ebb" />
	</machine>
</datafile>