<?xml version="1.0" encoding="utf-8"?>
<!DOCTYPE datafile PUBLIC "-//Logiqx//DTD ROM Management Datafile//EN" "http://www.logiqx.com/Dats/datafile.dtd">
<datafile>
	<header>
		<name>apple2_flop_orig</name>
		<description>Apple II 5.25" original disks</description>
		<version></version>
		<author></author>
	</header>
	<machine name="brdstale3">
		<description>The Bard's Tale III: Thief of Fate (800K 3.5")</description>
		<year>1988</year>
		<publisher>Electronic Arts</publisher>
		<rom name="the bard's tale iii 800k.woz" size="1296176" crc="d388b56d" sha1="7e45ae4673d40093f535606d13d032cadaa410ac" />
	</machine>
	<machine name="newprntshop">
		<description>The New Print Shop (800K 3.5")</description>
		<year>1990</year>
		<publisher>Broderbund Software</publisher>
		<rom name="the new print shop 800k.woz" size="1296152" crc="df2c9138" sha1="d5f690d14861672cbefb9ab9a1ad275a087979e2" />
	</machine>
	<machine name="rboots4035">
		<description>Rocky's Boots (Version 4.1) (800K 3.5")</description>
		<year>1988</year>
		<publisher>The Learning Company</publisher>
		<rom name="rocky's boots v4.1 800k.woz" size="1296202" crc="9547ceae" sha1="9ed4042968ce40c1d5049befe27ecc74d81e4aea" />
	</machine>
</datafile>