<?xml version="1.0" encoding="utf-8"?>
<!DOCTYPE datafile PUBLIC "-//Logiqx//DTD ROM Management Datafile//EN" "http://www.logiqx.com/Dats/datafile.dtd">
<datafile>
	<header>
		<name>apple2_flop_clcracked</name>
		<description>Apple II cleanly cracked 5.25" disks</description>
		<version></version>
		<author></author>
	</header>
	<machine name="wntgames">
		<description>Winter Games (cleanly cracked)</description>
		<year>1984</year>
		<publisher>Epyx</publisher>
		<rom name="winter games (4am crack) side a.dsk" size="143360" crc="ad1360c5" sha1="d7c3b67d3ed5336f68a232eaa84a2766eabc4c1e" />
		<rom name="winter games (4am crack) side b.dsk" size="143360" crc="b8d713fd" sha1="e2c6b9b0dfdf2f23c59c03ec803b0ffb79135482" />
	</machine>
</datafile>