<?xml version="1.0" encoding="utf-8"?>
<!DOCTYPE datafile PUBLIC "-//Logiqx//DTD ROM Management Datafile//EN" "http://www.logiqx.com/Dats/datafile.dtd">
<datafile>
	<header>
		<name>c64_cass</name>
		<description>Commodore 64 cassettes</description>
		<version></version>
		<author></author>
	</header>
	<machine name="fbmngr2">
		<description>Football Manager 2</description>
		<year>1988</year>
		<publisher>Addictive Games</publisher>
		<rom name="Football_Manager_2.tap" size="477077" crc="743e80d6" sha1="cf72514b8bc7e3d18a5475a13cc19169a254387e" />
	</machine>
	<machine name="ferrari">
		<description>Ferrari Formula One</description>
		<year>1990</year>
		<publisher>Activision</publisher>
		<rom name="Ferrari_Formula_One_Tape_1_Side_1.tap" size="262666" crc="5af5f5b7" sha1="20afc4a8f3fad1ce3cd5024c3c04b291dcbb3d02" />
		<rom name="Ferrari_Formula_One_Tape_2_Side_1.tap" size="551020" crc="d6fa9877" sha1="ca1e5a1c8b599d14ebd932c4ddd50b183648ee30" />
		<rom name="Ferrari_Formula_One_Tape_2_Side_2.tap" size="1057500" crc="3dd58955" sha1="9a917617bd5f37edf16417bf1a1ad136cead919f" />
	</machine>
	<machine name="ffight">
		<description>Final Fight</description>
		<year>1991</year>
		<publisher>U.S. Gold</publisher>
		<rom name="Final_Fight_Side_1.tap" size="671950" crc="0825dc9a" sha1="5866658a8cdfcd4339f4d30c7e1cfcaa5a6ce55a" />
		<rom name="Final_Fight_Side_2.tap" size="1311108" crc="c5511e5e" sha1="b2466265993813b918f48a6d060a813a44086d05" />
	</machine>
	<machine name="fightn">
		<description>Fight Night</description>
		<year>1985</year>
		<publisher>U.S. Gold</publisher>
		<rom name="Fight_Night_Side_1.tap" size="421960" crc="3ac7ad28" sha1="b13af54a028280c139b72ce0e8be7e61e0898805" />
		<rom name="Fight_Night_Side_2.tap" size="629356" crc="7adb74c6" sha1="17895eed3074e7a353cd5fac754ca303fd9632d5" />
	</machine>
	<machine name="fireant">
		<description>Fire Ant</description>
		<year>1983</year>
		<publisher>Mogul</publisher>
		<rom name="Fire_Ant.tap" size="720103" crc="94e6a521" sha1="50e0480d749c455cb01657441014fc3fd722dec8" />
	</machine>
	<machine name="firelordh">
		<description>Firelord (Hewson Consultants)</description>
		<year>1986</year>
		<publisher>Hewson Consultants</publisher>
		<rom name="Firelord.tap" size="532122" crc="80c4a7a9" sha1="f3fa271de452cb12f1a773a9dacf6f9631274c3f" />
	</machine>
	<machine name="fist2m">
		<description>Fist II: The Legend Continues</description>
		<year>1986</year>
		<publisher>Melbourne House</publisher>
		<rom name="Fist_II-_The_Legend_Continues_Side_1.tap" size="597436" crc="7233b95d" sha1="1d0c979c97b48f07a97c198abb9535dfa42304f9" />
		<rom name="Fist_II-_The_Legend_Continues_Side_2.tap" size="523846" crc="6989fe06" sha1="86883ab655cc9cbff21f221908139b3578d2929f" />
	</machine>
	<machine name="fistsnth">
		<description>Fists 'n' Throttles</description>
		<year>1988</year>
		<publisher>Elite Systems</publisher>
		<rom name="Fists_'N'_Throttles_Tape_1_Side_A.tap" size="1222090" crc="95df659e" sha1="3f92f7b7161e18a664c71f3dad0cb222acc8871b" />
		<rom name="Fists_'N'_Throttles_Tape_1_Side_B.tap" size="1222090" crc="2210ea51" sha1="c04afd8a7f04e2b4996efac8bca67fed7a7ad2c0" />
		<rom name="Fists_'N'_Throttles_Tape_2_Side_A.tap" size="1214682" crc="cdcdb248" sha1="8f04429e4a52d0f0e82681952578c7852896229d" />
		<rom name="Fists_'N'_Throttles_Tape_2_Side_B.tap" size="1360150" crc="e8fe6f73" sha1="bd65bf898fe669509bfcad6493d6638c4f42b0b3" />
	</machine>
	<machine name="flightpa">
		<description>Flight Path 737</description>
		<year>1984</year>
		<publisher>Anirog</publisher>
		<rom name="Flight_Path_737-_Advanced_Pilot_Trainer.tap" size="610450" crc="97f34bcf" sha1="b8888c5b9855e8492d39f3ecc23eabf357a83a98" />
	</machine>
	<machine name="flintstn">
		<description>The Flintstones</description>
		<year>1989</year>
		<publisher>Grandslam</publisher>
		<rom name="Flintstones,_The.tap" size="614404" crc="e4a2b051" sha1="b6490b868ce4c76addec347cdc0b8ecf2a325ac3" />
		<rom name="Flintstones,_The_a1.tap" size="614404" crc="ea60184b" sha1="c82606fd67a85b210faef3ac05fe4837002e5662" />
	</machine>
	<machine name="flyfthera">
		<description>Flying Feathers (alt)</description>
		<year>1984</year>
		<publisher>Bubble Bus Software</publisher>
		<rom name="Flying_Feathers.tap" size="472747" crc="6cfdf56b" sha1="13b90e55d57aed325709f7672147c491645204c1" />
	</machine>
	<machine name="forgottn">
		<description>Forgotten Worlds</description>
		<year>1989</year>
		<publisher>U.S. Gold</publisher>
		<rom name="Forgotten_Worlds_Side_1.tap" size="512014" crc="8086cadf" sha1="41b58795a98f026be651e03d3ad8e2adfc87683b" />
		<rom name="Forgotten_Worlds_Side_2.tap" size="1652512" crc="d3e4c76a" sha1="e8f850d63f0ee8d62a848e4ac7784cc7b806a95e" />
	</machine>
	<machine name="fortapoc">
		<description>Fort Apocalypse</description>
		<year>1984</year>
		<publisher>U.S. Gold</publisher>
		<rom name="Fort_Apocalypse.tap" size="225834" crc="ca5e88d4" sha1="6596e883e3150574a9626799b32227da022350e8" />
	</machine>
	<machine name="foxxfb">
		<description>Foxx Fights Back</description>
		<year>1988</year>
		<publisher>Image Works</publisher>
		<rom name="Foxx_Fights_Back.tap" size="577959" crc="5ef1ebf1" sha1="4b1f093ea4d86bbff4b9573c198897e591918894" />
		<rom name="Foxx_Fights_Back_a1.tap" size="577959" crc="50b7a537" sha1="f6a2867ea420ee3ba6a025a5cb20b342c78d7f41" />
	</machine>
	<machine name="freddy">
		<description>Freddy Hardest</description>
		<year>1987</year>
		<publisher>Imagine</publisher>
		<rom name="Freddy_Hardest_Side_1.tap" size="738562" crc="88b7655a" sha1="1c2bdb47e49039deb0433799b567274b470c66dd" />
		<rom name="Freddy_Hardest_Side_2.tap" size="738562" crc="7c2073d5" sha1="b6793c73daa2f77a1e512a14e4f974b5956c1a11" />
	</machine>
	<machine name="frogger64">
		<description>Frogger 64</description>
		<year>1983</year>
		<publisher>Interceptor Software</publisher>
		<rom name="Frogger_64.tap" size="1162592" crc="de32ab16" sha1="7b033612916c6994098884313c95e5de78c72ee4" />
	</machine>
	<machine name="frontlin">
		<description>Front Line</description>
		<year>1984</year>
		<publisher>Interceptor Software</publisher>
		<rom name="Front_Line.tap" size="538666" crc="191105e7" sha1="337bcd321d0bb6b860c0df861d3e9821d0e3b304" />
	</machine>
	<machine name="fshark">
		<description>Flying Shark</description>
		<year>1987</year>
		<publisher>Firebird</publisher>
		<rom name="Flying_Shark.tap" size="1399905" crc="73cf4228" sha1="7bf18c573584305255c9a8a1c68b6166729528ef" />
		<rom name="Flying_Shark_a1.tap" size="1400017" crc="4ab4e5eb" sha1="ded24bfdc10b3c2d108a10b56c6de34eba48847e" />
	</machine>
	<machine name="fstrikee">
		<description>First Strike (Elite Systems)</description>
		<year>1989</year>
		<publisher>Elite Systems</publisher>
		<rom name="First_Strike.tap" size="675937" crc="a24edc7e" sha1="6376af476c81e96a395850cab6e3163b04247275" />
	</machine>
	<machine name="futurekn">
		<description>Future Knight</description>
		<year>1986</year>
		<publisher>Gremlin Graphics</publisher>
		<rom name="Future_Knight.tap" size="555234" crc="01f48865" sha1="244a93ef3b84241115e4234524efecad28765e80" />
	</machine>
	<machine name="galgamesa">
		<description>Galactic Games (Activision)</description>
		<year>1987</year>
		<publisher>Activision</publisher>
		<rom name="Galactic_Games_Side_1.tap" size="992147" crc="abaf6119" sha1="7d1c71b9253c019bf835369388e72964c57007f9" />
		<rom name="Galactic_Games_Side_2.tap" size="1072892" crc="39582660" sha1="17bf4141fbd05c92960f884e51ddea5df8e965ef" />
	</machine>
	<machine name="galivan">
		<description>Galivan</description>
		<year>1986</year>
		<publisher>Imagine</publisher>
		<rom name="Galivan.tap" size="669787" crc="f6e7a097" sha1="5a7d68dba52dfb247dd8ff38181690c38d1ea800" />
	</machine>
	<machine name="gameover2">
		<description>Game Over II</description>
		<year>1988</year>
		<publisher>Dinamic</publisher>
		<rom name="Game_Over_II_Tape_1_Side_1.tap" size="899461" crc="af440de8" sha1="7e8810c31233c1bdf326e8aac6e74c3e03035352" />
		<rom name="Game_Over_II_Tape_1_Side_2.tap" size="904593" crc="a28c72e8" sha1="6ac53dec93db004eb513973e52b1ea27077fd09b" />
		<rom name="Game_Over_II_Tape_2_Side_1.tap" size="809340" crc="9030ac9f" sha1="3c08d160eb8671329c7bfc012139d54950341391" />
		<rom name="Game_Over_II_Tape_2_Side_2.tap" size="774563" crc="80fdb6d2" sha1="10513a3e794017c7915ffabb6089e70da5f17d44" />
	</machine>
	<machine name="gamesse">
		<description>The Games: Summer Edition</description>
		<year>1988</year>
		<publisher>U.S. Gold</publisher>
		<rom name="Games,_The-_Summer_Edition_Side_1.tap" size="2962406" crc="5cb4e6f6" sha1="b7c63b7b722797650c61298091a0e2db85f8dbeb" />
		<rom name="Games,_The-_Summer_Edition_Side_2.tap" size="2287372" crc="c8e1ba48" sha1="335f4c6199ce56303c9bf7d2cd1dadefbee42c03" />
	</machine>
	<machine name="gameswe">
		<description>The Games: Winter Edition</description>
		<year>1988</year>
		<publisher>U.S. Gold</publisher>
		<rom name="Games,_The-_Winter_Edition_Side_1.tap" size="4789558" crc="654e0212" sha1="cac79f417bc6ce64d1857978a86559347b81e40d" />
		<rom name="Games,_The-_Winter_Edition_Side_2.tap" size="3758424" crc="5db3ef28" sha1="e32f48ad0bdf4b6a79792b273535e467d8724d18" />
	</machine>
	<machine name="garfield">
		<description>Garfield</description>
		<year>1987</year>
		<publisher>The Edge</publisher>
		<rom name="Garfield.tap" size="424437" crc="37d9a18d" sha1="6bfc0c9e2beeb9c4c643567c06c5976338289bf5" />
	</machine>
	<machine name="garfldwt">
		<description>Garfield: Winter's Tail</description>
		<year>1989</year>
		<publisher>The Edge</publisher>
		<rom name="Garfield-_Winter's_Tail.tap" size="1479735" crc="8213bfb1" sha1="b9a803b442181047fd1d11196a8d85f16c2b54ee" />
	</machine>
	<machine name="gauntletu">
		<description>Gauntlet (U.S. Gold)</description>
		<year>1986</year>
		<publisher>U.S. Gold</publisher>
		<rom name="Gauntlet_Side_1.tap" size="713850" crc="dca365df" sha1="a294f3a17ad4dd7a953e3939710f0c967532f749" />
		<rom name="Gauntlet_Side_2.tap" size="612513" crc="bb9303e0" sha1="a52bbdf33497c63ef427d6dce28a771505180423" />
	</machine>
	<machine name="gauntxev">
		<description>Gauntlet / Xevious (U.S. Gold)</description>
		<year>198?</year>
		<publisher>U.S. Gold</publisher>
		<rom name="Gauntlet__Xevious.tap" size="481514" crc="b04b6189" sha1="e01d65fe86301de31524a9457882549ceb0d0b0a" />
		<rom name="Gauntlet__Xevious_Side_1.tap" size="716762" crc="ff2f12d6" sha1="ad0bc4c648ed6e99196ebf9be32866633fec717f" />
		<rom name="Gauntlet__Xevious_Side_2.tap" size="612513" crc="fa11122c" sha1="d7a4ff01fa5cdc04ae764a1e47ab01d50b3971b4" />
	</machine>
	<machine name="gberet">
		<description>Green Beret</description>
		<year>1986</year>
		<publisher>Imagine</publisher>
		<rom name="Green_Beret.tap" size="724171" crc="061572ac" sha1="1d9079c2680fd1ecefc082cce24dcb3750c76ec0" />
		<rom name="Green_Beret_a1.tap" size="724171" crc="5ed9f362" sha1="0e471cf035ce1fe74bc6c0a57252b6cd5c3239b8" />
	</machine>
	<machine name="ggiana">
		<description>The Great Giana Sisters</description>
		<year>1987</year>
		<publisher>Go!</publisher>
		<rom name="Great_Giana_Sisters,_The.tap" size="770867" crc="0f91f776" sha1="eb405f8ef76e1d1aef1a48de6db91a3dc75b8fcc" />
	</machine>
	<machine name="ghostbst2">
		<description>Ghostbusters II</description>
		<year>1989</year>
		<publisher>Activision</publisher>
		<rom name="Ghostbusters_II_Side_1.tap" size="1098726" crc="cf6bab50" sha1="531bea33fe61bdb84d53cdf6257a0af4cb7481ec" />
		<rom name="Ghostbusters_II_Side_2.tap" size="1172112" crc="4ed7277c" sha1="89f2593f25d4bcc0a22354724e6006ead541d8bf" />
	</machine>
	<machine name="ghostbsta">
		<description>Ghostbusters (Activision)</description>
		<year>1984</year>
		<publisher>Activision</publisher>
		<rom name="Ghostbusters.tap" size="467682" crc="3bbed4bc" sha1="dce1360f4be0116521791b0de4a45173ca3bc4a0" />
	</machine>
	<machine name="ghostchs">
		<description>Ghost Chaser</description>
		<year>1984</year>
		<publisher>U.S. Gold</publisher>
		<rom name="Ghost_Chaser.tap" size="489919" crc="593202a3" sha1="1c450da33862da74682500c870df5e6b6ba32619" />
		<rom name="Ghost_Chaser_a1.tap" size="489919" crc="a85adebf" sha1="3a2637d0cf1e37d49f028d6a9bd9fd080f51d9fc" />
	</machine>
	<machine name="ghoulsng">
		<description>Ghouls'n Ghosts</description>
		<year>1989</year>
		<publisher>U.S. Gold</publisher>
		<rom name="Ghouls'n'Ghosts_Side_1.tap" size="442550" crc="fb531b91" sha1="fe243ddea74659e72682c0533dfbb2370ca549f2" />
		<rom name="Ghouls'n'Ghosts_Side_2.tap" size="1083140" crc="1a10a4e8" sha1="e2d3074951dff031eeedf1abce1ff93ebd42403f" />
	</machine>
	<machine name="giants">
		<description>Giants</description>
		<year>1988</year>
		<publisher>U.S. Gold</publisher>
		<rom name="Giants_Tape_1_Side_1.tap" size="1258728" crc="f004631b" sha1="0fde560f4703685c2592a5453f471bf99a65f44b" />
		<rom name="Giants_Tape_1_Side_2.tap" size="1888082" crc="80b6d179" sha1="40c0106d2c18d997d703ae21ce58e12a0ad5853c" />
		<rom name="Giants_Tape_2_Side_1.tap" size="1221396" crc="aea1e11c" sha1="e0c23e33ea2a50a5182becc581c465ded638336a" />
		<rom name="Giants_Tape_2_Side_2.tap" size="1208630" crc="52295df8" sha1="4e02b04b8b38c3c8f8aa05eee8ad458eb8861886" />
		<rom name="Giants_Tape_3_Side_1.tap" size="2132994" crc="402ce325" sha1="3cebbcc7c8482951f8367ba8b1a3dcbf89cf0a0a" />
		<rom name="Giants_Tape_3_Side_2.tap" size="1638332" crc="4878799f" sha1="4e1a3b9178d72775421304c0397227e15aeabfca" />
	</machine>
	<machine name="gliderri">
		<description>Glider Rider</description>
		<year>1986</year>
		<publisher>Quicksilva</publisher>
		<rom name="Glider_Rider.tap" size="516586" crc="dc723a30" sha1="e643ae88c60b92d0a56707dc7c88e3217fa4e40f" />
	</machine>
	<machine name="gng">
		<description>Ghosts'n Goblins</description>
		<year>1985</year>
		<publisher>Elite Systems</publisher>
		<rom name="Ghosts_'n_Goblins.tap" size="718105" crc="087b2522" sha1="2573c01f2242c3204db2cdff7f44c57f6e29e21e" />
		<rom name="Ghosts_'n_Goblins_a1.tap" size="718105" crc="e21d9045" sha1="91411b4339f26adf6479422bb60ddc09f798e602" />
	</machine>
	<machine name="gocrazy">
		<description>Go Crazy</description>
		<year>1988</year>
		<publisher>U.S. Gold</publisher>
		<rom name="Go_Crazy_Tape_1_Side_1.tap" size="661914" crc="c097cd26" sha1="a7161ac0e2c635342c238204aa2b87eb6479deee" />
		<rom name="Go_Crazy_Tape_1_Side_2.tap" size="2028502" crc="251d7f2f" sha1="d6c826dcbd4392af5009a757fedb6fd28e09c90f" />
		<rom name="Go_Crazy_Tape_2_Side_1.tap" size="1475190" crc="4387617e" sha1="3afeaea1bfa0ed56e63f57560872447da583e0c2" />
		<rom name="Go_Crazy_Tape_2_Side_2.tap" size="835406" crc="7e97d423" sha1="9614ea18268699411f996d002ce35205141b9d15" />
		<rom name="Go_Crazy_Tape_3_Side_1.tap" size="2340676" crc="c016c593" sha1="66ab69fdab1968de0df99c8f2da8674a451b9180" />
		<rom name="Go_Crazy_Tape_3_Side_2.tap" size="694071" crc="89094ad1" sha1="71bf90d66b175d62eba72d891a8552288411c918" />
	</machine>
	<machine name="goldcol3">
		<description>The Gold Collection III</description>
		<year>1987</year>
		<publisher>U.S. Gold</publisher>
		<rom name="Gold_Collection_III,_The_Tape_1_Side_1.tap" size="1598364" crc="b418a2ba" sha1="1c2b4ce4bb3a2a5a6d0d8bd88b1ce99d145a53ff" />
		<rom name="Gold_Collection_III,_The_Tape_1_Side_2.tap" size="1727358" crc="6d65806d" sha1="8513af2326fc1147d05b468da099b75aa5e35c09" />
		<rom name="Gold_Collection_III,_The_Tape_2_Side_1.tap" size="1297207" crc="0cfebadd" sha1="0c66081b74bfe4fd2c276f8404619503b285dadf" />
		<rom name="Gold_Collection_III,_The_Tape_2_Side_2.tap" size="1314203" crc="a32f3e42" sha1="e14f7069ffe0c10f3e71bfafe6d3c6ed0fe446be" />
	</machine>
	<machine name="goldcol">
		<description>The Gold Collection</description>
		<year>1986</year>
		<publisher>Guild Publishing</publisher>
		<rom name="Gold_Collection,_The_Tape_1_Side_1.tap" size="653268" crc="76bca224" sha1="51d181a5d5d9989f1411f608c126f13286fefbae" />
		<rom name="Gold_Collection,_The_Tape_1_Side_2.tap" size="992349" crc="684a138f" sha1="3c4dfca6d412d6a488af094f551b2a62448a2dd2" />
		<rom name="Gold_Collection,_The_Tape_2_Side_1.tap" size="252706" crc="4631a484" sha1="5bc85140b68e6bd7667b987d46530b541a2d8a99" />
		<rom name="Gold_Collection,_The_Tape_2_Side_2.tap" size="873548" crc="fc9ee882" sha1="d00ca9cce99bdc4ae2890ac025ae7f7b17ff46a8" />
	</machine>
	<machine name="goldnaxev">
		<description>Golden Axe (Virgin)</description>
		<year>1990</year>
		<publisher>Virgin</publisher>
		<rom name="Golden_Axe_Side_1.tap" size="1106074" crc="2caa56e8" sha1="64c2dd72405a0618164fd826ef540878ff7db4f0" />
		<rom name="Golden_Axe_Side_2.tap" size="1913160" crc="de91308d" sha1="49d871ba86c9debda0e1756fc2ab11f12b621689" />
	</machine>
	<machine name="goonies">
		<description>The Goonies</description>
		<year>1985</year>
		<publisher>U.S. Gold</publisher>
		<rom name="Goonies,_The.tap" size="718661" crc="6cb4dc16" sha1="8b2fe02543499511af820fad155e8728da1885f4" />
	</machine>
	<machine name="gps">
		<description>Grand Prix Selection</description>
		<year>1987</year>
		<publisher>Electric Dreams</publisher>
		<rom name="Grand_Prix_Selection_Tape_1_Side_1.tap" size="787575" crc="990f7969" sha1="ebec2b9ef58ed04b52c24a3352d350da4fe0f7cc" />
		<rom name="Grand_Prix_Selection_Tape_1_Side_2.tap" size="519043" crc="7707a168" sha1="24855437a437a73e58a8c66acdcbbeb59c59a968" />
		<rom name="Grand_Prix_Selection_Tape_2_Side_1.tap" size="1248663" crc="bebc905e" sha1="402d0450819e817cf1806a08791c31a26839e0cd" />
		<rom name="Grand_Prix_Selection_Tape_2_Side_2.tap" size="1248665" crc="f163eac7" sha1="582cca449d2e3379391161ea8adb18ec4a222c4c" />
	</machine>
	<machine name="grandmon">
		<description>Grand Moster Slam</description>
		<year>1989</year>
		<publisher>Golden Goblins</publisher>
		<rom name="Grand_Monster_Slam.tap" size="7235546" crc="241b24cc" sha1="5ace065be4aee82fc740d76127e98612b9f86522" />
	</machine>
	<machine name="greatesc">
		<description>The Great Escape</description>
		<year>1986</year>
		<publisher>Ocean</publisher>
		<rom name="Great_Escape,_The.tap" size="577571" crc="b125a2c1" sha1="9f6f25e257b62c9eec56891a309cbca3bd4ca3df" />
	</machine>
	<machine name="gremlins2">
		<description>Gremlins 2: The New Batch</description>
		<year>1989</year>
		<publisher>Elite Systems</publisher>
		<rom name="Gremlins_2_-_The_New_Batch.tap" size="1162416" crc="b5e43257" sha1="6423c16e249810b36043471f60c0f644645e0f82" />
		<rom name="Gremlins_2_-_The_New_Batch_a1.tap" size="1184002" crc="1e14066c" sha1="8ff0edb7981bb01d84c481c035df831bd47c73d3" />
	</machine>
	<machine name="gremlins">
		<description>Gremlins: The Adventure</description>
		<year>1985</year>
		<publisher>Adventure International</publisher>
		<rom name="Gremlins-_The_Adventure.tap" size="581791" crc="dc85f813" sha1="6b08576050ccb41ab3f4e631ffc478e9051ad687" />
	</machine>
	<machine name="gridrunn">
		<description>Gridrunner</description>
		<year>1983</year>
		<publisher>Llamasoft</publisher>
		<rom name="Gridrunner.tap" size="500108" crc="fc955b3e" sha1="f3e177325bb59886c67bdcab1b8c1fdf9aa8ea9d" />
	</machine>
	<machine name="gryphon">
		<description>Gryphon</description>
		<year>1985</year>
		<publisher>Microbyte</publisher>
		<rom name="Gryphon.tap" size="575945" crc="97a80dd7" sha1="217b0c4503d6c844df49423f5d992da09ce6daa4" />
	</machine>
	<machine name="gryzoro">
		<description>Gryzor (Ocean)</description>
		<year>1988</year>
		<publisher>Ocean</publisher>
		<rom name="Gryzor.tap" size="1477104" crc="8b1e1c21" sha1="005233e3c74c6f16adb8623a52bf2eb0ef414c63" />
	</machine>
	<machine name="guadalca">
		<description>Guadalcanal</description>
		<year>1987</year>
		<publisher>Activision</publisher>
		<rom name="Guadalcanal.tap" size="628701" crc="b6b48789" sha1="645132ce85c8eccdd704f49da809a512b026fd1d" />
	</machine>
	<machine name="gunship">
		<description>Gunship</description>
		<year>1986</year>
		<publisher>Microprose</publisher>
		<rom name="Gunship_Side_1.tap" size="1150416" crc="a08eab75" sha1="f6ea0567200726ad3abe6a3ea0804ca7447b8783" />
		<rom name="Gunship_Side_2.tap" size="1371442" crc="a07e245f" sha1="1ac9a7504a98f15125c286a62d1d580750ef5047" />
	</machine>
	<machine name="gutz">
		<description>Gutz</description>
		<year>1988</year>
		<publisher>Ocean</publisher>
		<rom name="Gutz.tap" size="724198" crc="2372cce5" sha1="9269713d8324a8724049347945dfffe6cc5b0b65" />
	</machine>
</datafile>