<?xml version="1.0" encoding="utf-8"?>
<!DOCTYPE datafile PUBLIC "-//Logiqx//DTD ROM Management Datafile//EN" "http://www.logiqx.com/Dats/datafile.dtd">
<datafile>
	<header>
		<name>entex_sag</name>
		<description>Select-A-Game cartridges</description>
		<version></version>
		<author></author>
	</header>
	<machine name="pacman2">
		<description>Pac-Man 2</description>
		<year>1981</year>
		<publisher>Entex</publisher>
		<rom name="pac1_hd38800a36" size="4352" crc="6050bc45" sha1="093d0905b73dc9050adb6a6d700ca4f068f009c1" />
	</machine>
</datafile>