<?xml version="1.0" encoding="utf-8"?>
<!DOCTYPE datafile PUBLIC "-//Logiqx//DTD ROM Management Datafile//EN" "http://www.logiqx.com/Dats/datafile.dtd">
<datafile>
	<header>
		<name>fm77av</name>
		<description>Fujitsu FM-77AV disk images</description>
		<version></version>
		<author></author>
	</header>
	<machine name="dforest">
		<description>Deep Forest</description>
		<year>1987</year>
		<publisher>ザインソフト (Xain Soft)</publisher>
		<rom name="deep_forest_disk_a.mfm" size="1118866" crc="4eba4d10" sha1="ee18846cba07e38de307e270041d742b99d4d587" />
		<rom name="deep_forest_disk_b.mfm" size="1118341" crc="61df8f31" sha1="e2208d466d3c6b1fefa52d248d851a971b90c5bf" />
	</machine>
</datafile>