<?xml version="1.0" encoding="utf-8"?>
<!DOCTYPE datafile PUBLIC "-//Logiqx//DTD ROM Management Datafile//EN" "http://www.logiqx.com/Dats/datafile.dtd">
<datafile>
	<header>
		<name>fmtowns_cd</name>
		<description>Fujitsu FM Towns CD-ROMs</description>
		<version></version>
		<author></author>
	</header>
	<machine name="hypland">
		<description>Hyper Land - Doubutsu no Sekai</description>
		<year>1993</year>
		<publisher>ダットジャパン (Datt Japan)</publisher>
		<rom name="hyper_land.hdm" size="1261568" crc="c462df32" sha1="8852be06fb139615085ea542a17ed6b13046e90f" />
	</machine>
	<machine name="hyplanet">
		<description>Hyper Planet (1992-02-14)</description>
		<year>1992</year>
		<publisher>ダットジャパン (Datt Japan)</publisher>
		<rom name="hyper_planet_1992-02-14.hdm" size="1261568" crc="14bc0b4f" sha1="2aa9ac7e8e655599f19611c8160430867d035d70" />
	</machine>
	<machine name="hypnote">
		<description>Hyper Note (1992-03-03)</description>
		<year>1991</year>
		<publisher>ダットジャパン (Datt Japan)</publisher>
		<rom name="hyper_note_1992-03-03.hdm" size="1261568" crc="a5d9788b" sha1="7179eef7ab264ba7e15b5cd159e7ed817e35fe17" />
	</machine>
	<machine name="hypraddr2">
		<description>Hyper Address Ver. 2.0</description>
		<year>1991</year>
		<publisher>ダットジャパン (Datt Japan)</publisher>
		<rom name="hyper_address_ver_2.0.hdm" size="1261568" crc="b547457c" sha1="a86f9f2200f5f54a42504f8ddc228fb99404495a" />
	</machine>
	<machine name="iris">
		<description>Iris-tei Serenade</description>
		<year>1992</year>
		<publisher>アグミックス (Agumix)</publisher>
		<rom name="iris-tei_serenade_disk_a.hdm" size="1261568" crc="33b53c9d" sha1="b07e99791bf2c52948e796ac392f0a588d88d4ce" />
	</machine>
	<machine name="pharmony">
		<description>Planet Harmony</description>
		<year>1993</year>
		<publisher>ダットジャパン (Datt Japan)</publisher>
		<rom name="planet_harmony.hdm" size="1261568" crc="288d749b" sha1="dcc91a12ab684dff71a165602c933850005f0bdf" />
	</machine>
	<machine name="royalbld">
		<description>Royal Blood</description>
		<year>1992</year>
		<publisher>光栄 (Koei)</publisher>
		<rom name="royal_blood.hdm" size="1261568" crc="9c068cfe" sha1="f3ad4b97516b3efcdb936887c80517494975f09c" />
	</machine>
	<machine name="teata10">
		<description>TEATA - Vision - Recording &amp; Playback System V1.0</description>
		<year>1993</year>
		<publisher>軟軒工房 (Nanken Koubou)</publisher>
		<rom name="teata_vision_v1.0.hdm" size="1261568" crc="4e7a10aa" sha1="4849a639c174f923743b4b63cc6e9e9362fa2962" />
	</machine>
	<machine name="teata11">
		<description>TEATA - Vision - Recording &amp; Playback System V1.1</description>
		<year>1993</year>
		<publisher>軟軒工房 (Nanken Koubou)</publisher>
		<rom name="teata_vision_v1.1.hdm" size="1261568" crc="7ed2829a" sha1="4317b1c763ef8e801c278213bf66dd36c8040e01" />
	</machine>
	<machine name="teata12">
		<description>TEATA - Vision - Recording &amp; Playback System V1.2</description>
		<year>1993</year>
		<publisher>軟軒工房 (Nanken Koubou)</publisher>
		<rom name="teata_vision_v1.2.hdm" size="1261568" crc="88d6b334" sha1="f6784951f3dbcb2704a52ee40240e633263f90bf" />
	</machine>
	<machine name="teo20">
		<description>Teo - Mou Hitotsu no Chikyuu - Version 2.0</description>
		<year>1996</year>
		<publisher>富士通パレックス (Fujitsu Parex)</publisher>
		<rom name="teo_v2.0-elmo_no_mi.mfm" size="3445721" crc="e93fe47c" sha1="7c183c952acc8ee4b0cdfaa849b7e837717383da" />
	</machine>
</datafile>