<?xml version="1.0" encoding="utf-8"?>
<!DOCTYPE datafile PUBLIC "-//Logiqx//DTD ROM Management Datafile//EN" "http://www.logiqx.com/Dats/datafile.dtd">
<datafile>
	<header>
		<name>fmtowns_flop_orig</name>
		<description>Fujitsu FM Towns original floppy disk images</description>
		<version></version>
		<author></author>
	</header>
	<machine name="columns">
		<description>Columns</description>
		<year>1990</year>
		<publisher>日本テレネット (Nihon Telenet)</publisher>
		<rom name="columns.mfm" size="3529095" crc="420b454f" sha1="d95ac61e42eabd38de55abf33181dd880d628327" />
	</machine>
	<machine name="futoph02">
		<description>Futoppara FD Heisei 2-gou</description>
		<year>1992</year>
		<publisher>SoftBank</publisher>
		<rom name="futoppara fd heisei #02.hdm" size="1261568" crc="cca4f1ae" sha1="7d73d7e2f6174f09273c7b38218294ce32380fb9" />
	</machine>
	<machine name="futoph03">
		<description>Futoppara FD Heisei 3-gou</description>
		<year>1992</year>
		<publisher>SoftBank</publisher>
		<rom name="futoppara fd heisei #03.hdm" size="1261568" crc="1009e7c2" sha1="2f3af3115de077a0a69dc045085851d9001814a8" />
	</machine>
	<machine name="futoph04">
		<description>Futoppara FD Heisei 4-gou</description>
		<year>1992</year>
		<publisher>SoftBank</publisher>
		<rom name="futoppara fd heisei #04.hdm" size="1261568" crc="75ceb8be" sha1="0650754491576875b02e07b573c4a5a06e275ba5" />
	</machine>
	<machine name="futoph05">
		<description>Futoppara FD Heisei 5-gou</description>
		<year>1993</year>
		<publisher>SoftBank</publisher>
		<rom name="futoppara fd heisei #05.hdm" size="1261568" crc="bb41215a" sha1="655f955ad7ee44dc1035c238f8e17b91a34b6bc6" />
	</machine>
	<machine name="futoph06">
		<description>Futoppara FD Heisei 6-gou</description>
		<year>1993</year>
		<publisher>SoftBank</publisher>
		<rom name="futoppara fd heisei #06.hdm" size="1261568" crc="14bdb0d5" sha1="d6f32df1be6fa3aaa54ec3209af84d4a430ff5cb" />
	</machine>
	<machine name="futoph07">
		<description>Futoppara FD Heisei 7-gou</description>
		<year>1993</year>
		<publisher>SoftBank</publisher>
		<rom name="futoppara fd heisei #07.hdm" size="1261568" crc="91d8bc3f" sha1="54eef9754dec15b4ede6a4f16fe2c15eb101255c" />
	</machine>
	<machine name="futoph08">
		<description>Futoppara FD Heisei 8-gou</description>
		<year>1994</year>
		<publisher>SoftBank</publisher>
		<rom name="futoppara fd heisei #08.hdm" size="1261568" crc="f8061488" sha1="fbe9fa3a916b38154ddae4576993855354120ee6" />
	</machine>
	<machine name="futoph09">
		<description>Futoppara FD Heisei 9-gou</description>
		<year>1994</year>
		<publisher>SoftBank</publisher>
		<rom name="futoppara fd heisei #09.hdm" size="1261568" crc="8d917956" sha1="10560f07227a6ce945b27deac9a86df96fef0edd" />
	</machine>
	<machine name="futoph10">
		<description>Futoppara FD Heisei 10-gou</description>
		<year>1995</year>
		<publisher>SoftBank</publisher>
		<rom name="futoppara fd heisei #10.hdm" size="1261568" crc="ae02ab66" sha1="39a2921484d1f6b141fe43af046003593b07cf0d" />
	</machine>
	<machine name="gorbypip">
		<description>Gorby no Pipeline Daisakusen</description>
		<year>1991</year>
		<publisher>徳間書店インターメディア (Tokuma Shoten Intermedia)</publisher>
		<rom name="gorby_no_pipeline_daisakusen.hdm" size="1261568" crc="5d05f664" sha1="17669ab6d23b7d903c4fdd60a2c86aef7278c184" />
	</machine>
	<machine name="ongakyou">
		<description>Musirou - Ongaku Kyoushitsu Ver. 2.0</description>
		<year>1994</year>
		<publisher>ローランド (Roland)</publisher>
		<rom name="ongaku_kyoushitsu_ver_2.0.hdm" size="1261568" crc="ec54ffee" sha1="0e651ea22241fa163d39be2b5bba4f0795f9f245" />
	</machine>
	<machine name="tamacgmai">
		<description>Tama CG-shuu - Mai</description>
		<year>1994</year>
		<publisher>&lt;doujin&gt;</publisher>
		<rom name="tama_cg-shuu_mai.hdm" size="1261568" crc="b4fdc543" sha1="22abefca1aa23ad54c03f7449f9f07a4f6512ca2" />
	</machine>
</datafile>