<?xml version="1.0" encoding="utf-8"?>
<!DOCTYPE datafile PUBLIC "-//Logiqx//DTD ROM Management Datafile//EN" "http://www.logiqx.com/Dats/datafile.dtd">
<datafile>
	<header>
		<name>gamegear</name>
		<description>Sega Game Gear cartridges</description>
		<version></version>
		<author></author>
	</header>
	<machine name="sor2p">
		<description>Streets of Rage II ~ Bare Knuckle II - Shitou e no Chingonka (prototype)</description>
		<year>1993</year>
		<publisher>Sega</publisher>
		<rom name="streets of rage ii [proto].bin" size="524288" crc="6c395a69" sha1="15589214eb8570c9b2bf2ede14803d08c77c29f8" />
	</machine>
</datafile>