<?xml version="1.0" encoding="utf-8"?>
<!DOCTYPE datafile PUBLIC "-//Logiqx//DTD ROM Management Datafile//EN" "http://www.logiqx.com/Dats/datafile.dtd">
<datafile>
	<header>
		<name>ibmpcjr_flop</name>
		<description>IBM PCjr disk images</description>
		<version></version>
		<author></author>
	</header>
	<machine name="tdown">
		<description>Touchdown Football</description>
		<year>1984</year>
		<publisher>Imagic</publisher>
		<rom name="touchdown football.img" size="327680" crc="0fbaedb6" sha1="c42650559b2b4eb4b789fd2fa22bc5c8c0589e45" />
	</machine>
</datafile>