<?xml version="1.0" encoding="utf-8"?>
<!DOCTYPE datafile PUBLIC "-//Logiqx//DTD ROM Management Datafile//EN" "http://www.logiqx.com/Dats/datafile.dtd">
<datafile>
	<header>
		<name>nes</name>
		<description>Nintendo Entertainment System cartridges</description>
		<version></version>
		<author></author>
	</header>
	<machine name="airballr">
		<description>Airball (RetroZone)</description>
		<year>2007</year>
		<publisher>RetroZone</publisher>
		<rom name="airball (retrousb) (2007).prg" size="131072" crc="3e9d567b" sha1="76c9d4a9b9c1a4b587dd15661e39c68f125628c4" status="baddump" />
	</machine>
	<machine name="amondus">
		<description>The Rise of Amondus</description>
		<year>2015</year>
		<publisher>retroUSB</publisher>
		<rom name="the rise of amondus.prg" size="131072" crc="825313ca" sha1="f796b7d700bd2aca18b17036e7146ef955395e4f" status="baddump" />
	</machine>
	<machine name="decoasc">
		<description>Data East All-Star Collection</description>
		<year>2017</year>
		<publisher>retro-bit</publisher>
		<rom name="data east all-star collection.prg" size="2097152" crc="9e8fd9a4" sha1="755b43ebfc7f934225906b7cf526487bf98c5562" status="baddump" />
	</machine>
	<machine name="larrylov">
		<description>Larry and the Long Look for a Luscious Lover</description>
		<year>2014</year>
		<publisher>retroUSB</publisher>
		<rom name="larry and the long look for a luscious lover (khan games) (2014).prg" size="524288" crc="8bc0340c" sha1="c21f74fcac66f74a248c831eda1b84c0bdf5a3e0" status="baddump" />
	</machine>
	<machine name="legowlia">
		<description>The Legends of Owlia</description>
		<year>2016</year>
		<publisher>Infinite NES Lives</publisher>
		<rom name="legends of owlia (gradual games) (2016).prg" size="524288" crc="95dfc71c" sha1="1680c45e7bb1a67d754b4fef5046c6ecf16d3da4" status="baddump" />
	</machine>
	<machine name="madwiz">
		<description>The Mad Wizard - A Candelabra Chronicle</description>
		<year>2014</year>
		<publisher>retroUSB</publisher>
		<rom name="the mad wizard - a candelabra chronicle.prg" size="131072" crc="b4a7b014" sha1="c3b49ba3dd16ac203af6a43b29a8b61add21c118" status="baddump" />
	</machine>
	<machine name="mc_mega8">
		<description>Mega Man 8 in 1 (PL-0006)</description>
		<year>20??</year>
		<publisher>&lt;pirate&gt;</publisher>
		<rom name="megaman 8 in 1 (pl-0006).prg" size="4194304" crc="19114c05" sha1="12e8de939d60610a6ca11b8fb1ef7f2b0c8c4ccb" status="baddump" />
	</machine>
	<machine name="mc_sg143">
		<description>Super Games 143 in 1 (The Best Games of NES)</description>
		<year>201?</year>
		<publisher>&lt;pirate&gt;</publisher>
		<rom name="super game 143-in-1 (the best games of nes).prg" size="33554432" crc="4026eed1" sha1="f127498b71dab1ab3196e0967055cb986779dfa9" status="baddump" />
	</machine>
	<machine name="megaman2u30">
		<description>Mega Man 2 - 30th Anniversary Classic Cartridge</description>
		<year>2018</year>
		<publisher>Capcom / iam8bit</publisher>
		<rom name="mega man 2 (iam8bit 30th anniversary).prg" size="262144" crc="891c14bc" sha1="80d61ba914ee2e9e68899afebb30ed29a54dc66a" />
	</machine>
	<machine name="mysticpi">
		<description>Mystic Pillars</description>
		<year>2008</year>
		<publisher>RetroZone</publisher>
		<rom name="mystic pillars (sivak games) (2008).prg" size="65536" crc="318c0a59" sha1="21a75108278a6d311f652c34430e30f3522cf742" status="baddump" />
	</machine>
	<machine name="nomolos">
		<description>Nomolos - Storming the Catsle</description>
		<year>2014</year>
		<publisher>RetroZone</publisher>
		<rom name="nomolos - storming the catsle (gradual games) (2012).prg" size="524288" crc="222b13a0" sha1="e0c33747107ba715bf3689429fbdb3b0caedac64" status="baddump" />
	</machine>
	<machine name="ultfrogc">
		<description>Ultimate Frogger Championship</description>
		<year>2009</year>
		<publisher>RetroZone</publisher>
		<rom name="ultimate frogger champion.chr" size="16384" crc="96a3389f" sha1="5662ac095f8d6fad77c79fd356ccea41baef9944" status="baddump" />
		<rom name="ultimate frogger champion.prg" size="32768" crc="c9c408cf" sha1="89cbc3856737967849278c0f60aa7b25d01cef4f" status="baddump" />
	</machine>
</datafile>