<?xml version="1.0" encoding="utf-8"?>
<!DOCTYPE datafile PUBLIC "-//Logiqx//DTD ROM Management Datafile//EN" "http://www.logiqx.com/Dats/datafile.dtd">
<datafile>
	<header>
		<name>ngpc</name>
		<description>SNK Neo Geo Pocket Color cartridges</description>
		<version></version>
		<author></author>
	</header>
	<machine name="mslug1stp">
		<description>Metal Slug - 1st Mission (prototype)</description>
		<year>1999</year>
		<publisher>SNK</publisher>
		<rom name="METALSLUG1STP.ngp" size="2097152" crc="c44d7a40" sha1="8ff881940ea6e44414f034a214c5de735b34861a" />
	</machine>
</datafile>