<?xml version="1.0" encoding="utf-8"?>
<!DOCTYPE datafile PUBLIC "-//Logiqx//DTD ROM Management Datafile//EN" "http://www.logiqx.com/Dats/datafile.dtd">
<datafile>
	<header>
		<name>pockchalw</name>
		<description>Pocket Challenge W cartridges</description>
		<version></version>
		<author></author>
	</header>
	<machine name="chuchire">
		<description>Shinkenzemi Chuugaku Kouza - Chuugaku Chiri - Rekishi Pack (Chiri Soft - Rekishi Soft Kanzen Taiou Ban) (PS)</description>
		<year>2000?</year>
		<publisher>Benesse Corporation</publisher>
		<rom name="ps 0bd400 00repcs c1d1.u9" size="4194304" crc="5601f35c" sha1="7b55ba4fe8ff7203fa60190106f2f79befb06aae" />
	</machine>
	<machine name="chuchirea">
		<description>Shinkenzemi Chuugaku Kouza - Chuugaku Chiri - Rekishi Pack (Chiri Soft - Rekishi Soft Kanzen Taiou Ban) (CR)</description>
		<year>2000?</year>
		<publisher>Benesse Corporation</publisher>
		<rom name="8BD400 [CR].pcw" size="4194304" crc="f27575fe" sha1="92f3ae2db233d3fd84809c7658f2feaa85477ecf" />
	</machine>
	<machine name="churika">
		<description>Shinkenzemi Chuugaku Kouza - Chuugaku Rika Pack (1-bunya - Soft 2-bunya Soft Kanzen Taiou Ban) (PL)</description>
		<year>2000?</year>
		<publisher>Benesse Corporation</publisher>
		<rom name="pl 0bf400 00pcr c1d1.u9" size="4194304" crc="50016928" sha1="16287268d138b99ca90421d6c1aff737b4273451" />
	</machine>
	<machine name="churikaa">
		<description>Shinkenzemi Chuugaku Kouza - Chuugaku Rika Pack (1-bunya - Soft 2-bunya Soft Kanzen Taiou Ban) (LP)</description>
		<year>2000?</year>
		<publisher>Benesse Corporation</publisher>
		<rom name="8BF400 [LP].pcw" size="4194304" crc="d35a38da" sha1="eb17b2a7a791f68898e0162bd4ab5e0f1c2fa9e2" />
	</machine>
</datafile>