<?xml version="1.0" encoding="utf-8"?>
<!DOCTYPE datafile PUBLIC "-//Logiqx//DTD ROM Management Datafile//EN" "http://www.logiqx.com/Dats/datafile.dtd">
<datafile>
	<header>
		<name>rx78_cart</name>
		<description>Gundam RX-78 cartridges</description>
		<version></version>
		<author></author>
	</header>
	<machine name="abcword">
		<description>ABC Word Game</description>
		<year>1983</year>
		<publisher>Bandai</publisher>
		<rom name="3128h00-3h1.ic1.bin" size="16384" crc="c258f5a1" sha1="0b9b142eb6153742bfd1289d396c514ba1f1ccc1" />
	</machine>
	<machine name="extennis">
		<description>Excite Tennis</description>
		<year>1983</year>
		<publisher>Bandai</publisher>
		<rom name="90.ic2.bin" size="8192" crc="ba91681d" sha1="2d78b8aee850be723db74699029a31f2c07d0b0e" />
		<rom name="91.ic1.bin" size="8192" crc="e9a0e30e" sha1="be04289e704e589b49bacc1986b5b80b5f7be0ea" />
	</machine>
</datafile>