<?xml version="1.0" encoding="utf-8"?>
<!DOCTYPE datafile PUBLIC "-//Logiqx//DTD ROM Management Datafile//EN" "http://www.logiqx.com/Dats/datafile.dtd">
<datafile>
	<header>
		<name>sms</name>
		<description>Sega Master System cartridges</description>
		<version></version>
		<author></author>
	</header>
	<machine name="deadangp">
		<description>Dead Angle (prototype)</description>
		<year>1989</year>
		<publisher>Sega</publisher>
		<rom name="dead angle [proto].bin" size="262144" crc="f9271c3d" sha1="34b11d5ad93c6b95493c6503d8ec25692a5a0a7d" />
	</machine>
	<machine name="tbladep">
		<description>Thunder Blade (prototype)</description>
		<year>1988</year>
		<publisher>Sega</publisher>
		<rom name="thunder blade [proto] (jp).bin" size="262144" crc="bab9533b" sha1="72afa81622e165437aa05b61b8966ec2977699e9" />
	</machine>
</datafile>