<?xml version="1.0" encoding="utf-8"?>
<!DOCTYPE datafile PUBLIC "-//Logiqx//DTD ROM Management Datafile//EN" "http://www.logiqx.com/Dats/datafile.dtd">
<datafile>
	<header>
		<name>vsmile_cart</name>
		<description>VTech V.Smile cartridges</description>
		<version></version>
		<author></author>
	</header>
	<machine name="alphaprka2">
		<description>Alphabet Park Adventure (USA, alt 2, two chips)</description>
		<year>200?</year>
		<publisher>VTech</publisher>
		<rom name="Alphabet Park Adventure 92000(US) [TWO CHIP] LOW.bin" size="4194304" crc="402681b7" sha1="5ff1ba9a016d10e09408b5638aaf759cac2cc97a" />
	</machine>
	<machine name="alphaprkr101a">
		<description>Alphabet Park Adventure (USA, rev. 101, alt)</description>
		<year>200?</year>
		<publisher>VTech</publisher>
		<rom name="Alphabet Park Adventure 52-092000-101(US) [ALT].bin" size="8388608" crc="d8583aa2" sha1="5b83f4c7fed4f86182ae3cd2b25ec403d129b81b" />
	</machine>
	<machine name="carsa2">
		<description>Disney/Pixar Cars - Rev It Up in Radiator Springs (USA, alt 2)</description>
		<year>2006?</year>
		<publisher>VTech</publisher>
		<rom name="Cars - Rev It Up in Radiator Springs 092660(US).bin" size="8388608" crc="ed8ee40a" sha1="e111f257447d64ded47a57d80174ced1bca0cb14" />
	</machine>
	<machine name="carsa">
		<description>Disney/Pixar Cars - Rev It Up in Radiator Springs (USA, alt)</description>
		<year>2006?</year>
		<publisher>VTech</publisher>
		<rom name="Cars - Rev It Up in Radiator Springs 092660(US) [ALT].bin" size="8388608" crc="31c1df9c" sha1="14b028e5911d26eec8644ee19da8825d8386244c" />
	</machine>
</datafile>