<?xml version="1.0" encoding="utf-8"?>
<!DOCTYPE datafile PUBLIC "-//Logiqx//DTD ROM Management Datafile//EN" "http://www.logiqx.com/Dats/datafile.dtd">
<datafile>
	<header>
		<name>fmtowns_cd</name>
		<description>Fujitsu FM Towns CD-ROMs</description>
		<version></version>
		<author></author>
	</header>
	<machine name="carmnwld">
		<description>Where in the World Is Carmen Sandiego?</description>
		<year>1993</year>
		<publisher>富士通 (Fujitsu)</publisher>
		<disk name="where in the world is carmen sandiego carmen sandiego o oe sekai-hen (japan) (en,ja)" sha1="c561831159d409fc44f55b3bf49f53a9367b6db3" />
	</machine>
	<machine name="grimmiba">
		<description>Märchen Toshokan - Grimm Douwa - Ibarahime (Nemurihime)</description>
		<year>1990</year>
		<publisher>ぎょうせい (Gyousei)</publisher>
		<disk name="towns hyper ehon - maerchen toshokan grimm douwa vol. 4 - grimm maerchen - ibara-hime (nemuri-hime) (japan)" sha1="9cc622ca53925d76762324181af2faa5ab3653ed" />
	</machine>
	<machine name="grimmook">
		<description>Märchen Toshokan - Grimm Douwa - Ookami to Shichihiki no Koyagi</description>
		<year>1990</year>
		<publisher>ぎょうせい (Gyousei)</publisher>
		<disk name="towns hyper ehon - maerchen toshokan grimm douwa vol. 3 - grimm maerchen - ookami to nana-hiki koyagi (japan)" sha1="2e7b77ba31f32390cd8d123f4e6bace64ce70078" />
	</machine>
	<machine name="hyperdx">
		<description>Hyper DX</description>
		<year>1989</year>
		<publisher>ダットジャパン (Datt Japan)</publisher>
		<disk name="hyper dx (japan)" sha1="de094723e0269db01f9eba3ae4a8f3e7bc6ecc6a" />
	</machine>
	<machine name="manyoshu">
		<description>Man'youshuu</description>
		<year>1993</year>
		<publisher>内田洋行 (Uchida Youkou)</publisher>
		<disk name="manyoushuu (japan) (rev a)" sha1="cfc9649a9cdbce3f16b47f5806135bd9005fb182" />
	</machine>
	<machine name="mastercdv">
		<description>Master CD - FMV-Towns Series</description>
		<year>1994</year>
		<publisher>富士通 (Fujitsu)</publisher>
		<disk name="master cd - fmv-towns series (japan)" sha1="1de7baaa564848a2209db4bb3d45c6adaac89d08" />
	</machine>
	<machine name="mumgoose">
		<description>Mixed-Up Mother Goose</description>
		<year>1991</year>
		<publisher>シエラオンラインジャパン (Sierra On-Line Japan)</publisher>
		<disk name="okashina mother goose - mixed-up mother goose (japan)" sha1="1a3dc80f271c39632da49a86fffc1cfcda9dbb41" />
	</machine>
	<machine name="musicpro13">
		<description>Music Pro-Towns v1.3 (Naizou Ongenban)</description>
		<year>1995</year>
		<publisher>Musical Plan</publisher>
		<disk name="music pro-towns v1.3 (naizou ongenban) (japan)" sha1="e1a1e86f45aa1289e5e44060969b8bfdd77bf5dd" />
	</machine>
	<machine name="nihonmb5">
		<description>Towns Hyper Chiiku Ehon - Nihon Mukashibanashi Vol. 5 - Kintarou / Hanasaka Jiisan</description>
		<year>1994</year>
		<publisher>ぎょうせい (Gyousei)</publisher>
		<disk name="towns hyper chiiku ehon - nihon mukashi banashi vol. 5 - kintarou &amp; hanasaka jiisan (Japan)" sha1="272ca4a84af825d0894d2aae3f4093524bd84c74" />
	</machine>
	<machine name="teata10">
		<description>TEATA - Vision - Recording &amp; Playback System V1.0</description>
		<year>1993</year>
		<publisher>軟軒工房 (Nanken Koubou)</publisher>
		<disk name="teata - vision (japan)" sha1="941ed521084569d03d3ccbfc3ceb4c180da0bafa" />
	</machine>
	<machine name="teo10">
		<description>Teo - Mou Hitotsu no Chikyuu - Version 1.0</description>
		<year>1995</year>
		<publisher>富士通パレックス (Fujitsu Parex)</publisher>
		<disk name="teo - mou hitotsu no chikyuu (japan) (version 1.0)" sha1="d9b10715eaef9783cd16591621491675396579bb" />
	</machine>
	<machine name="teo20">
		<description>Teo - Mou Hitotsu no Chikyuu - Version 2.0</description>
		<year>1996</year>
		<publisher>富士通パレックス (Fujitsu Parex)</publisher>
		<disk name="teo - mou hitotsu no chikyuu (japan) (version 2.0)" sha1="9ce15de3f967c83bbcd326e40e1ea93b956ecc4a" />
	</machine>
	<machine name="tss2150a">
		<description>Towns System Software V2.1 L50A</description>
		<year>1995</year>
		<publisher>富士通 (Fujitsu)</publisher>
		<disk name="towns system software v2.1 l50 (japan) (rev a)" sha1="e18596ac1afb4a6a2fa834a4bcec2a293a45c219" />
	</machine>
</datafile>