<?xml version="1.0" encoding="utf-8"?>
<!DOCTYPE datafile PUBLIC "-//Logiqx//DTD ROM Management Datafile//EN" "http://www.logiqx.com/Dats/datafile.dtd">
<datafile>
	<header>
		<name>sgi_mips</name>
		<description>SGI MIPS/IRIX software</description>
		<version></version>
		<author></author>
	</header>
	<machine name="ada95_1_1">
		<description>Ada95 Compiler 1.1</description>
		<year>1995</year>
		<publisher>Silicon Graphics</publisher>
		<disk name="ada95_compiler_1_1" sha1="af44b8bda05558b12dffa31939bedc14d3fe37b7" />
	</machine>
	<machine name="cpp_trans_2_1_1">
		<description>C++ Translator 2.1.1</description>
		<year>1991</year>
		<publisher>Silicon Graphics</publisher>
		<disk name="812_0001_003_cpp_translator_2_1_1_nov1991" sha1="72b5331fd142bdb52b8d0a2fa93f2265d22611a0" />
	</machine>
	<machine name="cpp_trans_3_0_1">
		<description>C++ Translator 3.0.1</description>
		<year>1993</year>
		<publisher>Silicon Graphics</publisher>
		<disk name="812_0001_005_cpp_translator_3_0_1_may1993" sha1="5a86aacd863530443daacf2c3d80518d254f5bf1" />
	</machine>
	<machine name="cpp_trans_3_1">
		<description>C++ Translator 3.1</description>
		<year>1993</year>
		<publisher>Silicon Graphics</publisher>
		<disk name="812_0130_001_cpp_translator_3_1_mar1993" sha1="f87a391fa4af5fe80f94f830e4f170f24281fc3a" />
	</machine>
	<machine name="cpp_trans_4_0">
		<description>C++ Translator 4.0</description>
		<year>1994</year>
		<publisher>Silicon Graphics</publisher>
		<disk name="812_0130_005_cpp_translator_4_0_nov1994" sha1="609147e2d214bc54ed8ce652c639e86d3359d1ea" />
	</machine>
	<machine name="dev_6_5_fnd_1_2">
		<description>IRIX Development Foundation 1.2 for IRIX 6.5</description>
		<year>1999</year>
		<publisher>Silicon Graphics</publisher>
		<disk name="irix_development_foundation_1_2_for_irix_6_5" sha1="aa070e5f09ff382eff20a0b2ca5188d5f284c2df" />
	</machine>
	<machine name="dev_6_5_fnd_1_3">
		<description>IRIX Development Foundation 1.3 for IRIX 6.5</description>
		<year>2002</year>
		<publisher>Silicon Graphics</publisher>
		<disk name="irix_development_foundation_1_3_for_irix_6_5" sha1="b50988113150a8aca8c4dc6497a66ccd6c207d38" />
	</machine>
	<machine name="dev_6_5_libs">
		<description>IRIX 6.5 Development Libraries</description>
		<year>2002</year>
		<publisher>Silicon Graphics</publisher>
		<disk name="irix_6_5_development_libraries" sha1="2893833519e16d35dcdb3c428ca2af3919dedcfd" />
	</machine>
	<machine name="diag_4_0_5j">
		<description>Diagnostics 4.0.5J</description>
		<year>1993</year>
		<publisher>Silicon Graphics</publisher>
		<disk name="diagnostics_4_0_5j" sha1="02178e1d209f5f69b1d8d94b811648154d528232" />
	</machine>
	<machine name="diag_6_0_1">
		<description>Diagnostics 6.0.1</description>
		<year>1995</year>
		<publisher>Silicon Graphics</publisher>
		<disk name="diagnostics_6_0_1" sha1="09a50e3126bbc40a8e40ef3a0aee16fb02f3d818" />
	</machine>
	<machine name="diag_6_0">
		<description>Diagnostics 6.0</description>
		<year>1994</year>
		<publisher>Silicon Graphics</publisher>
		<disk name="diagnostics_6_0" sha1="5e6058366af588c8f7c51b20637cb887996b42d7" />
	</machine>
	<machine name="dmedia_3_0">
		<description>Digital Media 3.0</description>
		<year>1997</year>
		<publisher>Silicon Graphics</publisher>
		<disk name="digital_media_3_0" sha1="0dd46d20cbe58d5f6ca3e2441b8fa0121a46e2bc" />
	</machine>
	<machine name="f77_3_4">
		<description>FORTRAN 77 Compiler 3.4</description>
		<year>1991</year>
		<publisher>Silicon Graphics</publisher>
		<disk name="fortran_77_compiler_3_4" sha1="e884a030c04797be870b4549da07b3c1c3172a90" />
	</machine>
	<machine name="f77_3_5_1">
		<description>FORTRAN 77 Compiler 3.5.1</description>
		<year>1993</year>
		<publisher>Silicon Graphics</publisher>
		<disk name="fortran_77_compiler_3_5_1" sha1="05f0ffd5fb4bc765f32e8d8f4647c89fbf693acb" />
	</machine>
	<machine name="f77_3_6_1">
		<description>FORTRAN 77 Compiler 3.6.1</description>
		<year>1993</year>
		<publisher>Silicon Graphics</publisher>
		<disk name="fortran_77_compiler_3_6_1" sha1="a5226618d9fcc956c753a0dbabe9a5f85c7d6c1e" />
	</machine>
	<machine name="f77_4_0_2">
		<description>FORTRAN 77 Compiler 4.0.2</description>
		<year>1994</year>
		<publisher>Silicon Graphics</publisher>
		<disk name="fortran_77_compiler_4_0_2" sha1="2f3292d9ac482ce458a10e47e1ad9c4b8d0311ba" />
	</machine>
	<machine name="f77_4_0_plus">
		<description>FORTRAN 77 Compiler 4.0+</description>
		<year>1993</year>
		<publisher>Silicon Graphics</publisher>
		<disk name="fortran_77_compiler_4_0_plus" sha1="7a1f8dc99eca38849e1aff270c38c09d57ccb166" />
	</machine>
	<machine name="f90_6_1">
		<description>Fortran 90 Compiler 6.1 (August 1995)</description>
		<year>1995</year>
		<publisher>Silicon Graphics</publisher>
		<disk name="812_0402_002_fortran_90_compiler_6_1_aug1995" sha1="170304d1b5284e60d9b4e275353e3f0740388200" />
	</machine>
	<machine name="hotmix_2">
		<description>Hot Mix Volume 2</description>
		<year>199?</year>
		<publisher>Silicon Graphics</publisher>
		<disk name="hot_mix_2" sha1="da0e0f5bf52d6a7c490b003afbc31ca8034e962c" />
	</machine>
	<machine name="hotmix_3">
		<description>Hot Mix Volume 3</description>
		<year>199?</year>
		<publisher>Silicon Graphics</publisher>
		<disk name="hot_mix_3" sha1="555b6e582c9163fa05f9f842b08e7ee86419db1b" />
	</machine>
	<machine name="ido_6_0">
		<description>IRIS Development Option 6.0</description>
		<year>1994</year>
		<publisher>Silicon Graphics</publisher>
		<disk name="iris_development_option_6_0" sha1="d685b8dcc30e003eeac74a2f449036dc307d9c6c" />
	</machine>
	<machine name="ido_6_1">
		<description>IRIS Development Option 6.1</description>
		<year>1995</year>
		<publisher>Silicon Graphics</publisher>
		<disk name="iris_development_option_6_1" sha1="8c9e5382d85d5296b309b6d32750d80b6f852652" />
	</machine>
	<machine name="imagevis_2_5">
		<description>ImageVision Library 2.5</description>
		<year>1995</year>
		<publisher>Silicon Graphics</publisher>
		<disk name="imagevision_library_2_5" sha1="8ca1053b9a8ca96663be9a48eb28d6f78257f67d" />
	</machine>
	<machine name="impressario_1_1">
		<description>Impressario 1.1 Developer's Kit</description>
		<year>1993</year>
		<publisher>Silicon Graphics</publisher>
		<disk name="impressario_developers_kit_1_1" sha1="cb2ad36f54734c2b12bc84e7b17f8504d6ce7290" />
	</machine>
	<machine name="impressario_1_2">
		<description>Impressario 1.2 Developer's Kit</description>
		<year>1994</year>
		<publisher>Silicon Graphics</publisher>
		<disk name="impressario_developers_kit_1_2" sha1="93baab41eb190f10005819b13e2cd9d07a5aaf71" />
	</machine>
	<machine name="irix_4_0_5f">
		<description>IRIX 4.0.5F</description>
		<year>1992</year>
		<publisher>Silicon Graphics</publisher>
		<disk name="812_0064_012_irix_4_0_5f_sep1992" sha1="5af0c913a054d359c760174b01b4cd29548166a1" />
		<disk name="812_0078_010_irix_maintenance_4_0_5f_sep1992" sha1="2b41b5ab8bc224a4a77953cd932cc63cb1b9c44d" />
	</machine>
	<machine name="irix_5_3_d">
		<description>IRIX 5.3 with 175MHz and 2MB cache support</description>
		<year>1995</year>
		<publisher>Silicon Graphics</publisher>
		<disk name="irix_5_3_with_175mhz_and_2mb_cache_support" sha1="f1bb565b742c2cbfcda1a1ba9e4eb9fcbdd6b826" />
	</machine>
	<machine name="irix_5_3_e">
		<description>IRIX 5.3 for Indigo2 Impact</description>
		<year>1995</year>
		<publisher>Silicon Graphics</publisher>
		<disk name="irix_5_3_for_indigo2_impact" sha1="a857dc23fa68817ca1f2f18584b87f12b148db65" />
	</machine>
	<machine name="irix_6_0">
		<description>IRIX 6.0</description>
		<year>1994</year>
		<publisher>Silicon Graphics</publisher>
		<disk name="irix_6_0" sha1="b3796b241e488934e1ad5381db85e647e11c956c" />
	</machine>
	<machine name="irix_6_4">
		<description>IRIX 6.4 for Origin, Onyx2 and OCTANE</description>
		<year>1997</year>
		<publisher>Silicon Graphics</publisher>
		<disk name="irix_6_4_applications" sha1="9c52fb237c3cf562562f0254627841474367f0b7" />
	</machine>
	<machine name="irix_6_5_4">
		<description>IRIX 6.5.4</description>
		<year>1999</year>
		<publisher>Silicon Graphics</publisher>
		<disk name="worldview_japanese_6_5_4" sha1="24c590192217a3e87a4e48e4cfcc583f8f186425" />
	</machine>
	<machine name="irix_6_5_8">
		<description>IRIX 6.5.8</description>
		<year>2000</year>
		<publisher>SGI</publisher>
		<disk name="worldview_japanese_6_5_8" sha1="bacaead2cbfd2a0795c5ddfcb04b6b836cd57991" />
	</machine>
	<machine name="irix_6_5_10">
		<description>IRIX 6.5.10</description>
		<year>2000</year>
		<publisher>SGI</publisher>
		<disk name="worldview_japanese_6_5_10" sha1="4fcdc9a553812569c016e641103ac732a2f36282" />
	</machine>
	<machine name="irix_6_5_12">
		<description>IRIX 6.5.12</description>
		<year>2001</year>
		<publisher>SGI</publisher>
		<disk name="worldview_japanese_6_5_12" sha1="5ab5acb9b85c4380623f6668e71bb3893451bce9" />
	</machine>
	<machine name="irix_6_5_16">
		<description>IRIX 6.5.16</description>
		<year>2002</year>
		<publisher>SGI</publisher>
		<disk name="irix_6_5_16_freeware3" sha1="90fe6a1724be614d15de1319d6f1a48acec65384" />
	</machine>
	<machine name="irix_6_5_28">
		<description>IRIX 6.5.28</description>
		<year>2005</year>
		<publisher>SGI</publisher>
		<disk name="irix_6_5_28_doc" sha1="9e1c66e277c56be1181a3fdf789a808f19110069" />
	</machine>
	<machine name="irix_6_5_beta">
		<description>IRIX 6.5 Beta</description>
		<year>1998</year>
		<publisher>Silicon Graphics</publisher>
		<disk name="irix_6_5_beta_base_documentation" sha1="37fd308d630aa02fa8db2eeff985eed2a1e579cd" />
	</machine>
	<machine name="maint_3_10_comp">
		<description>3.10 Compilers Maintenance Update for IRIX 4.0.5</description>
		<year>1992</year>
		<publisher>Silicon Graphics</publisher>
		<disk name="3_10_compiler_maintenance_update" sha1="e66c03a7f8b651d26adc968a3ff2298fcf32deb1" />
	</machine>
	<machine name="megadev_3_0">
		<description>MegaDev 3.0</description>
		<year>1995</year>
		<publisher>Silicon Graphics</publisher>
		<disk name="megadev_3_0" sha1="dc764316673e388afe693243e4566c136e0cf8f5" />
	</machine>
	<machine name="mipspro_6_1">
		<description>MIPSpro 6.1</description>
		<year>1995</year>
		<publisher>Silicon Graphics</publisher>
		<disk name="812_0400_001_mipspro_cpp_6_1_jul1995" sha1="4eb6d33e9666e5d8b5ada2dbe9fa3b71620b77fa" />
		<disk name="812_0402_001_fortran_90_compiler_6_1_jul1995" sha1="56c216f27b7a43ab0c9c8d353358b6b11c48265d" />
		<disk name="812_0403_001_fortran_77_compiler_6_1_jul1995" sha1="452560cdc588027cc99580671280bd31fb7c4f95" />
	</machine>
	<machine name="mipspro_6_2">
		<description>MIPSpro 6.2</description>
		<year>1996</year>
		<publisher>Silicon Graphics</publisher>
		<disk name="812_0400_002_mipspro_cpp_6_2_mar1996" sha1="da667906b46340d8aec0338473b1c8d3fcc20ca6" />
	</machine>
	<machine name="mipspro_7_2_1">
		<description>MIPSpro 7.2.1 Compiler Patches June 1998 for IRIX 6.2, 6.3, 6.4 and 6.5</description>
		<year>1998</year>
		<publisher>Silicon Graphics</publisher>
		<disk name="mipspro_7_2_1_compiler_patches_jun1998" sha1="7f1842ebbdae7f942f6fbb6d5628550607758198" />
	</machine>
	<machine name="mipspro_7_3">
		<description>MIPSpro 7.3</description>
		<year>1999</year>
		<publisher>Silicon Graphics</publisher>
		<disk name="812_0924_001_compiler_execution_environment_7_3_may1999" sha1="7b48080b5f0551c03725115be61166ae4ebfc7a8" />
	</machine>
	<machine name="mipspro_7_4">
		<description>MIPSpro 7.4</description>
		<year>2002</year>
		<publisher>Silicon Graphics</publisher>
		<disk name="812_0400_010_mipspro_cpp_compiler_7_4_nov2002" sha1="5046c2f41762857ebd6c7d3df170ed95576412ab" />
		<disk name="812_0403_010_mipspro_fortran_77_compiler_7_4_nov2002" sha1="f149de4cb7e85febc7ba4b2538fdcc172b4af0ff" />
		<disk name="812_0707_010_mipspro_c_compiler_7_4_nov2002" sha1="24918ce875c7f79d88103312269f01ba71f236ac" />
		<disk name="812_0924_002_compiler_execution_environment_7_4_nov2002" sha1="3cf848658dc3570b4c384068e3ed99cc26d96d76" />
	</machine>
	<machine name="nfs_6_0">
		<description>Network File System 6.0</description>
		<year>1994</year>
		<publisher>Silicon Graphics</publisher>
		<disk name="network_file_system_6_0" sha1="e298a2a02a6407ef33b20fc054f13f55aaaf9a7c" />
	</machine>
	<machine name="nfs_6_1">
		<description>Network File System 6.1</description>
		<year>1995</year>
		<publisher>Silicon Graphics</publisher>
		<disk name="network_file_system_6_1" sha1="37ea5cac02f6f2e7a641c8629157841e667b540c" />
	</machine>
	<machine name="pascal_1_3_1">
		<description>Pascal Compiler 1.3.1</description>
		<year>1993</year>
		<publisher>Silicon Graphics</publisher>
		<disk name="812_0003_004_pascal_compiler_1_3_1_may1993" sha1="62598d4bf5780b859b0a2a5274e74f39a0b44a24" />
	</machine>
	<machine name="pascal_1_4_3">
		<description>Pascal Compiler 1.4.3</description>
		<year>1994</year>
		<publisher>Silicon Graphics</publisher>
		<disk name="812_0131_004_pascal_compiler_1_4_3_mar1994" sha1="d3da4d33871967f754a062a4274d96fe64733611" />
	</machine>
	<machine name="pascal_1_4_4">
		<description>Pascal Compiler 1.4.4</description>
		<year>1994</year>
		<publisher>Silicon Graphics</publisher>
		<disk name="812_0131_005_pascal_compiler_1_4_4_nov1994" sha1="11527b09d689163e5699c8f45a16b6a8e5cc1895" />
	</machine>
	<machine name="patch_5_1_1_3">
		<description>IRIX Patch 5.1.1.3</description>
		<year>1993</year>
		<publisher>Silicon Graphics</publisher>
		<disk name="irix_patch_5_1_1_3" sha1="445f36a88a9d8205cfc7e2208c9508519660e69b" />
	</machine>
	<machine name="patch_5_2_2">
		<description>IRIX 5.2 Patches #2</description>
		<year>1999</year>
		<publisher>Silicon Graphics</publisher>
		<disk name="irix_5_2_patches_2" sha1="bebb68aa3d276732bc570d8954c5bf7122e4bc4a" />
	</machine>
	<machine name="patch_5_3_indigo">
		<description>IRIX 5.3 Patches for Indigo2 250MHz R4400 EX/XZ/XL December 1995</description>
		<year>1995</year>
		<publisher>Silicon Graphics</publisher>
		<disk name="irix_5_3_indigo2_patches_december_1995" sha1="4536397a55670232c53868c065df5bc927c1b9fd" />
	</machine>
	<machine name="patch_5_3_onyx">
		<description>IRIX 5.3 Onyx RE/REII Patch December 1994</description>
		<year>1994</year>
		<publisher>Silicon Graphics</publisher>
		<disk name="irix_5_3_onyx_re_reii_patch_december_1994" sha1="561e518b99fe9443ebe3714cebfc06f57c3e5a75" />
	</machine>
	<machine name="patch_5_3_xfs">
		<description>IRIX 5.3 with XFS Patch CD</description>
		<year>1995</year>
		<publisher>Silicon Graphics</publisher>
		<disk name="irix_5_3_with_xfs_patch_cd" sha1="01eb55e30a4739e106af8a0de3ac1207fde0765d" />
	</machine>
	<machine name="patch_5_x_ip19">
		<description>IRIX 5.2, 5.3 and 5.3XFS IP19 Required Patch Set May 1996</description>
		<year>1996</year>
		<publisher>Silicon Graphics</publisher>
		<disk name="irix_5_2_5_3_ip19_required_patch_set_may1996" sha1="4028f2163b1c1d5bd82de246b32d1b5ad03d4202" />
	</machine>
	<machine name="patch_6_2_feb_97">
		<description>IP19/IP21/IP25 Patchsets 2/97 for IRIX 6.2</description>
		<year>1997</year>
		<publisher>Silicon Graphics</publisher>
		<disk name="patchsets_ip19_ip21_ip25_for_6_2_feb1997" sha1="57eebfdbc5acebbaacd349e9d0bdc5bedbfe9b3e" />
	</machine>
	<machine name="patch_6_2_fof">
		<description>IRIX 6.2 Fix on Fail Patches</description>
		<year>1998</year>
		<publisher>Silicon Graphics</publisher>
		<disk name="irix_6_2_fix_on_fail_patches_1_of_2" sha1="d697bc983791eb8a3d3b7981b616958ff6aa11b1" />
		<disk name="irix_6_2_fix_on_fail_patches_2_of_2" sha1="dae4c24648c87e71e6d5ef2f0baabba42e827ba0" />
	</machine>
	<machine name="patch_6_4_aug_97">
		<description>Octane I/O Patches for IRIX 6.4</description>
		<year>1997</year>
		<publisher>Silicon Graphics</publisher>
		<disk name="octane_io_patches_aug_1997" sha1="2529887bf404d72d2948466559297b753d553a44" />
	</machine>
	<machine name="patch_6_4_gbit">
		<description>IRIX 6.4 Gigabit Ethernet Patches</description>
		<year>1998</year>
		<publisher>Silicon Graphics</publisher>
		<disk name="irix_6_4_gigabit_ethernet_patches_jun1998" sha1="3130ad35248b797f3670a7c78bc21bffab83d492" />
	</machine>
	<machine name="patch_6_4_sep_99">
		<description>IRIX 6.4 Recommended/Required Patches September 1999</description>
		<year>1999</year>
		<publisher>Silicon Graphics</publisher>
		<disk name="irix_6_4_recommended_required_patches_sep1999_1_of_2" sha1="fe79ae50632d7fec5bb5aca5c79ac8036611b905" />
		<disk name="irix_6_4_recommended_required_patches_sep1999_2_of_2" sha1="5b1c80e46ad981bb007dfc127ded636562231711" />
	</machine>
	<machine name="power_c_2_0">
		<description>Power C 2.0</description>
		<year>1992</year>
		<publisher>Silicon Graphics</publisher>
		<disk name="812_0043_002_power_c_2_0" sha1="ee1c70e5b19254b4c463e361998e117e44920a71" />
	</machine>
	<machine name="power_c_2_1_1">
		<description>Power C 2.1.1</description>
		<year>1993</year>
		<publisher>Silicon Graphics</publisher>
		<disk name="812_0043_004_power_c_2_1_1" sha1="271ff07593f7df5a9a31942dc7cb2186085743f6" />
	</machine>
	<machine name="power_f77_4_0_1a">
		<description>Power Fortran Accelerator 4.0.1 03/1994</description>
		<year>1994</year>
		<publisher>Silicon Graphics</publisher>
		<disk name="812_0134_004_power_fortran_4_0_1_mar1994" sha1="824cf26ca96d4e582f79fc2bf98bc7b53824ed67" />
	</machine>
	<machine name="power_f77_4_0_1b">
		<description>Power Fortran Accelerator 4.0.1 04/1994</description>
		<year>1994</year>
		<publisher>Silicon Graphics</publisher>
		<disk name="812_0134_005_power_fortran_4_0_1_apr1994" sha1="d6aa34c3b82e0b52f7009813ee96a9e6567d8758" />
	</machine>
	<machine name="power_f77_6_0">
		<description>MIPSpro Power Fortran 77 6.0</description>
		<year>1994</year>
		<publisher>Silicon Graphics</publisher>
		<disk name="812_0294_001_power_fortran_77_6_0_aug1994" sha1="6e2027da97ab64edcf29c59e90d61bb325c6bd52" />
	</machine>
	<machine name="power_f77_6_1">
		<description>MIPSpro Power Fortran 77 6.1</description>
		<year>1995</year>
		<publisher>Silicon Graphics</publisher>
		<disk name="812_0395_001_power_fortran_77_6_1_jul1995" sha1="2b82800e92231b546335317d68f2e3489ed2d442" />
	</machine>
	<machine name="prodev_2_5_1">
		<description>ProDev Workshop 2.5.1</description>
		<year>1995</year>
		<publisher>Silicon Graphics</publisher>
		<disk name="prodev_workshop_2_5_1" sha1="a0b3c29153a57a896d5a31cce7024122b363b8ca" />
	</machine>
	<machine name="prodev_2_9_1">
		<description>ProDev Workshop 2.9.1</description>
		<year>2001</year>
		<publisher>Silicon Graphics</publisher>
		<disk name="prodev_workshop_2_9_1" sha1="bcced19fe2e955447fe380c5cc29db0663aad796" />
	</machine>
	<machine name="prodev_2_9_2">
		<description>ProDev Workshop 2.9.2</description>
		<year>2002</year>
		<publisher>Silicon Graphics</publisher>
		<disk name="prodev_workshop_2_9_2" sha1="46e0d62297d264c1e690ba6656ac1573ffe0e929" />
	</machine>
	<machine name="rapidapp_1_1">
		<description>RapidApp 1.1</description>
		<year>1995</year>
		<publisher>Silicon Graphics</publisher>
		<disk name="rapidapp_1_1" sha1="5b9e1d9f3a3f8b2f6bf17596272a1433da82f7e6" />
	</machine>
	<machine name="scsl_1_3">
		<description>SCSL Scientific Library 1.3 for IRIX 6.4 and 6.5</description>
		<year>2000</year>
		<publisher>Silicon Graphics</publisher>
		<disk name="scsl_scientific_library_1_3_for_irix_6_4_and_6_5" sha1="80395066fcc68a110df51f1da9871ba37ca79c51" />
	</machine>
	<machine name="silicon_artfx">
		<description>Silicon ArtFX - Produced by the Multimedia Design Group of the Corporate Marketing Division</description>
		<year>199?</year>
		<publisher>Silicon Graphics</publisher>
		<disk name="silicon_art_fx" sha1="4b0069a100926cac8ddabb828e7af8df1fab6c4c" />
	</machine>
	<machine name="sirius_video_6_0">
		<description>Sirius Video 6.0</description>
		<year>1994</year>
		<publisher>Silicon Graphics</publisher>
		<disk name="sirius_video_6_0" sha1="85c31f427d7172fbb1bc2817224825c304e059f8" />
	</machine>
	<machine name="tido_4_0_5epl">
		<description>Trusted IRIS Development Option 4.0.5 EPL"</description>
		<year>1995</year>
		<publisher>Silicon Graphics</publisher>
		<disk name="trusted_iris_development_option_4_0_5_epl" sha1="725ccab5e805f4a1ab763bff68e6a88a2f203f57" />
	</machine>
	<machine name="tirix_4_0_4">
		<description>Trusted IRIX /B 4.0.4</description>
		<year>1992</year>
		<publisher>Silicon Graphics</publisher>
		<disk name="trusted_irix_b_4_0_4" sha1="4fb9bc877714fcc0eda844811feabdcfeb1ffa8c" />
	</machine>
	<machine name="tirix_4_0_5epl">
		<description>Trusted IRIX /B 4.0.5 EPL</description>
		<year>1995</year>
		<publisher>Silicon Graphics</publisher>
		<disk name="trusted_irix_b_4_0_5_epl" sha1="b6f24f0a046a242804da720022de87b35d4ac582" />
	</machine>
	<machine name="varsity_up_08_98">
		<description>Varsity Update August 1998 for IRIX 6.2, 6.3, 6.4 and 6.5</description>
		<year>1998</year>
		<publisher>Silicon Graphics</publisher>
		<disk name="varsity_update_aug1998" sha1="daaed02460b34fdeaff43b69660e9ab54d86a0d0" />
	</machine>
	<machine name="workshop_mpf_2_5">
		<description>WorkShop Pro MPF 2.5</description>
		<year>1995</year>
		<publisher>Silicon Graphics</publisher>
		<disk name="workshop_pro_mpf_2_5_ada_extensions_1_1" sha1="7de9bb3f4f759d3082c8bd7ef80757c289438041" />
		<disk name="workshop_pro_mpf_2_5" sha1="f2c5c129c7931d5c41662e53b7b021409ed5fcd2" />
	</machine>
</datafile>