<?xml version="1.0" encoding="utf-8"?>
<!DOCTYPE datafile PUBLIC "-//Logiqx//DTD ROM Management Datafile//EN" "http://www.logiqx.com/Dats/datafile.dtd">
<datafile>
	<header>
		<name>MAME - Update ROMs (v0.236 to v0.237)</name>
		<description>MAME - Update ROMs (v0.236 to v0.237)</description>
		<version></version>
		<author></author>
	</header>
	<machine name="amidarc">
		<description>Amidar (Cirsa bootleg)</description>
		<year>1982</year>
		<manufacturer>bootleg (Cirsa)</manufacturer>
		<rom name="amigal-a-bottom-2732.bin" size="4096" crc="9b142b3c" sha1="24fef85d14c1ff598a90909f5e0a03ccf47ea109" />
		<rom name="amigal-a-upper-2716.bin" size="2048" crc="f1944274" sha1="2e11469376461594b51bc8aeae0413b25ec53dee" />
		<rom name="amigal-c-2732.bin" size="4096" crc="76e2512b" sha1="2418feb9389bf6d464258580d6f89904574b64e4" />
		<rom name="amigal-f-2732.bin" size="4096" crc="5871842d" sha1="a1f4209a80e22372d8d1c69589ba843354db9b58" />
		<rom name="amigal-h-2732.bin" size="4096" crc="8f774d5a" sha1="215cf47e073e9e2e042d7564d426675e1cd4f884" />
	</machine>
	<machine name="asukaj">
		<description>Asuka &amp; Asuka (Japan, version 1)</description>
		<year>1988</year>
		<manufacturer>Taito Corporation</manufacturer>
		<rom name="b68-08-1.ic8" size="131072" crc="e916f17b" sha1="f5b662ac1533c76beac501a053528a595f36258a" />
		<rom name="b68-09-1.ic23" size="131072" crc="d61be555" sha1="c1c711df1f39ae6ec9ee964c93fa4d7ef46cd271" />
	</machine>
	<machine name="blandia">
		<description>Blandia</description>
		<year>1992</year>
		<manufacturer>Allumer</manufacturer>
		<rom name="ux-015.u206" size="279" crc="08cddbdd" sha1="c7330b96375f96406c63abe5d17d02e84828d884" />
		<rom name="ux-016.u116" size="279" crc="9734f1af" sha1="e7299892a26e9e8ee607ece93cefdee19a13ffae" />
		<rom name="ux-017.u14" size="279" crc="9e95d8d5" sha1="f7e7250e9aa6fc1c14874230a5b0019704e54c4c" />
		<rom name="ux-018.u35" size="279" crc="c9579473" sha1="ff65a5ed840b60bd8416ae7e11805635bfcec9ad" />
		<rom name="ux-019.u36" size="279" crc="d85c359d" sha1="251c1fc833c1be6b15e70240cbb6c997443baea3" />
		<rom name="ux-020.u76" size="279" crc="116278bf" sha1="e34bceab30dce17c2a9cb0bf51a5eda0a89da08c" />
	</machine>
	<machine name="boatrace" ismechanical="yes">
		<description>Exciting Boat Race</description>
		<year>1993</year>
		<manufacturer>Sega</manufacturer>
		<rom name="epr-15892.ic13" size="131072" crc="3a178efc" sha1="21b0fa0f962bb0b882d8a9649863fdfb4ecb63db" />
		<rom name="epr-15893.ic14" size="524288" crc="4cf30c7b" sha1="20e9432ec0e55451bce1b193c030707216141f96" />
		<rom name="epr-15894.ic15" size="524288" crc="60adad47" sha1="7a8f373c2d225794c85ee0e7354ace35e757ffa2" />
		<rom name="epr-15895.ic16" size="524288" crc="a6bf6eff" sha1="1a3280464b0b449521d64df665d889c35d6f1fc5" />
	</machine>
	<machine name="bucanera">
		<description>Buccaneer (set 2)</description>
		<year>1981</year>
		<manufacturer>hack (Video Research)</manufacturer>
		<rom name="8.6p" size="2048" crc="e037834d" sha1="98e68e7f8d32dcebfb03cf41802c1b0763d7c1c6" />
		<rom name="9.5e" size="2048" crc="f814796f" sha1="0bf4fefca235d3b079861e78298508ee03e1b029" />
	</machine>
	<machine name="cityatta">
		<description>City Attack (Petaco S.A., bootleg of Pleiads)</description>
		<year>1981</year>
		<manufacturer>bootleg (Petaco S.A.)</manufacturer>
		<rom name="4-2716.bin" size="2048" crc="bcda59ae" sha1="04dd7139ef8b337b3e1dccddc52280eb6905b179" />
		<rom name="11-2716.bin" size="2048" crc="6694a80f" sha1="754076f26d783eb6327b9c5c1e3a3f7814e22a76" />
	</machine>
	<machine name="cosmica23">
		<description>Cosmic Alien (version II, set 3)</description>
		<year>1979</year>
		<manufacturer>Universal</manufacturer>
		<rom name="1-al2019-2516.e3" size="2048" crc="2303333f" sha1="b37e46044daa4cd9ac4ccc9fbb27eb7789d76399" />
		<rom name="2-al202a-2516.e4" size="2048" crc="20710582" sha1="8a7b8c724cfd09dbc242fd57b23742da8fc51580" />
		<rom name="3-al2019-2516.e5" size="2048" crc="b25d24b4" sha1="30746493738c715080b62b1718f110b9a790ffb2" />
		<rom name="4-2516.e6" size="2048" crc="51834cd9" sha1="5c3cd942c1447d60ee189224b2ced046419f51e7" />
		<rom name="5-al2019-2516.e7" size="2048" crc="e2b6680f" sha1="e672d9c1612d34b43167fc5502e8131846da60e7" />
	</machine>
	<machine name="csce">
		<description>Elite Champion Challenger</description>
		<year>1981</year>
		<manufacturer>Fidelity Electronics</manufacturer>
		<rom name="black" size="4096" crc="4eec7f71" sha1="b11e10492451fe6790deb6177c90a9fb037e4ec6" />
		<rom name="blue" size="2048" crc="49a915c8" sha1="cfc04dbc2bc780297e5fd24f756c3d1e635b25e6" />
		<rom name="brown" size="2048" crc="a70f4c20" sha1="a990336726504d480dbb52e695483d39fb00a60e" />
		<rom name="green" size="2048" crc="7537f682" sha1="6db262aeea6686a65fe4f6f6c3de034bc9859748" />
		<rom name="orange" size="4096" crc="53348363" sha1="8465cb15d7d25e7172150774bb1c38caed9c720d" />
		<rom name="red" size="2048" crc="fcdd072b" sha1="41571d96a7465d3e4a6ce7746e4002fe71173216" />
		<rom name="yellow" size="4096" crc="51b9694b" sha1="46582eb168f1e33fd05dd1554590351355e8afa4" />
	</machine>
	<machine name="ctk551">
		<description>CTK-551</description>
		<year>1999</year>
		<manufacturer>Casio</manufacturer>
		<rom name="ctk551.lsi2" size="1048576" crc="66fc34cd" sha1="47e9559edc106132f8a83462ed17a6c5c3872157" />
	</machine>
	<machine name="floritasm">
		<description>Floritas (Multivideo Spanish Moon Cresta bootleg)</description>
		<year>1980</year>
		<manufacturer>bootleg (Multivideo)</manufacturer>
		<rom name="rom1-2716.bin" size="2048" crc="f82b5b29" sha1="cd3336b690bb2af6c741a46e6cf96371b21c7373" />
		<rom name="rom2-2716.bin" size="2048" crc="ee234f00" sha1="55576f571bf7683e3ad79fc98c55cf39172920df" />
		<rom name="rom3-2716.bin" size="2048" crc="4e384771" sha1="7a1a0588e431fd3382208747999366e35729d1e3" />
		<rom name="rom4-2716.bin" size="2048" crc="27f7cda1" sha1="4d2eef64eddc021179b7e6fe7b8b40bc969491cb" />
		<rom name="rom6-2716.bin" size="2048" crc="811f2e0d" sha1="41064425561cc516802f1797c84c8783828951dd" />
		<rom name="rom7-2716.bin" size="2048" crc="36a25d93" sha1="02b29d6baae1d275af156222369429035e114ce2" />
		<rom name="rom8-2716.bin" size="2048" crc="bead5e83" sha1="86d40eb5c16d1b9c9e7114af3eefedb50bd16cde" />
	</machine>
	<machine name="guttangts3">
		<description>Guttang Gottong (Sede 3 bootleg on Galaxian hardware)</description>
		<year>1982</year>
		<manufacturer>bootleg (Sede 3)</manufacturer>
		<rom name="3g-2716.bin" size="2048" crc="0bf9dea8" sha1="fc2e7870b2459c6c448f90642d6ca13b2dcdbb11" />
		<rom name="3h-trg6-2716.bin" size="2048" crc="6b649460" sha1="dad706dff1e1d7c530ffc320b8ee1bf91823de2a" />
		<rom name="5g-2516.bin" size="2048" crc="1f9dd8fb" sha1="d48dc76e059235c417ccf58b2e1a8d8d94236f80" />
		<rom name="5h-2516.bin" size="2048" crc="716fe0e8" sha1="35d02d27768782f80956097af8ee691460445828" />
		<rom name="6g-2516.bin" size="2048" crc="6f053e71" sha1="a77fffb55d1fbdb5e6da76d9bbb59d3ce70a4f62" />
		<rom name="6h-trg8-2716.bin" size="2048" crc="f65edad1" sha1="ac09ca51babf3fd06f4c81bc67de103418ecc489" />
		<rom name="7a-2732.bin" size="4096" crc="790e09d3" sha1="74f8c2bb1cdc0be5c1590255223327c8e43ff2c8" />
		<rom name="7g-2716.bin" size="2048" crc="aa62ba8c" sha1="43f10497a75c46a63c9b6145caf860d4cdfe9f47" />
		<rom name="7h-2716.bin" size="2048" crc="d18b8e78" sha1="7dd1c5ec025b755a0396cf5412e98fbae3f5a8a0" />
		<rom name="8g-trg9-2716.bin" size="2048" crc="1ee689b8" sha1="53072f9274574dd4f42cfce4755a9cd281970606" />
		<rom name="9a-tr1-2732.bin" size="4096" crc="2003b2b2" sha1="6b232424ad4d696b398d1ffa03c6cb82a4d09533" />
		<rom name="9g-tbp28l22.bin" size="256" crc="1093293a" sha1="71f436c9e670cdc8de03363d118d1d83e4b7048f" />
		<rom name="pal16l8cn.11j" size="279" crc="c75e94db" sha1="3ecf73884691c44e211b1cfaead3d79baa394b7b" status="baddump" />
	</machine>
	<machine name="icecoldf" ismechanical="yes">
		<description>Ice Cold Beer (set 2)</description>
		<year>1983</year>
		<manufacturer>Taito</manufacturer>
		<rom name="icb23b_f.bin" size="8192" crc="6fe73c9d" sha1="24b60da1fc791844601bd9a7628fde195e9e9644" />
	</machine>
	<machine name="jlasvegas">
		<description>Las Vegas (Jeutel, set 1)</description>
		<year>198?</year>
		<manufacturer>Jeutel</manufacturer>
		<rom name="sea_1_2716.bin" size="2048" crc="e49ce839" sha1="07e2cc5129825c3c241890b7d75ddb7a7af7fef1" />
		<rom name="sea_2_2716.bin" size="2048" crc="d675a0a6" sha1="b9d2efcb33f9ffde394cf3360fb863cd8a7e946d" />
	</machine>
	<machine name="jlasvegasa">
		<description>Las Vegas (Jeutel, set 2)</description>
		<year>198?</year>
		<manufacturer>Jeutel</manufacturer>
		<rom name="pk5_2716.bin" size="2048" crc="f9756009" sha1="88bfb5482510751a2f7e6bb7824342f2469aeea1" />
	</machine>
	<machine name="kingyo">
		<description>Yataimura Kingyosukui (1-player, Japan, Ver 1.005)</description>
		<year>2009</year>
		<manufacturer>Sega</manufacturer>
		<rom name="317-5151-jpn.ic15" size="2048" crc="d29c911a" sha1="5e256fd90e6ce039dd065dfc74d3aff999c46de0" />
		<rom name="ic62" size="16777216" crc="02f8ee37" sha1="b3c3e28a25d73a5d465e3ac72a393dc8036fe4d4" />
		<rom name="ic63" size="16777216" crc="98b1738a" sha1="f5e300e7179d9df0bd50055b0c7a780934b526ab" />
		<rom name="ic64" size="16777216" crc="27998de0" sha1="12321f42472c96461e970287e3edf6a685577350" />
		<rom name="ic65" size="16777216" crc="548b3a81" sha1="071f3373050b75931027f1ef3e1197acb9f069e4" />
	</machine>
	<machine name="komemokos">
		<description>Komemokos ('Pac-Man (Cirsa, Spanish bootleg)' hack)</description>
		<year>199?</year>
		<manufacturer>hack</manufacturer>
		<rom name="a-cc-tms2532.bin" size="4096" crc="9f4bb149" sha1="a1014d779424091afe3fda3f726d9d9657524749" />
		<rom name="am2716.bin" size="2048" crc="ce153274" sha1="f53b323ea838cd833955144e7ee91a4634c6ea07" />
		<rom name="b-cc-tms2532.bin" size="4096" crc="b3d4b7d9" sha1="1497353fffeee18843e7944a53852424cc9452c6" />
		<rom name="c-cc-tms2532.bin" size="4096" crc="be402132" sha1="5f14429ebe6f9a68f4be3a5226707df8fcfc5bf3" />
		<rom name="f-cc-tms2532.bin" size="4096" crc="664cd028" sha1="f1208bce9626f00e875017ba14f7c79405b4101f" />
		<rom name="h-cc-tms2532.bin" size="4096" crc="0bd4b686" sha1="4cd4ae40ff583dcb2fc9badae2c69c26ab19ac85" />
		<rom name="i-cc-tms2532.bin" size="4096" crc="f567b3a1" sha1="3c2d29df89d4bb0fa367db8178ec259664395496" />
	</machine>
	<machine name="ks32">
		<description>KS-32</description>
		<year>1992</year>
		<manufacturer>Ensoniq</manufacturer>
		<rom name="ks32v3pt00lower.bin" size="65536" crc="c347708e" sha1="637e1a5c0a62f4d5726363bdb782448ca9637afc" />
		<rom name="ks32v3pt00upper.bin" size="131072" crc="8c56c88f" sha1="4424f39f74f067f15030b8d4a90d9ace8ea14677" />
		<rom name="ks32v301lower.bin" size="65536" crc="de37e49c" sha1="fd5a25e23ff217a5926daae4f57dd966d392d26d" />
		<rom name="ks32v301upper.bin" size="131072" crc="d8249b32" sha1="8712cf2c63a31c00e98fa42e518093cac51f5214" />
	</machine>
	<machine name="laser128o">
		<description>Laser 128 (original hardware)</description>
		<year>1987</year>
		<manufacturer>Video Technology</manufacturer>
		<rom name="laser 128 v2.9 870203.bin" size="32768" crc="7e12fe93" sha1="d7be7ba05725111354e4bdbaaef620a2a8ea65f7" />
		<rom name="laser 128 v3.0 870320.bin" size="32768" crc="145d39ff" sha1="087e992548c2e9849d4262a0eb505548f846c7f5" />
		<rom name="laser 128 v3.3 871212.bin" size="32768" crc="3f5deffe" sha1="4e7195b941c51ba83d5ef16e1f78e3f62bccd8cd" />
		<rom name="laser 128 video rom vt27-0706-0.bin" size="8192" crc="7884cc0f" sha1="693a0a66191465825b8f7b5e746b463f3000e9cc" />
		<rom name="laser 128 860801.bin" size="32768" crc="a88c2fcf" sha1="ec163bb6e7e07cb256e0ed0f8d148cf85313e9f9" />
		<rom name="laser 128 860915.bin" size="32768" crc="8d1a181d" sha1="8fae95776c3d8a581c621cd258e118b8dfdb0cfd" />
	</machine>
	<machine name="laser128">
		<description>Laser 128</description>
		<year>1987</year>
		<manufacturer>Video Technology</manufacturer>
		<rom name="laser 128 v4.1 870724.bin" size="32768" crc="ce087911" sha1="f6dba711f0d727f1d13b0256f10ba62bde6d7f5b" />
		<rom name="laser 128 v4.3 871222.bin" size="32768" crc="e091af13" sha1="3232f7036a68b996fd4126d5e19e855c4d5c64df" />
	</machine>
	<machine name="loveber3cn">
		<description>Love And Berry - 3rd-5th Collection (China, Ver 1.001) (MDA-C0071)</description>
		<year>2010</year>
		<manufacturer>Sega</manufacturer>
		<rom name="317-0446-com.ic15" size="2048" crc="9e519dc6" sha1="69a1efc81c9dc44fcb8fc9c17bd7f879d3259950" />
	</machine>
	<machine name="luna">
		<description>Luna</description>
		<year>1989?</year>
		<manufacturer>Omron</manufacturer>
		<rom name="0283__ac__8117__1.05.ic88" size="131072" crc="c46dec54" sha1="22ef9274f4ef85d446d56cce13a68273dc55f10a" />
	</machine>
	<machine name="m4esctbg" ismechanical="yes">
		<description>Escalera Tobogan (MPU4, set 1)</description>
		<year>1994</year>
		<manufacturer>Vifico</manufacturer>
		<rom name="pal16l8d-2pc.ic7" size="260" crc="e8e7ccde" sha1="b1ece0d51003c794f00655a8c52e5f7fd843b4c5" />
	</machine>
	<machine name="manpuku">
		<description>Manpuku Suizokukan</description>
		<year>2013</year>
		<manufacturer>Sega</manufacturer>
		<rom name="317-0640-jpn.ic15" size="2048" crc="2fe1e48c" sha1="50a684afd3bdcf0eff59df859d6ebb3b8534ec07" />
		<rom name="ic62" size="67108864" crc="a6712d70" sha1="afbcf4dca754600d632de3ae14f578652be7ba83" />
	</machine>
	<machine name="meteora">
		<description>Meteor (Alca bootleg of Moon Cresta)</description>
		<year>1980?</year>
		<manufacturer>bootleg (Alca)</manufacturer>
		<rom name="mr01.5" size="2048" crc="0f08057e" sha1="0e8a781f8ad5045f1924c4a2b1b3378afe29e94b" />
		<rom name="mr06.19" size="2048" crc="d2a740b2" sha1="76a607ebca9956dc93ae751345c7b6870a25d408" />
	</machine>
	<machine name="ms1600">
		<description>Micro-SEP 1600</description>
		<year>1987</year>
		<manufacturer>ILCE / SEP</manufacturer>
		<rom name="ms1600.rom" size="32768" crc="66f0fafc" sha1="6e709b8b44aa34a3235a889eb1c3615c0235c3d0" />
	</machine>
	<machine name="pc6601sr">
		<description>PC-6601SR "Mr. PC" (Japan)</description>
		<year>1984</year>
		<manufacturer>NEC</manufacturer>
		<rom name="basicrom.68" size="32768" crc="516b1be3" sha1="e9977fc13f65f009f03d0340b1f1eb9a3e586739" />
		<rom name="cgrom60.68" size="8192" crc="331473a9" sha1="361836f9758d6d9b5133c9dc7860a7c74f9cf596" />
		<rom name="cgrom66.68" size="8192" crc="03ba2cf1" sha1="6fb32a4332b26aba2f28c3d8872cac5606be3998" />
		<rom name="sysrom2.68" size="8192" crc="07318218" sha1="061f3e7d6c85a560846856feb55fdc0a1f561548" />
		<rom name="voicerom.68" size="16384" crc="37ff3829" sha1="f887e95e29d071df8329168b48c07b78e492c837" />
	</machine>
	<machine name="pengo6">
		<description>Pengo (set 6, encrypted)</description>
		<year>1982</year>
		<manufacturer>Sega</manufacturer>
		<rom name="epr-1701a.ic8" size="4096" crc="6ad6b227" sha1="818f061009597d467af0156aa7e6e367369c421b" />
		<rom name="epr-1702.ic7" size="4096" crc="cea1e8d1" sha1="ac04d55c8cf20db9edc80788424b5c0c3b4ff446" />
		<rom name="epr-1703.ic15" size="4096" crc="bc1cd590" sha1="324160537b8aaaf3d5c0b0587c99b440f38dcb74" />
	</machine>
	<machine name="pengob">
		<description>Pengo (bootleg)</description>
		<year>1982</year>
		<manufacturer>bootleg</manufacturer>
		<rom name="3" size="8192" crc="9269931d" sha1="d77fbbf1baddcdb5d0c4ae6cd750ee2bf6efb9bf" />
		<rom name="4" size="8192" crc="10e36e9e" sha1="b4e91deb020c97c7d9eb70d4643c5245485533e7" />
	</machine>
	<machine name="s80btest" ismechanical="yes">
		<description>System 80B Test</description>
		<year>198?</year>
		<manufacturer>Gottlieb</manufacturer>
		<rom name="testy.snd" size="8192" crc="bd998860" sha1="8a23376cc646c9854af204e32034bf40ebe23656" />
	</machine>
	<machine name="sfz2alr1">
		<description>Street Fighter Zero 2 Alpha (Asia 960805)</description>
		<year>1996</year>
		<manufacturer>Capcom</manufacturer>
		<rom name="szaa.03a" size="524288" crc="9f67c585" sha1="ff2196e1bf142230972dec7b70ffd2b35c4600b0" />
		<rom name="szaa.04a" size="524288" crc="5a447a54" sha1="4f5463209e753af2ab8b66ac34903ef409020b21" />
	</machine>
	<machine name="smoto13">
		<description>Super Rider (v1.3)</description>
		<year>1996</year>
		<manufacturer>Subsino</manufacturer>
		<rom name="rider out_1 ver1.3.u18" size="65536" crc="45a9ebb2" sha1="216be0d93a9787593578343277fa82f2d8a2e75c" />
		<rom name="rider rom_2 ver1.0.u17" size="131072" crc="b0d3ec58" sha1="c10008993c0b9368164e537386d14cb5e9aaf761" />
		<rom name="rider rom_3 ver1.0.u16" size="131072" crc="511cccaa" sha1="6d47f3d90049c141202c864a8ef6ed7d5a9077a4" />
	</machine>
	<machine name="spacfurybl">
		<description>Advisor (Italian bootleg of Space Fury)</description>
		<year>1981</year>
		<manufacturer>bootleg</manufacturer>
		<rom name="pcb4.u1" size="4096" crc="264a8ce9" sha1="b076bbc28d8fca62da3c5d7c4dd41a458f582262" />
		<rom name="pcb4.u2" size="4096" crc="1fa35e34" sha1="7c817d67114190f893a5b89340afd9e3b5fd0661" />
		<rom name="pcb4.u3" size="4096" crc="223f191e" sha1="8504bccc94932eb82eeee81f52284977e5dc3572" />
		<rom name="pcb4.u4" size="4096" crc="78981cf5" sha1="0d73a4608411230ebb12aef6418f13583101d6aa" />
		<rom name="pcb4.u17" size="2048" crc="a757a577" sha1="abc630107e69e4a6d6a935928f4be7da7fa10b04" />
		<rom name="pcb5.u25" size="2048" crc="abad45c2" sha1="d7999e9320189b217e6e8a220dcf7c4f39b9c8e4" />
		<rom name="pcb6.2" size="2048" crc="2a4d4fcd" sha1="905299874843514f671f7dc7d0677a142608cf21" />
		<rom name="pcb6.3" size="2048" crc="44a54f89" sha1="0c36e573d6f42236fcacd3f729522b1994f21aa4" />
		<rom name="pcb6cpu.1" size="1024" crc="cb4f9737" sha1="4ad61b1611560479308b602342279aee34cd7d09" />
	</machine>
	<machine name="speedbsk" ismechanical="yes">
		<description>Speed Basketball</description>
		<year>1992</year>
		<manufacturer>Sega</manufacturer>
		<rom name="epr-14666.ic25" size="32768" crc="9f6d896a" sha1="d7133f7bc8225bca14249d354f35ed2e9290567a" />
		<rom name="epr-14711.ic13" size="131072" crc="9b4322c5" sha1="f68238a85c10528f87d90d383eed64bef9feacde" />
		<rom name="mpr-14712-t.ic14" size="524288" crc="4b05f4ba" sha1="5915d735a6bdf55e651a24342f1ded9c54f5c495" />
		<rom name="mpr-14713-t.ic15" size="524288" crc="16950cda" sha1="e32413f9585d31624d05d0e594e70bbc7273eb06" status="baddump" />
	</machine>
	<machine name="sun4_25">
		<description>SPARCstation ELC (Sun 4/25)</description>
		<year>1992</year>
		<manufacturer>Sun Microsystems</manufacturer>
		<rom name="520-3085-03.rom" size="262144" crc="faafaf0d" sha1="23a1b78392883b06eff9f7828e955399b6daa3d6" />
	</machine>
	<machine name="trthuball">
		<description>Thunder Ball</description>
		<year>1983</year>
		<manufacturer>Tronica</manufacturer>
		<rom name="trthuball.svg" size="175018" crc="3404cc1d" sha1="4cebe3c742c6947c6fddb8a84ae2f7d0cea1b527" />
	</machine>
	<machine name="winspikea">
		<description>Winning Spike (ver AAA)</description>
		<year>1997</year>
		<manufacturer>Konami</manufacturer>
		<rom name="705aaa02.31b" size="524288" crc="43d1bad9" sha1="e7c9c50270112e027f88d05e664c35abedc6b2e2" />
		<rom name="705aaa03.27b" size="524288" crc="2af78cca" sha1="9f6fa586cd4cd0a3e863d67d1bc1d67d35e21ca8" />
	</machine>
</datafile>